80
1.000000 0.000000 0.000000 0.000000 0.000000 0.000000 0.000000 0.000000 0.000000 0.000000 0.000000 0.000000 0.000000 0.000000 0.000000 0.000000 0.000000 0.000000 0.000000 0.000000 0.000000 0.000000 0.000000 0.000000 0.000000 0.000000 0.000000 0.000000 0.000000 0.000000 0.000000 0.000000 0.000000 0.000000 0.000000 0.000000 0.000000 0.000000 0.000000 0.000000 0.000000 0.000000 0.000000 0.000000 0.000000 0.000000 0.000000 0.000000 0.000000 0.000000 0.000000 0.000000 0.000000 0.000000 0.000000 0.000000 0.000000 0.000000 0.000000 0.000000 0.000000 0.000000 0.000000 0.000000 0.000000 0.000000 0.000000 0.000000 0.000000 0.000000 0.000000 0.000000 0.000000 0.000000 0.000000 0.000000 0.000000 0.000000 0.000000 0.000000 
2.519700 1.000000 0.000000 0.000000 0.000000 0.000000 0.000000 0.000000 0.000000 0.000000 0.000000 0.000000 0.000000 0.000000 0.000000 0.000000 0.000000 0.000000 0.000000 0.000000 0.000000 0.000000 0.000000 0.000000 0.000000 0.000000 0.000000 0.000000 0.000000 0.000000 0.000000 0.000000 0.000000 0.000000 0.000000 0.000000 0.000000 0.000000 0.000000 0.000000 0.000000 0.000000 0.000000 0.000000 0.000000 0.000000 0.000000 0.000000 0.000000 0.000000 0.000000 0.000000 0.000000 0.000000 0.000000 0.000000 0.000000 0.000000 0.000000 0.000000 0.000000 0.000000 0.000000 0.000000 0.000000 0.000000 0.000000 0.000000 0.000000 0.000000 0.000000 0.000000 0.000000 0.000000 0.000000 0.000000 0.000000 0.000000 0.000000 0.000000 
-1.562723 2.575925 1.000000 0.000000 0.000000 0.000000 0.000000 0.000000 0.000000 0.000000 0.000000 0.000000 0.000000 0.000000 0.000000 0.000000 0.000000 0.000000 0.000000 0.000000 0.000000 0.000000 0.000000 0.000000 0.000000 0.000000 0.000000 0.000000 0.000000 0.000000 0.000000 0.000000 0.000000 0.000000 0.000000 0.000000 0.000000 0.000000 0.000000 0.000000 0.000000 0.000000 0.000000 0.000000 0.000000 0.000000 0.000000 0.000000 0.000000 0.000000 0.000000 0.000000 0.000000 0.000000 0.000000 0.000000 0.000000 0.000000 0.000000 0.000000 0.000000 0.000000 0.000000 0.000000 0.000000 0.000000 0.000000 0.000000 0.000000 0.000000 0.000000 0.000000 0.000000 0.000000 0.000000 0.000000 0.000000 0.000000 0.000000 0.000000 
0.642862 -0.462677 -0.297428 1.000000 0.000000 0.000000 0.000000 0.000000 0.000000 0.000000 0.000000 0.000000 0.000000 0.000000 0.000000 0.000000 0.000000 0.000000 0.000000 0.000000 0.000000 0.000000 0.000000 0.000000 0.000000 0.000000 0.000000 0.000000 0.000000 0.000000 0.000000 0.000000 0.000000 0.000000 0.000000 0.000000 0.000000 0.000000 0.000000 0.000000 0.000000 0.000000 0.000000 0.000000 0.000000 0.000000 0.000000 0.000000 0.000000 0.000000 0.000000 0.000000 0.000000 0.000000 0.000000 0.000000 0.000000 0.000000 0.000000 0.000000 0.000000 0.000000 0.000000 0.000000 0.000000 0.000000 0.000000 0.000000 0.000000 0.000000 0.000000 0.000000 0.000000 0.000000 0.000000 0.000000 0.000000 0.000000 0.000000 0.000000 
-1.152884 -2.828536 -0.525606 2.251203 1.000000 0.000000 0.000000 0.000000 0.000000 0.000000 0.000000 0.000000 0.000000 0.000000 0.000000 0.000000 0.000000 0.000000 0.000000 0.000000 0.000000 0.000000 0.000000 0.000000 0.000000 0.000000 0.000000 0.000000 0.000000 0.000000 0.000000 0.000000 0.000000 0.000000 0.000000 0.000000 0.000000 0.000000 0.000000 0.000000 0.000000 0.000000 0.000000 0.000000 0.000000 0.000000 0.000000 0.000000 0.000000 0.000000 0.000000 0.000000 0.000000 0.000000 0.000000 0.000000 0.000000 0.000000 0.000000 0.000000 0.000000 0.000000 0.000000 0.000000 0.000000 0.000000 0.000000 0.000000 0.000000 0.000000 0.000000 0.000000 0.000000 0.000000 0.000000 0.000000 0.000000 0.000000 0.000000 0.000000 
-0.472300 3.401942 0.603215 -3.552308 0.213784 1.000000 0.000000 0.000000 0.000000 0.000000 0.000000 0.000000 0.000000 0.000000 0.000000 0.000000 0.000000 0.000000 0.000000 0.000000 0.000000 0.000000 0.000000 0.000000 0.000000 0.000000 0.000000 0.000000 0.000000 0.000000 0.000000 0.000000 0.000000 0.000000 0.000000 0.000000 0.000000 0.000000 0.000000 0.000000 0.000000 0.000000 0.000000 0.000000 0.000000 0.000000 0.000000 0.000000 0.000000 0.000000 0.000000 0.000000 0.000000 0.000000 0.000000 0.000000 0.000000 0.000000 0.000000 0.000000 0.000000 0.000000 0.000000 0.000000 0.000000 0.000000 0.000000 0.000000 0.000000 0.000000 0.000000 0.000000 0.000000 0.000000 0.000000 0.000000 0.000000 0.000000 0.000000 0.000000 
1.091764 0.732660 -0.102993 -1.260455 0.238674 1.786964 1.000000 0.000000 0.000000 0.000000 0.000000 0.000000 0.000000 0.000000 0.000000 0.000000 0.000000 0.000000 0.000000 0.000000 0.000000 0.000000 0.000000 0.000000 0.000000 0.000000 0.000000 0.000000 0.000000 0.000000 0.000000 0.000000 0.000000 0.000000 0.000000 0.000000 0.000000 0.000000 0.000000 0.000000 0.000000 0.000000 0.000000 0.000000 0.000000 0.000000 0.000000 0.000000 0.000000 0.000000 0.000000 0.000000 0.000000 0.000000 0.000000 0.000000 0.000000 0.000000 0.000000 0.000000 0.000000 0.000000 0.000000 0.000000 0.000000 0.000000 0.000000 0.000000 0.000000 0.000000 0.000000 0.000000 0.000000 0.000000 0.000000 0.000000 0.000000 0.000000 0.000000 0.000000 
1.072491 2.207311 0.517104 -1.203469 -1.157880 0.295921 0.536252 1.000000 0.000000 0.000000 0.000000 0.000000 0.000000 0.000000 0.000000 0.000000 0.000000 0.000000 0.000000 0.000000 0.000000 0.000000 0.000000 0.000000 0.000000 0.000000 0.000000 0.000000 0.000000 0.000000 0.000000 0.000000 0.000000 0.000000 0.000000 0.000000 0.000000 0.000000 0.000000 0.000000 0.000000 0.000000 0.000000 0.000000 0.000000 0.000000 0.000000 0.000000 0.000000 0.000000 0.000000 0.000000 0.000000 0.000000 0.000000 0.000000 0.000000 0.000000 0.000000 0.000000 0.000000 0.000000 0.000000 0.000000 0.000000 0.000000 0.000000 0.000000 0.000000 0.000000 0.000000 0.000000 0.000000 0.000000 0.000000 0.000000 0.000000 0.000000 0.000000 0.000000 
3.882114 1.777644 -0.253055 -4.390779 -0.206523 1.690247 0.732908 1.313586 1.000000 0.000000 0.000000 0.000000 0.000000 0.000000 0.000000 0.000000 0.000000 0.000000 0.000000 0.000000 0.000000 0.000000 0.000000 0.000000 0.000000 0.000000 0.000000 0.000000 0.000000 0.000000 0.000000 0.000000 0.000000 0.000000 0.000000 0.000000 0.000000 0.000000 0.000000 0.000000 0.000000 0.000000 0.000000 0.000000 0.000000 0.000000 0.000000 0.000000 0.000000 0.000000 0.000000 0.000000 0.000000 0.000000 0.000000 0.000000 0.000000 0.000000 0.000000 0.000000 0.000000 0.000000 0.000000 0.000000 0.000000 0.000000 0.000000 0.000000 0.000000 0.000000 0.000000 0.000000 0.000000 0.000000 0.000000 0.000000 0.000000 0.000000 0.000000 0.000000 
-0.390146 -1.462364 -0.327137 0.875399 -0.048647 -0.594162 -0.216480 -0.645493 0.176768 1.000000 0.000000 0.000000 0.000000 0.000000 0.000000 0.000000 0.000000 0.000000 0.000000 0.000000 0.000000 0.000000 0.000000 0.000000 0.000000 0.000000 0.000000 0.000000 0.000000 0.000000 0.000000 0.000000 0.000000 0.000000 0.000000 0.000000 0.000000 0.000000 0.000000 0.000000 0.000000 0.000000 0.000000 0.000000 0.000000 0.000000 0.000000 0.000000 0.000000 0.000000 0.000000 0.000000 0.000000 0.000000 0.000000 0.000000 0.000000 0.000000 0.000000 0.000000 0.000000 0.000000 0.000000 0.000000 0.000000 0.000000 0.000000 0.000000 0.000000 0.000000 0.000000 0.000000 0.000000 0.000000 0.000000 0.000000 0.000000 0.000000 0.000000 0.000000 
-0.676907 0.289850 -0.070503 -1.884725 0.553443 0.654528 0.073110 -1.190113 1.003913 0.165518 1.000000 0.000000 0.000000 0.000000 0.000000 0.000000 0.000000 0.000000 0.000000 0.000000 0.000000 0.000000 0.000000 0.000000 0.000000 0.000000 0.000000 0.000000 0.000000 0.000000 0.000000 0.000000 0.000000 0.000000 0.000000 0.000000 0.000000 0.000000 0.000000 0.000000 0.000000 0.000000 0.000000 0.000000 0.000000 0.000000 0.000000 0.000000 0.000000 0.000000 0.000000 0.000000 0.000000 0.000000 0.000000 0.000000 0.000000 0.000000 0.000000 0.000000 0.000000 0.000000 0.000000 0.000000 0.000000 0.000000 0.000000 0.000000 0.000000 0.000000 0.000000 0.000000 0.000000 0.000000 0.000000 0.000000 0.000000 0.000000 0.000000 0.000000 
-1.857306 0.714001 0.354028 -1.478375 0.927543 0.328659 -0.100415 -2.654633 1.740532 2.197836 1.307141 1.000000 0.000000 0.000000 0.000000 0.000000 0.000000 0.000000 0.000000 0.000000 0.000000 0.000000 0.000000 0.000000 0.000000 0.000000 0.000000 0.000000 0.000000 0.000000 0.000000 0.000000 0.000000 0.000000 0.000000 0.000000 0.000000 0.000000 0.000000 0.000000 0.000000 0.000000 0.000000 0.000000 0.000000 0.000000 0.000000 0.000000 0.000000 0.000000 0.000000 0.000000 0.000000 0.000000 0.000000 0.000000 0.000000 0.000000 0.000000 0.000000 0.000000 0.000000 0.000000 0.000000 0.000000 0.000000 0.000000 0.000000 0.000000 0.000000 0.000000 0.000000 0.000000 0.000000 0.000000 0.000000 0.000000 0.000000 0.000000 0.000000 
1.172502 0.124943 -0.197734 -0.592203 0.106199 1.209929 0.506159 2.859754 -0.896074 3.347777 -3.143152 2.014238 1.000000 0.000000 0.000000 0.000000 0.000000 0.000000 0.000000 0.000000 0.000000 0.000000 0.000000 0.000000 0.000000 0.000000 0.000000 0.000000 0.000000 0.000000 0.000000 0.000000 0.000000 0.000000 0.000000 0.000000 0.000000 0.000000 0.000000 0.000000 0.000000 0.000000 0.000000 0.000000 0.000000 0.000000 0.000000 0.000000 0.000000 0.000000 0.000000 0.000000 0.000000 0.000000 0.000000 0.000000 0.000000 0.000000 0.000000 0.000000 0.000000 0.000000 0.000000 0.000000 0.000000 0.000000 0.000000 0.000000 0.000000 0.000000 0.000000 0.000000 0.000000 0.000000 0.000000 0.000000 0.000000 0.000000 0.000000 0.000000 
0.278238 -0.457150 -0.043414 0.858546 0.345051 -0.211468 -0.237815 -0.068133 -0.009273 -6.172197 1.816511 -1.723189 4.365552 1.000000 0.000000 0.000000 0.000000 0.000000 0.000000 0.000000 0.000000 0.000000 0.000000 0.000000 0.000000 0.000000 0.000000 0.000000 0.000000 0.000000 0.000000 0.000000 0.000000 0.000000 0.000000 0.000000 0.000000 0.000000 0.000000 0.000000 0.000000 0.000000 0.000000 0.000000 0.000000 0.000000 0.000000 0.000000 0.000000 0.000000 0.000000 0.000000 0.000000 0.000000 0.000000 0.000000 0.000000 0.000000 0.000000 0.000000 0.000000 0.000000 0.000000 0.000000 0.000000 0.000000 0.000000 0.000000 0.000000 0.000000 0.000000 0.000000 0.000000 0.000000 0.000000 0.000000 0.000000 0.000000 0.000000 0.000000 
0.903484 -2.069491 -0.475974 1.335302 0.839463 1.058825 0.678847 1.348070 -0.794166 -23.943373 7.306788 -11.902389 6.717980 2.015166 1.000000 0.000000 0.000000 0.000000 0.000000 0.000000 0.000000 0.000000 0.000000 0.000000 0.000000 0.000000 0.000000 0.000000 0.000000 0.000000 0.000000 0.000000 0.000000 0.000000 0.000000 0.000000 0.000000 0.000000 0.000000 0.000000 0.000000 0.000000 0.000000 0.000000 0.000000 0.000000 0.000000 0.000000 0.000000 0.000000 0.000000 0.000000 0.000000 0.000000 0.000000 0.000000 0.000000 0.000000 0.000000 0.000000 0.000000 0.000000 0.000000 0.000000 0.000000 0.000000 0.000000 0.000000 0.000000 0.000000 0.000000 0.000000 0.000000 0.000000 0.000000 0.000000 0.000000 0.000000 0.000000 0.000000 
2.177207 -3.253787 -0.905156 2.023128 -0.101570 0.908798 1.108131 1.134734 -1.687806 6.282215 -2.986085 1.517680 -4.632885 -0.000730 -6.656531 1.000000 0.000000 0.000000 0.000000 0.000000 0.000000 0.000000 0.000000 0.000000 0.000000 0.000000 0.000000 0.000000 0.000000 0.000000 0.000000 0.000000 0.000000 0.000000 0.000000 0.000000 0.000000 0.000000 0.000000 0.000000 0.000000 0.000000 0.000000 0.000000 0.000000 0.000000 0.000000 0.000000 0.000000 0.000000 0.000000 0.000000 0.000000 0.000000 0.000000 0.000000 0.000000 0.000000 0.000000 0.000000 0.000000 0.000000 0.000000 0.000000 0.000000 0.000000 0.000000 0.000000 0.000000 0.000000 0.000000 0.000000 0.000000 0.000000 0.000000 0.000000 0.000000 0.000000 0.000000 0.000000 
-1.157126 -1.672205 -0.191099 1.762319 -0.902631 -0.917509 0.020818 -0.095265 -0.303172 -9.351639 3.440015 -2.930406 2.025491 1.088378 -2.989315 0.517646 1.000000 0.000000 0.000000 0.000000 0.000000 0.000000 0.000000 0.000000 0.000000 0.000000 0.000000 0.000000 0.000000 0.000000 0.000000 0.000000 0.000000 0.000000 0.000000 0.000000 0.000000 0.000000 0.000000 0.000000 0.000000 0.000000 0.000000 0.000000 0.000000 0.000000 0.000000 0.000000 0.000000 0.000000 0.000000 0.000000 0.000000 0.000000 0.000000 0.000000 0.000000 0.000000 0.000000 0.000000 0.000000 0.000000 0.000000 0.000000 0.000000 0.000000 0.000000 0.000000 0.000000 0.000000 0.000000 0.000000 0.000000 0.000000 0.000000 0.000000 0.000000 0.000000 0.000000 0.000000 
-1.026087 -2.361177 -0.424389 1.477873 0.984020 1.029382 0.627276 0.078478 0.030906 -11.379274 3.749159 -4.935766 3.391163 1.158909 -0.369431 0.193253 0.530157 1.000000 0.000000 0.000000 0.000000 0.000000 0.000000 0.000000 0.000000 0.000000 0.000000 0.000000 0.000000 0.000000 0.000000 0.000000 0.000000 0.000000 0.000000 0.000000 0.000000 0.000000 0.000000 0.000000 0.000000 0.000000 0.000000 0.000000 0.000000 0.000000 0.000000 0.000000 0.000000 0.000000 0.000000 0.000000 0.000000 0.000000 0.000000 0.000000 0.000000 0.000000 0.000000 0.000000 0.000000 0.000000 0.000000 0.000000 0.000000 0.000000 0.000000 0.000000 0.000000 0.000000 0.000000 0.000000 0.000000 0.000000 0.000000 0.000000 0.000000 0.000000 0.000000 0.000000 
-0.947594 3.272424 0.852344 -2.104661 -0.178994 0.798577 0.126152 1.548816 -0.607853 1.907833 -1.523519 -0.129232 -4.100651 0.241731 -5.929612 1.018101 0.331348 -23.303070 1.000000 0.000000 0.000000 0.000000 0.000000 0.000000 0.000000 0.000000 0.000000 0.000000 0.000000 0.000000 0.000000 0.000000 0.000000 0.000000 0.000000 0.000000 0.000000 0.000000 0.000000 0.000000 0.000000 0.000000 0.000000 0.000000 0.000000 0.000000 0.000000 0.000000 0.000000 0.000000 0.000000 0.000000 0.000000 0.000000 0.000000 0.000000 0.000000 0.000000 0.000000 0.000000 0.000000 0.000000 0.000000 0.000000 0.000000 0.000000 0.000000 0.000000 0.000000 0.000000 0.000000 0.000000 0.000000 0.000000 0.000000 0.000000 0.000000 0.000000 0.000000 0.000000 
2.400285 0.492930 -0.280819 -1.447649 0.008067 0.359841 -0.047615 0.198178 -0.064351 11.785238 -4.300314 5.174401 -2.914502 -0.499436 -3.037028 0.366844 -0.303213 -3.974099 0.142284 1.000000 0.000000 0.000000 0.000000 0.000000 0.000000 0.000000 0.000000 0.000000 0.000000 0.000000 0.000000 0.000000 0.000000 0.000000 0.000000 0.000000 0.000000 0.000000 0.000000 0.000000 0.000000 0.000000 0.000000 0.000000 0.000000 0.000000 0.000000 0.000000 0.000000 0.000000 0.000000 0.000000 0.000000 0.000000 0.000000 0.000000 0.000000 0.000000 0.000000 0.000000 0.000000 0.000000 0.000000 0.000000 0.000000 0.000000 0.000000 0.000000 0.000000 0.000000 0.000000 0.000000 0.000000 0.000000 0.000000 0.000000 0.000000 0.000000 0.000000 0.000000 
-2.187302 2.381113 0.600415 -2.659690 -0.691658 -0.115474 -0.093429 -0.573174 0.702764 9.994969 -2.418701 3.756070 -3.749548 -1.818338 4.717547 -0.835377 -0.683471 -4.065825 0.120758 -0.986505 1.000000 0.000000 0.000000 0.000000 0.000000 0.000000 0.000000 0.000000 0.000000 0.000000 0.000000 0.000000 0.000000 0.000000 0.000000 0.000000 0.000000 0.000000 0.000000 0.000000 0.000000 0.000000 0.000000 0.000000 0.000000 0.000000 0.000000 0.000000 0.000000 0.000000 0.000000 0.000000 0.000000 0.000000 0.000000 0.000000 0.000000 0.000000 0.000000 0.000000 0.000000 0.000000 0.000000 0.000000 0.000000 0.000000 0.000000 0.000000 0.000000 0.000000 0.000000 0.000000 0.000000 0.000000 0.000000 0.000000 0.000000 0.000000 0.000000 0.000000 
2.623662 -0.928823 -0.495038 1.278616 0.932614 0.253927 -0.144320 -0.317282 -0.146750 -9.179492 2.831935 -3.193393 5.306276 0.898473 2.205115 -0.309506 0.180011 16.124331 -0.690171 3.617104 -0.972088 1.000000 0.000000 0.000000 0.000000 0.000000 0.000000 0.000000 0.000000 0.000000 0.000000 0.000000 0.000000 0.000000 0.000000 0.000000 0.000000 0.000000 0.000000 0.000000 0.000000 0.000000 0.000000 0.000000 0.000000 0.000000 0.000000 0.000000 0.000000 0.000000 0.000000 0.000000 0.000000 0.000000 0.000000 0.000000 0.000000 0.000000 0.000000 0.000000 0.000000 0.000000 0.000000 0.000000 0.000000 0.000000 0.000000 0.000000 0.000000 0.000000 0.000000 0.000000 0.000000 0.000000 0.000000 0.000000 0.000000 0.000000 0.000000 0.000000 
-2.278126 0.854295 0.361817 -0.998377 0.380818 -0.584235 -0.708479 -1.978103 0.644531 1.248858 0.474172 0.770129 1.070925 0.387263 -1.663237 0.209217 -0.082978 -11.291080 0.447804 0.170291 0.821671 0.150623 1.000000 0.000000 0.000000 0.000000 0.000000 0.000000 0.000000 0.000000 0.000000 0.000000 0.000000 0.000000 0.000000 0.000000 0.000000 0.000000 0.000000 0.000000 0.000000 0.000000 0.000000 0.000000 0.000000 0.000000 0.000000 0.000000 0.000000 0.000000 0.000000 0.000000 0.000000 0.000000 0.000000 0.000000 0.000000 0.000000 0.000000 0.000000 0.000000 0.000000 0.000000 0.000000 0.000000 0.000000 0.000000 0.000000 0.000000 0.000000 0.000000 0.000000 0.000000 0.000000 0.000000 0.000000 0.000000 0.000000 0.000000 0.000000 
-1.444960 2.233027 0.280182 -4.438868 -0.149843 1.266503 0.430714 -0.573044 0.853151 -4.793750 2.762602 -3.138014 0.507176 -0.733516 6.627435 -0.988065 -0.443787 -4.503193 0.145446 -0.062863 0.633647 0.929478 -0.335200 1.000000 0.000000 0.000000 0.000000 0.000000 0.000000 0.000000 0.000000 0.000000 0.000000 0.000000 0.000000 0.000000 0.000000 0.000000 0.000000 0.000000 0.000000 0.000000 0.000000 0.000000 0.000000 0.000000 0.000000 0.000000 0.000000 0.000000 0.000000 0.000000 0.000000 0.000000 0.000000 0.000000 0.000000 0.000000 0.000000 0.000000 0.000000 0.000000 0.000000 0.000000 0.000000 0.000000 0.000000 0.000000 0.000000 0.000000 0.000000 0.000000 0.000000 0.000000 0.000000 0.000000 0.000000 0.000000 0.000000 0.000000 
4.845996 -0.121525 -0.570709 1.140896 -1.275863 0.097925 0.469144 1.956070 -1.569383 2.672361 -2.280647 1.969041 -1.007498 -0.900302 3.367063 -0.570606 -0.260229 3.250359 -0.215927 5.690243 -1.117982 2.175292 -0.501225 -0.649747 1.000000 0.000000 0.000000 0.000000 0.000000 0.000000 0.000000 0.000000 0.000000 0.000000 0.000000 0.000000 0.000000 0.000000 0.000000 0.000000 0.000000 0.000000 0.000000 0.000000 0.000000 0.000000 0.000000 0.000000 0.000000 0.000000 0.000000 0.000000 0.000000 0.000000 0.000000 0.000000 0.000000 0.000000 0.000000 0.000000 0.000000 0.000000 0.000000 0.000000 0.000000 0.000000 0.000000 0.000000 0.000000 0.000000 0.000000 0.000000 0.000000 0.000000 0.000000 0.000000 0.000000 0.000000 0.000000 0.000000 
0.415549 0.358068 0.009848 0.209655 0.676228 0.263846 -0.192022 -0.492644 -0.385195 3.406704 -1.573136 2.537513 2.473093 -0.495458 4.695494 -0.820515 -0.764631 3.046653 -0.185605 1.990523 -0.016842 0.263761 2.569736 -2.487294 1.156575 1.000000 0.000000 0.000000 0.000000 0.000000 0.000000 0.000000 0.000000 0.000000 0.000000 0.000000 0.000000 0.000000 0.000000 0.000000 0.000000 0.000000 0.000000 0.000000 0.000000 0.000000 0.000000 0.000000 0.000000 0.000000 0.000000 0.000000 0.000000 0.000000 0.000000 0.000000 0.000000 0.000000 0.000000 0.000000 0.000000 0.000000 0.000000 0.000000 0.000000 0.000000 0.000000 0.000000 0.000000 0.000000 0.000000 0.000000 0.000000 0.000000 0.000000 0.000000 0.000000 0.000000 0.000000 0.000000 
-0.086331 -1.007538 -0.126427 2.284536 0.095111 -0.986407 -0.539170 -0.445413 -0.013901 1.483634 -0.713380 2.019275 2.497872 0.082010 1.393906 -0.278638 0.126567 12.021657 -0.481098 -0.760983 0.028858 -0.328639 -0.828142 0.308253 0.164805 -0.449555 1.000000 0.000000 0.000000 0.000000 0.000000 0.000000 0.000000 0.000000 0.000000 0.000000 0.000000 0.000000 0.000000 0.000000 0.000000 0.000000 0.000000 0.000000 0.000000 0.000000 0.000000 0.000000 0.000000 0.000000 0.000000 0.000000 0.000000 0.000000 0.000000 0.000000 0.000000 0.000000 0.000000 0.000000 0.000000 0.000000 0.000000 0.000000 0.000000 0.000000 0.000000 0.000000 0.000000 0.000000 0.000000 0.000000 0.000000 0.000000 0.000000 0.000000 0.000000 0.000000 0.000000 0.000000 
0.549222 -1.714187 -0.315532 2.442432 0.802425 0.003730 -0.186680 1.333647 -0.944689 -17.508885 4.243548 -7.236271 8.951576 1.425067 5.188100 -0.764074 -0.418233 21.115235 -0.890937 1.607345 -0.984214 0.492315 -1.542970 -0.063843 0.917796 -0.477472 1.320316 1.000000 0.000000 0.000000 0.000000 0.000000 0.000000 0.000000 0.000000 0.000000 0.000000 0.000000 0.000000 0.000000 0.000000 0.000000 0.000000 0.000000 0.000000 0.000000 0.000000 0.000000 0.000000 0.000000 0.000000 0.000000 0.000000 0.000000 0.000000 0.000000 0.000000 0.000000 0.000000 0.000000 0.000000 0.000000 0.000000 0.000000 0.000000 0.000000 0.000000 0.000000 0.000000 0.000000 0.000000 0.000000 0.000000 0.000000 0.000000 0.000000 0.000000 0.000000 0.000000 0.000000 
0.415680 -0.177437 -0.180393 -0.947162 -0.175940 0.113772 0.044561 0.073046 -0.162097 29.682248 -10.339018 12.738141 -12.366322 -2.165225 -7.498061 1.026985 -0.077884 -14.473566 0.638696 -2.239100 0.390137 -1.023205 0.729110 -0.879744 -0.011316 0.258316 -0.546406 -0.743003 1.000000 0.000000 0.000000 0.000000 0.000000 0.000000 0.000000 0.000000 0.000000 0.000000 0.000000 0.000000 0.000000 0.000000 0.000000 0.000000 0.000000 0.000000 0.000000 0.000000 0.000000 0.000000 0.000000 0.000000 0.000000 0.000000 0.000000 0.000000 0.000000 0.000000 0.000000 0.000000 0.000000 0.000000 0.000000 0.000000 0.000000 0.000000 0.000000 0.000000 0.000000 0.000000 0.000000 0.000000 0.000000 0.000000 0.000000 0.000000 0.000000 0.000000 0.000000 0.000000 
1.568658 0.954596 -0.068776 -0.525572 -0.224494 0.238739 0.000910 0.209346 -0.392453 -4.797259 1.263190 -1.592384 1.911609 -0.374051 5.193015 -0.813219 -0.281962 -4.788601 0.132255 4.239922 -0.507642 2.365600 1.441214 -1.687206 2.863950 0.627020 3.483455 1.032566 28.896975 1.000000 0.000000 0.000000 0.000000 0.000000 0.000000 0.000000 0.000000 0.000000 0.000000 0.000000 0.000000 0.000000 0.000000 0.000000 0.000000 0.000000 0.000000 0.000000 0.000000 0.000000 0.000000 0.000000 0.000000 0.000000 0.000000 0.000000 0.000000 0.000000 0.000000 0.000000 0.000000 0.000000 0.000000 0.000000 0.000000 0.000000 0.000000 0.000000 0.000000 0.000000 0.000000 0.000000 0.000000 0.000000 0.000000 0.000000 0.000000 0.000000 0.000000 0.000000 
2.880404 1.059547 -0.048871 -0.585723 0.018741 -0.442819 -0.578571 0.330905 0.038173 12.063009 -4.439333 5.517563 -4.885878 -0.363221 -5.872679 0.902412 0.219454 -7.831050 0.355756 0.461002 -0.868700 -0.360586 0.554294 0.366341 -1.210890 0.245730 -1.296787 -0.367437 -3.803982 -0.666476 1.000000 0.000000 0.000000 0.000000 0.000000 0.000000 0.000000 0.000000 0.000000 0.000000 0.000000 0.000000 0.000000 0.000000 0.000000 0.000000 0.000000 0.000000 0.000000 0.000000 0.000000 0.000000 0.000000 0.000000 0.000000 0.000000 0.000000 0.000000 0.000000 0.000000 0.000000 0.000000 0.000000 0.000000 0.000000 0.000000 0.000000 0.000000 0.000000 0.000000 0.000000 0.000000 0.000000 0.000000 0.000000 0.000000 0.000000 0.000000 0.000000 0.000000 
-3.955291 -0.494493 0.105425 -3.421243 0.712471 -0.813453 -0.980695 -3.129285 1.850784 28.335579 -7.675414 12.811766 -8.547461 -1.224442 -8.679726 1.188792 0.141946 -7.137694 0.335139 -2.816097 0.393221 -1.926011 2.300848 0.466141 -1.899975 0.523837 0.143917 -0.668097 7.437288 2.399140 -3.137588 1.000000 0.000000 0.000000 0.000000 0.000000 0.000000 0.000000 0.000000 0.000000 0.000000 0.000000 0.000000 0.000000 0.000000 0.000000 0.000000 0.000000 0.000000 0.000000 0.000000 0.000000 0.000000 0.000000 0.000000 0.000000 0.000000 0.000000 0.000000 0.000000 0.000000 0.000000 0.000000 0.000000 0.000000 0.000000 0.000000 0.000000 0.000000 0.000000 0.000000 0.000000 0.000000 0.000000 0.000000 0.000000 0.000000 0.000000 0.000000 0.000000 
2.110513 -5.803885 -1.632128 2.085821 -1.546149 1.297787 1.980320 1.094444 -1.819606 -40.478627 12.754629 -15.213497 19.001547 3.586275 6.070501 -0.950854 0.593838 39.663950 -1.763406 3.032926 0.677482 2.759999 -0.037281 -1.453266 4.373643 0.258887 4.032937 2.033818 11.861340 0.098303 -0.416195 -1.080323 1.000000 0.000000 0.000000 0.000000 0.000000 0.000000 0.000000 0.000000 0.000000 0.000000 0.000000 0.000000 0.000000 0.000000 0.000000 0.000000 0.000000 0.000000 0.000000 0.000000 0.000000 0.000000 0.000000 0.000000 0.000000 0.000000 0.000000 0.000000 0.000000 0.000000 0.000000 0.000000 0.000000 0.000000 0.000000 0.000000 0.000000 0.000000 0.000000 0.000000 0.000000 0.000000 0.000000 0.000000 0.000000 0.000000 0.000000 0.000000 
-2.204588 -0.526596 0.015550 -0.594114 -0.020616 -0.024768 0.234617 -3.148558 1.312276 -3.625059 3.590621 -0.870562 2.395099 0.720912 -1.050518 0.135503 0.520448 -10.649193 0.395406 0.421316 1.348397 0.296077 -3.224255 3.078676 -2.116177 -1.653220 -2.696815 -1.462070 -40.093086 0.212415 -2.700874 0.278479 0.293952 1.000000 0.000000 0.000000 0.000000 0.000000 0.000000 0.000000 0.000000 0.000000 0.000000 0.000000 0.000000 0.000000 0.000000 0.000000 0.000000 0.000000 0.000000 0.000000 0.000000 0.000000 0.000000 0.000000 0.000000 0.000000 0.000000 0.000000 0.000000 0.000000 0.000000 0.000000 0.000000 0.000000 0.000000 0.000000 0.000000 0.000000 0.000000 0.000000 0.000000 0.000000 0.000000 0.000000 0.000000 0.000000 0.000000 0.000000 
-0.527546 -0.134168 0.136822 2.275285 0.077069 -0.783009 -0.401877 0.660499 -0.748976 17.938922 -6.891601 6.307845 -8.865059 -2.292612 1.313301 -0.172302 -0.834662 -22.593727 0.970934 -0.176518 -0.417653 0.087544 2.751085 -2.169882 1.637839 1.324574 2.583490 0.494598 38.817053 1.333084 0.676082 0.711419 -2.087696 -4.573441 1.000000 0.000000 0.000000 0.000000 0.000000 0.000000 0.000000 0.000000 0.000000 0.000000 0.000000 0.000000 0.000000 0.000000 0.000000 0.000000 0.000000 0.000000 0.000000 0.000000 0.000000 0.000000 0.000000 0.000000 0.000000 0.000000 0.000000 0.000000 0.000000 0.000000 0.000000 0.000000 0.000000 0.000000 0.000000 0.000000 0.000000 0.000000 0.000000 0.000000 0.000000 0.000000 0.000000 0.000000 0.000000 0.000000 
1.954564 -1.930452 -0.682995 2.105976 -0.181910 -0.531907 -0.260014 1.722265 -0.434452 -14.419357 3.593793 -5.703358 6.040485 0.460405 7.086967 -1.025666 0.017658 18.844636 -0.756857 0.176050 -0.728033 -0.136793 -1.849550 -0.079149 0.139696 -0.633888 0.205137 0.611544 5.526908 -0.879923 1.804223 -0.197816 0.334280 1.729694 -0.586426 1.000000 0.000000 0.000000 0.000000 0.000000 0.000000 0.000000 0.000000 0.000000 0.000000 0.000000 0.000000 0.000000 0.000000 0.000000 0.000000 0.000000 0.000000 0.000000 0.000000 0.000000 0.000000 0.000000 0.000000 0.000000 0.000000 0.000000 0.000000 0.000000 0.000000 0.000000 0.000000 0.000000 0.000000 0.000000 0.000000 0.000000 0.000000 0.000000 0.000000 0.000000 0.000000 0.000000 0.000000 0.000000 
-2.055977 1.839651 0.660980 0.129317 0.426367 -0.686195 -0.585734 -1.518710 1.427253 12.831112 -2.855052 4.921996 -7.352629 -1.282184 -2.155010 0.377346 0.277839 -11.174545 0.556981 -4.080421 0.357479 -1.753785 -2.446986 2.733369 -3.222161 -1.019221 -3.329488 -1.715483 -30.327202 -0.301685 -1.072305 0.379152 0.818595 3.910202 -0.894639 0.858565 1.000000 0.000000 0.000000 0.000000 0.000000 0.000000 0.000000 0.000000 0.000000 0.000000 0.000000 0.000000 0.000000 0.000000 0.000000 0.000000 0.000000 0.000000 0.000000 0.000000 0.000000 0.000000 0.000000 0.000000 0.000000 0.000000 0.000000 0.000000 0.000000 0.000000 0.000000 0.000000 0.000000 0.000000 0.000000 0.000000 0.000000 0.000000 0.000000 0.000000 0.000000 0.000000 0.000000 0.000000 
-4.834984 -0.652657 0.251993 0.267202 -0.661560 -1.222195 -0.357175 -3.127906 0.348759 -6.285953 4.126486 -2.688615 2.851655 1.372534 -4.450365 0.634291 0.685433 -2.819075 0.084894 -0.176660 1.414244 0.112827 -0.540647 1.663680 -0.738170 -0.741403 0.138784 -0.622828 -24.261586 2.932351 -6.433506 0.763404 1.509258 4.488490 -1.136824 -2.190904 5.540364 1.000000 0.000000 0.000000 0.000000 0.000000 0.000000 0.000000 0.000000 0.000000 0.000000 0.000000 0.000000 0.000000 0.000000 0.000000 0.000000 0.000000 0.000000 0.000000 0.000000 0.000000 0.000000 0.000000 0.000000 0.000000 0.000000 0.000000 0.000000 0.000000 0.000000 0.000000 0.000000 0.000000 0.000000 0.000000 0.000000 0.000000 0.000000 0.000000 0.000000 0.000000 0.000000 0.000000 
-2.677752 -1.427004 0.161921 0.589385 0.876168 -0.104467 -0.156228 -1.028538 0.087115 -6.995513 2.225555 -2.405559 5.812875 2.133475 -5.775431 0.852169 0.382011 17.109562 -0.651082 -4.879483 1.143435 -2.647411 0.676889 -0.235727 -0.593727 0.121374 0.545964 0.093799 -3.019281 0.241720 -0.813761 -0.180794 0.087020 -1.638369 0.490674 -1.497738 -3.077494 -0.026859 1.000000 0.000000 0.000000 0.000000 0.000000 0.000000 0.000000 0.000000 0.000000 0.000000 0.000000 0.000000 0.000000 0.000000 0.000000 0.000000 0.000000 0.000000 0.000000 0.000000 0.000000 0.000000 0.000000 0.000000 0.000000 0.000000 0.000000 0.000000 0.000000 0.000000 0.000000 0.000000 0.000000 0.000000 0.000000 0.000000 0.000000 0.000000 0.000000 0.000000 0.000000 0.000000 
-1.287963 -1.275481 -0.129556 1.438539 0.561989 0.165757 -0.017855 0.716886 -0.245610 -9.471403 2.465016 -3.793020 2.220883 1.384111 -3.718943 0.680048 0.881979 -0.984745 0.114919 -1.175666 -0.115602 -1.412435 -4.358034 2.923886 -2.795551 -1.988243 -1.356628 -1.385494 -21.347812 0.873178 -2.342295 0.781128 0.099742 1.135819 -0.288548 1.100899 -0.206298 -0.134995 -1.028429 1.000000 0.000000 0.000000 0.000000 0.000000 0.000000 0.000000 0.000000 0.000000 0.000000 0.000000 0.000000 0.000000 0.000000 0.000000 0.000000 0.000000 0.000000 0.000000 0.000000 0.000000 0.000000 0.000000 0.000000 0.000000 0.000000 0.000000 0.000000 0.000000 0.000000 0.000000 0.000000 0.000000 0.000000 0.000000 0.000000 0.000000 0.000000 0.000000 0.000000 0.000000 
-3.855841 1.244145 0.591790 -0.814583 -1.868516 -1.656450 -0.655363 -1.119247 0.300286 -15.670695 6.375384 -5.922684 8.384357 0.944003 6.601955 -1.012202 0.064121 -5.891041 0.153865 2.262679 0.827180 2.586000 2.948724 -2.833947 5.414267 1.410653 6.788803 2.796304 42.395251 0.579712 1.078925 -0.602177 -1.337510 -5.762566 1.236068 -5.551403 6.780664 1.013238 0.563068 -1.921221 1.000000 0.000000 0.000000 0.000000 0.000000 0.000000 0.000000 0.000000 0.000000 0.000000 0.000000 0.000000 0.000000 0.000000 0.000000 0.000000 0.000000 0.000000 0.000000 0.000000 0.000000 0.000000 0.000000 0.000000 0.000000 0.000000 0.000000 0.000000 0.000000 0.000000 0.000000 0.000000 0.000000 0.000000 0.000000 0.000000 0.000000 0.000000 0.000000 0.000000 
-1.608313 1.604692 0.424555 -1.794676 -0.959288 -0.122649 0.094540 -0.967491 0.639352 -5.414510 2.927544 -2.371493 1.782822 0.668759 -0.885922 0.195065 0.479801 -23.447430 0.906674 4.897426 0.748315 3.011571 3.457584 -2.223267 3.733840 1.133264 3.856708 1.533989 32.941788 1.604242 -0.711303 0.171725 -1.056584 -2.611248 0.516912 -2.920091 1.536598 0.621654 1.306668 7.851621 19.697284 1.000000 0.000000 0.000000 0.000000 0.000000 0.000000 0.000000 0.000000 0.000000 0.000000 0.000000 0.000000 0.000000 0.000000 0.000000 0.000000 0.000000 0.000000 0.000000 0.000000 0.000000 0.000000 0.000000 0.000000 0.000000 0.000000 0.000000 0.000000 0.000000 0.000000 0.000000 0.000000 0.000000 0.000000 0.000000 0.000000 0.000000 0.000000 0.000000 
1.492562 -0.321010 -0.304057 -0.815041 -0.512206 0.745439 0.702106 -0.486992 0.131468 -13.773020 5.383703 -5.291772 4.035736 0.661408 3.331354 -0.471654 0.215213 11.201606 -0.500006 1.433852 -1.047086 0.708631 -2.328539 0.470060 0.588115 -0.690383 0.980280 0.220417 -2.554598 -0.878896 1.352390 -0.140507 -0.975933 -3.001177 0.903849 -0.613505 -0.194047 -0.112953 -0.331072 -9.191949 -21.266518 -1.109267 1.000000 0.000000 0.000000 0.000000 0.000000 0.000000 0.000000 0.000000 0.000000 0.000000 0.000000 0.000000 0.000000 0.000000 0.000000 0.000000 0.000000 0.000000 0.000000 0.000000 0.000000 0.000000 0.000000 0.000000 0.000000 0.000000 0.000000 0.000000 0.000000 0.000000 0.000000 0.000000 0.000000 0.000000 0.000000 0.000000 0.000000 0.000000 
-1.941508 -1.591200 -0.026077 2.779741 -0.681363 -0.930031 -0.068496 -0.973700 -1.011643 -40.182555 13.784906 -15.798021 18.548359 2.726327 12.032304 -1.832880 -0.148208 19.028277 -0.938350 5.913290 0.069108 3.306116 -0.076052 -1.969117 4.664384 0.210515 5.325291 2.063935 27.293733 1.114396 -0.309496 0.041194 -1.002419 -3.235032 0.633063 -3.147194 0.108895 0.606450 1.890988 -4.009832 -8.188086 -0.441739 -9.145825 1.000000 0.000000 0.000000 0.000000 0.000000 0.000000 0.000000 0.000000 0.000000 0.000000 0.000000 0.000000 0.000000 0.000000 0.000000 0.000000 0.000000 0.000000 0.000000 0.000000 0.000000 0.000000 0.000000 0.000000 0.000000 0.000000 0.000000 0.000000 0.000000 0.000000 0.000000 0.000000 0.000000 0.000000 0.000000 0.000000 0.000000 
-2.698512 -2.983335 -0.352502 0.473112 0.808092 0.108523 0.214517 -2.577150 0.060469 10.632361 -2.538867 5.594180 -0.112954 -0.131119 -2.737907 0.236692 -0.375893 15.133160 -0.676747 -0.384865 0.461609 -0.428276 4.331520 -2.583235 1.302634 1.706753 1.063772 0.287788 12.352196 0.953327 -1.086100 -0.099410 0.409295 -0.185540 -0.055689 0.445597 1.150535 -0.028997 -0.218774 24.229373 60.331201 3.126426 3.158770 -0.800307 1.000000 0.000000 0.000000 0.000000 0.000000 0.000000 0.000000 0.000000 0.000000 0.000000 0.000000 0.000000 0.000000 0.000000 0.000000 0.000000 0.000000 0.000000 0.000000 0.000000 0.000000 0.000000 0.000000 0.000000 0.000000 0.000000 0.000000 0.000000 0.000000 0.000000 0.000000 0.000000 0.000000 0.000000 0.000000 0.000000 
0.454194 2.032353 0.335012 -1.062233 0.332558 -0.704222 -0.870846 -0.815475 0.683473 13.510770 -4.191543 5.333943 -3.508183 -1.432024 2.054483 -0.390997 -0.594972 -1.110506 0.061729 -1.375813 0.157728 -0.449930 1.895362 -1.124973 0.640456 0.732940 1.135052 -0.049774 14.701959 0.572391 -0.002964 0.141456 -0.551158 -1.553295 0.487042 -0.976198 -1.362761 -0.010906 0.398421 -33.591519 -82.314599 -4.273346 10.908276 -0.341101 -1.422057 1.000000 0.000000 0.000000 0.000000 0.000000 0.000000 0.000000 0.000000 0.000000 0.000000 0.000000 0.000000 0.000000 0.000000 0.000000 0.000000 0.000000 0.000000 0.000000 0.000000 0.000000 0.000000 0.000000 0.000000 0.000000 0.000000 0.000000 0.000000 0.000000 0.000000 0.000000 0.000000 0.000000 0.000000 0.000000 
2.059250 1.110808 0.074836 -0.813879 1.788568 0.169946 -0.760749 0.170542 1.046992 6.308933 -2.323473 1.908128 -4.112027 -0.283426 -2.983344 0.561643 0.227016 -3.367770 0.235687 -1.177856 -0.908373 -1.903462 -4.526255 3.807076 -4.990585 -1.912326 -5.364283 -2.130103 -37.619512 -0.757009 -0.401830 0.629840 -0.006299 2.074088 -0.373368 1.225176 -4.041130 -0.342769 0.848910 7.617189 17.493135 0.915950 3.222847 -0.345649 -0.158053 0.060920 1.000000 0.000000 0.000000 0.000000 0.000000 0.000000 0.000000 0.000000 0.000000 0.000000 0.000000 0.000000 0.000000 0.000000 0.000000 0.000000 0.000000 0.000000 0.000000 0.000000 0.000000 0.000000 0.000000 0.000000 0.000000 0.000000 0.000000 0.000000 0.000000 0.000000 0.000000 0.000000 0.000000 0.000000 
-4.114441 0.323746 0.258190 -1.962964 -0.294171 -0.310261 -0.102508 -2.966482 1.732757 -7.546886 5.293345 -2.687560 3.454195 -0.682237 9.633882 -1.500147 -0.210502 -3.200840 0.014430 5.094030 -0.196430 3.397857 0.374528 0.669083 1.635447 -0.046575 2.364477 0.746247 11.392221 1.411227 -1.450398 0.428558 -0.454563 -0.283716 0.336324 -0.568706 0.553276 -0.001177 0.346387 -0.675856 0.339256 -0.003692 7.731665 -0.649972 -0.240555 0.654824 -1.135706 1.000000 0.000000 0.000000 0.000000 0.000000 0.000000 0.000000 0.000000 0.000000 0.000000 0.000000 0.000000 0.000000 0.000000 0.000000 0.000000 0.000000 0.000000 0.000000 0.000000 0.000000 0.000000 0.000000 0.000000 0.000000 0.000000 0.000000 0.000000 0.000000 0.000000 0.000000 0.000000 0.000000 
0.563994 -0.407097 -0.324380 -0.151513 -0.046405 0.495215 0.155499 2.483915 -0.270404 -15.173060 3.867066 -7.201849 3.172336 -0.058517 7.899571 -1.077739 -0.106461 -2.575371 0.119614 0.763138 -0.282020 -0.292767 -3.813194 0.345839 -0.706399 -1.681303 -1.631631 -0.611749 -11.134170 -0.528833 0.789091 0.604575 -1.993101 -3.531405 0.754522 0.531261 0.390673 0.024709 -0.905102 5.749874 13.287690 0.679799 3.492520 -0.388501 -0.019699 0.082561 0.175554 -1.080530 1.000000 0.000000 0.000000 0.000000 0.000000 0.000000 0.000000 0.000000 0.000000 0.000000 0.000000 0.000000 0.000000 0.000000 0.000000 0.000000 0.000000 0.000000 0.000000 0.000000 0.000000 0.000000 0.000000 0.000000 0.000000 0.000000 0.000000 0.000000 0.000000 0.000000 0.000000 0.000000 
2.751095 -0.270423 -0.421197 -1.142545 -0.327441 0.243806 0.190160 -0.029730 0.112286 9.875196 -3.162013 3.388644 -4.627522 -0.688540 -2.931039 0.406437 -0.386103 -2.302879 0.100326 -1.196227 -0.338562 0.183420 1.011814 0.412052 0.090811 0.626829 0.237688 0.406264 5.309932 -0.253161 0.412280 -0.433097 0.981868 1.562620 -0.408070 0.850806 2.756490 -0.066852 -0.681745 1.466752 4.400106 0.229310 -11.578619 0.983398 0.341898 -1.420932 1.654438 -0.527698 0.014031 1.000000 0.000000 0.000000 0.000000 0.000000 0.000000 0.000000 0.000000 0.000000 0.000000 0.000000 0.000000 0.000000 0.000000 0.000000 0.000000 0.000000 0.000000 0.000000 0.000000 0.000000 0.000000 0.000000 0.000000 0.000000 0.000000 0.000000 0.000000 0.000000 0.000000 0.000000 
-3.231664 1.146481 0.608965 -1.059276 -0.515803 0.791582 0.775589 -0.562883 0.152190 -20.585268 7.858001 -8.869382 9.356393 2.118424 1.647732 -0.242256 0.278420 4.066252 -0.245818 0.569805 1.767300 0.372359 -0.428988 0.742149 -0.707911 -0.401186 -2.666256 -0.646683 -35.684454 -0.461744 -1.926906 -0.484604 0.905258 1.146941 -0.579342 0.762473 7.952965 0.280145 -2.658728 27.117127 65.610970 3.383422 3.024812 -0.831943 1.096870 -0.347144 0.314323 -0.458109 -0.793817 -0.325717 1.000000 0.000000 0.000000 0.000000 0.000000 0.000000 0.000000 0.000000 0.000000 0.000000 0.000000 0.000000 0.000000 0.000000 0.000000 0.000000 0.000000 0.000000 0.000000 0.000000 0.000000 0.000000 0.000000 0.000000 0.000000 0.000000 0.000000 0.000000 0.000000 0.000000 
1.428894 0.098650 -0.163286 -0.347589 0.960992 0.719590 0.039542 0.014430 0.641536 -5.966256 1.876564 -2.299038 4.712086 0.825181 1.714717 -0.262237 0.018497 11.428562 -0.461792 -0.577233 0.159846 -1.061598 -3.602384 2.057497 -2.381939 -1.662295 -3.111165 -0.894060 -34.847161 -2.293038 1.613349 -0.485142 -0.154052 -1.485496 0.380043 0.158503 -0.265244 -0.338183 -1.195718 -2.734465 -6.907648 -0.368938 -6.214639 0.585598 0.159199 0.004628 -1.135791 0.368019 -1.145726 -0.963329 0.480538 1.000000 0.000000 0.000000 0.000000 0.000000 0.000000 0.000000 0.000000 0.000000 0.000000 0.000000 0.000000 0.000000 0.000000 0.000000 0.000000 0.000000 0.000000 0.000000 0.000000 0.000000 0.000000 0.000000 0.000000 0.000000 0.000000 0.000000 0.000000 0.000000 
-2.167674 0.627962 0.573984 1.070161 -0.987713 -0.377104 0.241683 -0.002580 -0.192935 -11.722651 4.254769 -4.307420 5.417239 1.323740 0.347982 -0.011939 0.357047 3.140175 -0.148212 0.168585 0.209267 0.079076 -0.171277 1.337919 -1.277193 0.016559 -1.124811 -0.271144 -11.231726 0.303589 -1.373021 -0.043100 0.789192 1.208578 -0.668505 2.595586 8.885610 0.177396 -3.824423 32.442955 77.699424 4.028913 -6.644879 -0.138360 1.670745 -1.074124 -0.405009 -1.010600 -0.137011 -0.218993 0.718827 0.054494 1.000000 0.000000 0.000000 0.000000 0.000000 0.000000 0.000000 0.000000 0.000000 0.000000 0.000000 0.000000 0.000000 0.000000 0.000000 0.000000 0.000000 0.000000 0.000000 0.000000 0.000000 0.000000 0.000000 0.000000 0.000000 0.000000 0.000000 0.000000 
-2.246887 1.817873 0.869501 2.094133 -1.417012 -1.905090 -0.772203 1.156712 -0.552235 -31.730645 10.848441 -14.978820 6.392093 0.691220 11.103790 -1.484957 -0.186926 -8.121256 0.284008 2.930457 -1.206765 2.120057 -1.896616 1.112255 0.429188 -0.294944 0.487999 0.460090 5.688433 -0.385135 1.105523 0.036552 0.202131 1.573542 -0.494144 0.998699 3.080794 0.193556 -0.611392 -0.554466 -0.899136 -0.038270 -14.357968 1.290352 0.246589 -0.851658 -0.231126 0.017632 -0.367022 -0.191647 0.393918 0.214702 12.591126 1.000000 0.000000 0.000000 0.000000 0.000000 0.000000 0.000000 0.000000 0.000000 0.000000 0.000000 0.000000 0.000000 0.000000 0.000000 0.000000 0.000000 0.000000 0.000000 0.000000 0.000000 0.000000 0.000000 0.000000 0.000000 0.000000 0.000000 
1.932443 0.824869 -0.081011 0.115583 0.120980 0.255075 -0.111509 1.242439 -0.848716 0.644243 -1.449330 -0.006187 0.622769 -0.387621 3.185437 -0.483315 -0.477225 6.281057 -0.257098 0.020441 -0.403611 -0.123000 0.104179 0.343048 -1.025629 0.229462 -2.422910 0.186818 -5.611961 -1.588510 2.229351 -0.473678 0.637176 2.274581 -0.656144 2.653404 -1.792395 -0.416319 -0.310685 9.660932 21.904617 1.150346 0.108027 -0.161170 0.240319 -0.261232 0.783603 -0.806559 0.299737 0.005940 -0.294405 0.132867 -3.243865 -0.277605 1.000000 0.000000 0.000000 0.000000 0.000000 0.000000 0.000000 0.000000 0.000000 0.000000 0.000000 0.000000 0.000000 0.000000 0.000000 0.000000 0.000000 0.000000 0.000000 0.000000 0.000000 0.000000 0.000000 0.000000 0.000000 0.000000 
-1.494240 -1.844186 -0.384773 0.700602 0.664938 0.478570 0.170067 0.408613 0.252049 -4.472739 1.090325 -1.294677 4.586418 0.049177 5.815105 -0.904405 -0.102953 8.358077 -0.360593 -0.761814 0.791717 -1.039648 -4.369983 1.883551 -2.094171 -1.937528 -2.765073 -0.704019 -30.451769 -2.298765 2.217064 -0.205588 -1.193138 -3.178348 0.934715 0.481310 -4.306268 -0.673057 -0.484236 -11.233557 -28.766354 -1.491355 3.066942 -0.107781 -0.226048 1.465970 -4.415808 2.180549 -1.801390 -2.086146 1.012573 0.125068 -1.460321 -0.136909 1.876912 1.000000 0.000000 0.000000 0.000000 0.000000 0.000000 0.000000 0.000000 0.000000 0.000000 0.000000 0.000000 0.000000 0.000000 0.000000 0.000000 0.000000 0.000000 0.000000 0.000000 0.000000 0.000000 0.000000 0.000000 0.000000 
-1.144540 0.281518 0.384275 -0.543642 0.026024 0.660737 0.615726 -0.523125 -0.536909 -4.052862 1.493601 -1.734906 3.591913 1.375243 -4.039831 0.580269 -0.052601 -1.055596 0.003840 -0.485730 1.126366 0.436291 3.393958 -0.596092 0.715472 1.401673 0.275317 0.404566 3.676857 1.110477 -2.105966 -0.302573 1.197520 1.971546 -0.496746 0.025588 1.955396 0.142450 -0.116676 8.318338 19.971823 1.034928 8.283200 -0.937083 0.329560 -0.203929 1.582378 -1.099105 1.279815 1.335201 -0.804232 -0.776578 -4.827657 -0.384112 0.895380 -0.123421 1.000000 0.000000 0.000000 0.000000 0.000000 0.000000 0.000000 0.000000 0.000000 0.000000 0.000000 0.000000 0.000000 0.000000 0.000000 0.000000 0.000000 0.000000 0.000000 0.000000 0.000000 0.000000 0.000000 0.000000 
0.480703 -0.780942 -0.332812 -1.649656 1.422804 0.796810 0.056769 -1.319554 0.083542 29.328541 -9.310837 11.585702 -12.309596 -1.768696 -9.542471 1.306134 -0.296095 -6.232294 0.291331 -3.227185 0.724344 -2.288857 0.123000 -0.055371 -2.118126 -0.169465 -3.398429 -1.419761 -25.858473 -0.355497 -0.873451 0.189711 1.693330 5.932347 -1.255621 0.260019 -4.230418 0.062997 1.559441 -33.624053 -84.622239 -4.337818 -4.928566 1.049895 -1.027186 0.338671 -1.238218 0.321648 0.281073 -0.209418 0.006697 -1.077602 -5.136640 -0.437550 3.944806 2.488916 12.652274 1.000000 0.000000 0.000000 0.000000 0.000000 0.000000 0.000000 0.000000 0.000000 0.000000 0.000000 0.000000 0.000000 0.000000 0.000000 0.000000 0.000000 0.000000 0.000000 0.000000 0.000000 0.000000 0.000000 
-1.118949 1.892020 0.594555 -0.739497 0.221869 -0.412947 -0.510834 -1.204038 0.785914 17.936841 -5.519856 8.277000 -5.190214 -0.950776 -3.882972 0.516421 0.014303 -5.764693 0.272871 -1.220597 0.305764 -0.837921 -2.111112 2.751037 -2.951631 -1.089807 -3.519764 -1.323500 -30.341552 0.430018 -2.341360 0.449091 0.987799 4.225676 -0.901530 1.954608 0.293321 -0.054968 -0.328707 4.622787 10.165243 0.549419 5.641470 -0.613017 -0.085961 1.171707 -3.301541 2.235746 -1.492516 -1.669162 1.126562 -0.200659 14.305820 1.133748 0.686302 1.096251 2.966192 0.248959 1.000000 0.000000 0.000000 0.000000 0.000000 0.000000 0.000000 0.000000 0.000000 0.000000 0.000000 0.000000 0.000000 0.000000 0.000000 0.000000 0.000000 0.000000 0.000000 0.000000 0.000000 0.000000 
-0.650939 2.881069 0.808942 -1.341558 -0.067427 -0.396359 -0.459871 -0.268196 0.137788 -1.799751 0.981128 -1.840694 -0.444537 -0.288547 2.027780 -0.313659 -0.122186 7.567501 -0.303309 -1.260360 0.032695 -0.529526 -1.791790 0.524791 -0.227802 -0.711322 -0.356745 0.072517 -11.180282 -0.625526 0.303423 -0.120959 0.251304 1.227334 -0.391389 -1.584679 2.009744 0.508883 0.291210 -5.404912 -12.483287 -0.653118 1.232473 -0.004031 -0.301428 -0.464514 2.767207 -1.799033 1.071868 0.677901 -0.765856 0.223654 -5.437074 -0.426689 -1.034601 -0.865970 -2.009030 -0.195448 0.456729 1.000000 0.000000 0.000000 0.000000 0.000000 0.000000 0.000000 0.000000 0.000000 0.000000 0.000000 0.000000 0.000000 0.000000 0.000000 0.000000 0.000000 0.000000 0.000000 0.000000 0.000000 
-2.004461 -1.093424 -0.085280 0.954054 -0.318982 -0.977281 -0.336524 -1.461223 0.641993 -9.882781 4.744413 -4.261050 1.540212 1.162961 -2.856623 0.542221 0.940017 -11.695918 0.485989 1.708668 -0.089249 0.271051 -3.288293 3.271545 -2.570093 -1.584515 -2.019067 -1.252324 -28.383221 1.697614 -4.139277 0.978866 0.452295 3.115169 -0.818984 0.258790 4.862866 0.484473 -0.773620 13.552871 33.107723 1.706643 3.184723 -0.514402 0.405617 -0.163221 1.085281 -0.377131 0.499666 0.654812 0.063158 -0.214766 -1.024091 -0.087819 -3.107081 -0.754421 -8.364028 -0.749218 11.608240 29.248830 1.000000 0.000000 0.000000 0.000000 0.000000 0.000000 0.000000 0.000000 0.000000 0.000000 0.000000 0.000000 0.000000 0.000000 0.000000 0.000000 0.000000 0.000000 0.000000 0.000000 
0.108132 0.620928 0.072826 -1.665729 0.705757 0.312667 -0.063010 -1.416782 0.972145 11.350825 -2.751034 4.429128 -4.233141 -0.888083 -1.517823 0.187427 -0.369181 -14.995410 0.605238 -0.207813 0.575193 -0.369692 1.478194 -0.581445 -0.647408 0.490375 -1.931384 -1.166755 -9.235842 0.015553 -0.400507 0.219164 -0.513266 -1.118643 0.501775 0.204970 -4.762580 -0.282956 1.121822 -17.267973 -43.700416 -2.247707 1.197345 0.272902 -0.648574 0.336349 0.260382 -0.269701 0.118500 0.036688 -0.007801 -0.056475 -1.320533 -0.117878 -2.226641 -0.692298 -7.998990 -0.613644 4.941496 4.582566 0.113328 1.000000 0.000000 0.000000 0.000000 0.000000 0.000000 0.000000 0.000000 0.000000 0.000000 0.000000 0.000000 0.000000 0.000000 0.000000 0.000000 0.000000 0.000000 0.000000 
-0.335993 -1.848751 -0.299554 1.921174 1.054994 -0.321966 -0.375203 0.681826 0.046483 11.535756 -4.366298 4.413995 -6.755507 -0.957053 -3.309995 0.562169 0.060190 -5.932007 0.309431 -0.716365 -0.729568 -1.440425 -2.814677 2.038295 -3.329085 -1.109239 -3.731152 -0.945728 -27.049495 -0.478681 -0.330253 0.576046 0.567707 3.485971 -0.934263 0.958773 -1.129910 -0.051042 1.113133 19.347473 47.985290 2.484837 -12.828740 0.886988 0.747257 -1.255775 1.835466 -1.026891 1.199460 1.312573 -0.448778 -0.533103 -6.771147 -0.545182 0.133815 0.437166 5.230785 0.439703 1.713708 4.955098 0.240132 -0.420855 1.000000 0.000000 0.000000 0.000000 0.000000 0.000000 0.000000 0.000000 0.000000 0.000000 0.000000 0.000000 0.000000 0.000000 0.000000 0.000000 0.000000 0.000000 
2.872339 -1.298089 -0.693064 1.518139 -1.113908 -0.206841 0.250036 2.264673 -0.967368 -7.825762 1.166494 -2.563817 3.740866 0.169309 4.250400 -0.666009 0.164846 13.432521 -0.573234 -0.117730 0.024694 0.171290 -2.386087 -0.126107 1.169804 -0.748901 1.438191 1.154481 2.176150 -1.986246 3.137347 -0.792283 -0.423046 -2.220693 0.556006 -1.976939 -1.083557 0.026477 0.355567 -22.966363 -55.571403 -2.887389 -4.125042 0.757086 -0.603637 0.294028 -1.657232 0.887145 -0.499327 -0.430398 0.230638 -0.188532 -5.642157 -0.448557 2.650748 1.188118 6.756119 0.502868 -3.838925 -2.360807 -0.086459 -0.504941 -0.671422 1.000000 0.000000 0.000000 0.000000 0.000000 0.000000 0.000000 0.000000 0.000000 0.000000 0.000000 0.000000 0.000000 0.000000 0.000000 0.000000 0.000000 
1.008553 2.650234 0.180904 -4.622602 -1.901289 0.450489 0.512313 -0.230722 0.740363 -10.130291 4.688699 -4.140550 3.022540 -0.156224 6.346411 -0.954547 -0.040697 -13.671915 0.445340 4.820711 0.207341 3.212169 2.380504 -2.579850 4.164923 1.006564 3.724067 1.573186 27.288878 -0.201705 1.787120 -0.408144 -1.728445 -5.559146 1.466934 -3.090687 1.791439 0.329098 -0.134348 -7.545588 -16.406718 -0.872167 11.481804 -0.953989 -0.216479 0.887375 -1.802254 1.040197 -0.624567 -0.696462 0.348512 -0.044252 0.271436 0.019576 1.468779 1.026033 3.943803 0.346204 5.384862 17.416449 0.692892 -0.744761 2.008137 8.178948 1.000000 0.000000 0.000000 0.000000 0.000000 0.000000 0.000000 0.000000 0.000000 0.000000 0.000000 0.000000 0.000000 0.000000 0.000000 0.000000 
1.485572 -3.486066 -0.966158 2.349201 -0.049112 -0.337766 0.179712 0.369701 -0.511982 8.726852 -3.636296 4.484837 -0.967720 -0.310646 -1.769928 0.185697 -0.033457 3.556379 -0.144734 -0.864327 0.478046 -0.604718 1.538798 -1.305406 0.684444 0.523496 0.764215 0.416994 13.601709 -0.431327 1.392108 -0.330691 -0.752459 -3.070150 0.614463 0.358178 1.260173 -0.254638 -1.336267 0.261886 0.119599 -0.002501 5.838493 -0.613259 0.267846 0.360447 -0.800887 -0.062516 -0.314909 -0.362914 0.303632 -0.235366 -13.476322 -1.097462 -0.331111 -0.133816 -0.939436 -0.120404 -0.317708 -0.788432 -0.076244 0.267630 -0.913440 -2.320590 -0.322877 1.000000 0.000000 0.000000 0.000000 0.000000 0.000000 0.000000 0.000000 0.000000 0.000000 0.000000 0.000000 0.000000 0.000000 0.000000 
-2.494460 -1.258388 -0.033169 0.811541 0.246395 -0.932935 -0.471487 -2.419477 0.681141 9.183399 -1.730328 3.718389 -2.258793 0.382026 -6.855760 1.003938 0.256737 -15.684083 0.657931 -1.066871 1.260638 -0.266537 0.313646 1.934940 -2.073609 -0.343022 -2.685454 -1.391128 -27.146985 0.716101 -2.914745 0.212459 1.322198 4.346147 -0.894266 0.155900 0.918160 0.147752 0.255620 0.384763 0.906325 0.047336 15.123909 -1.386663 -0.243916 0.440435 1.149674 -0.412510 1.160923 0.892616 -0.868589 -0.857971 -8.831720 -0.695781 -2.083132 -0.868028 -6.313633 -0.563392 13.211395 26.537922 0.927280 0.404264 1.507354 8.252269 0.112723 12.399055 1.000000 0.000000 0.000000 0.000000 0.000000 0.000000 0.000000 0.000000 0.000000 0.000000 0.000000 0.000000 0.000000 0.000000 
1.355267 1.703453 0.581249 2.501525 0.369136 -0.940403 -0.784313 1.846457 -0.206082 -11.785983 2.809680 -5.319028 3.652905 0.316203 5.765521 -0.758470 -0.160788 11.826411 -0.438220 -0.904783 -1.482814 -1.379502 -5.273813 4.654912 -5.259846 -1.907236 -4.877192 -1.439800 -33.076254 -2.228226 2.040875 -0.048054 0.015246 0.118653 -0.083866 3.063332 0.029538 -0.711787 -2.077021 -3.573948 -10.127956 -0.519273 -11.559958 1.057477 0.178368 -0.383626 -1.128246 0.912181 -1.328434 -0.558957 1.139492 0.448795 4.282755 0.323932 -1.252034 -0.741527 -6.145145 -0.532089 -9.481930 -21.871080 -0.859453 0.097422 -4.552300 -12.371196 -3.462249 20.501465 2.361780 1.000000 0.000000 0.000000 0.000000 0.000000 0.000000 0.000000 0.000000 0.000000 0.000000 0.000000 0.000000 0.000000 
-1.375500 -1.386205 -0.196259 0.115788 0.490402 -0.697081 -0.505905 -1.719683 0.424194 14.568511 -4.370959 7.070594 -3.194842 0.273169 -9.453754 1.318006 0.409744 -3.125851 0.158630 -3.507542 1.311056 -1.248384 0.365628 1.223058 -1.069991 -0.163587 -0.216708 -0.629608 -8.179625 1.380320 -2.772243 0.388508 0.941446 2.992334 -0.519265 -1.255560 -3.471557 0.202618 1.967374 -34.195246 -84.757871 -4.363029 8.300356 -0.122395 -1.199745 1.452353 -1.959639 1.426832 -0.473424 -0.491824 -0.115524 -0.848491 7.365655 0.571154 5.542440 3.041838 14.448574 1.153670 8.213836 24.329216 1.000722 -1.617187 2.405320 16.594324 0.368296 19.813031 1.759930 0.195652 1.000000 0.000000 0.000000 0.000000 0.000000 0.000000 0.000000 0.000000 0.000000 0.000000 0.000000 0.000000 
0.527581 -1.897516 -0.481762 1.761950 1.157087 0.541886 0.149912 0.074791 -0.757439 25.259917 -9.661764 12.488518 -4.177392 -0.557174 -7.606154 0.976646 -0.018408 2.732159 -0.084384 -2.223133 0.887564 -2.812356 -2.723140 2.345277 -4.667449 -1.564078 -6.249007 -2.307257 -54.593278 -1.260779 -1.033083 0.108127 0.699653 2.183708 -0.368480 2.153777 -3.576545 -0.591656 -0.861619 -18.788986 -49.164846 -2.521526 9.803143 -0.612265 -0.600242 1.467288 -2.303210 1.419007 -1.219241 -1.407241 0.334591 -0.011991 -2.802751 -0.207711 1.487703 0.916380 1.361137 -0.015316 -0.479876 6.079599 0.180263 -0.753339 -3.263788 -10.685200 -3.638838 26.771965 3.119856 1.712168 -0.094206 1.000000 0.000000 0.000000 0.000000 0.000000 0.000000 0.000000 0.000000 0.000000 0.000000 0.000000 
0.812041 1.182520 0.086402 -0.612653 0.120441 0.515690 0.050942 0.294826 -0.310106 -6.604495 1.635804 -2.499346 1.868652 -0.283133 5.090571 -0.794333 -0.263895 10.462995 -0.425556 -0.744398 -0.319380 -0.576519 -2.464204 -0.479576 0.377953 -0.769887 0.051033 -0.052676 2.553012 -0.622900 1.321150 0.001926 -0.368983 -0.633817 0.340239 0.787622 -7.863329 -0.531664 0.667452 -33.197246 -85.260886 -4.390931 1.217188 0.595103 -1.475933 1.065289 -1.508878 1.566489 -1.845798 -1.622207 0.478890 0.805761 11.994548 0.970492 1.590116 1.180638 -0.164607 -0.087401 9.452145 30.649159 1.100659 -1.255167 0.555815 5.471827 -0.717772 15.345165 1.572588 0.659256 0.313884 0.349263 1.000000 0.000000 0.000000 0.000000 0.000000 0.000000 0.000000 0.000000 0.000000 0.000000 
1.798511 -0.521450 -0.203240 1.727541 0.125036 -0.159208 -0.061111 1.149392 -0.480762 -6.781905 1.468401 -3.301314 3.428332 0.304732 3.868647 -0.548522 -0.253464 8.935145 -0.381381 1.548123 -0.499567 0.585724 1.633240 -1.163676 0.946629 0.868873 0.216934 0.888325 12.045757 -0.622758 1.655216 -0.339647 -0.088998 0.109273 -0.286686 0.331322 1.287138 0.054792 -0.175550 10.716917 25.795590 1.328889 9.310627 -1.005728 0.211116 0.417268 0.586264 0.170944 -0.707338 -0.361536 0.344840 0.042026 2.774846 0.240872 -2.551515 -1.383477 -8.464513 -0.693323 7.237468 4.077294 0.091014 1.642705 1.659238 3.298017 2.700412 -26.331575 -2.880194 -1.648489 0.397620 -2.153049 -7.545871 1.000000 0.000000 0.000000 0.000000 0.000000 0.000000 0.000000 0.000000 0.000000 
-1.141227 -0.294634 -0.047214 -1.122931 -1.288296 0.145113 0.523883 0.273418 -0.469587 7.140983 -2.292171 3.646050 -2.158982 -0.360423 -2.474064 0.310467 0.201612 5.976983 -0.286373 1.595560 -0.301336 0.899737 1.528527 -0.031293 0.312846 0.613377 0.590796 0.682059 2.233674 0.319414 -0.729140 -0.270404 1.010137 1.741847 -0.661818 0.531804 6.008224 0.238755 -1.431170 20.953965 52.834657 2.723269 0.317162 -0.519796 1.141919 -0.769448 1.422371 -1.367466 1.210361 1.153877 -0.480111 -0.348154 -9.389234 -0.770031 -3.997506 -2.283888 -12.091058 -0.984727 -5.971886 -31.688156 -1.274382 1.983369 -3.237698 -9.509700 -2.192522 13.088509 1.148883 0.103707 -0.015872 0.261849 5.658886 -0.023173 1.000000 0.000000 0.000000 0.000000 0.000000 0.000000 0.000000 0.000000 
-0.468430 0.264444 0.224570 1.058464 0.070469 -0.513032 -0.281925 0.140590 0.234240 -4.173979 1.461314 -2.014589 0.333360 0.891127 -4.008068 0.684295 0.623336 -8.141031 0.372583 -0.227029 0.166044 -0.569604 -2.178403 2.146439 -2.102540 -1.180269 -1.463676 -1.355461 -18.455599 1.397540 -3.171920 0.764217 0.102358 1.295844 -0.415901 -0.413738 3.705792 0.447172 -0.759646 4.482966 10.023231 0.517867 1.060828 -0.175940 0.162411 0.001155 -0.056662 -0.185576 -0.146938 -0.096955 0.331251 -0.008436 8.394084 0.654417 0.110917 -0.224969 -0.706199 -0.029083 -1.093760 -8.766742 -0.307207 1.103646 1.785040 -1.812964 3.181362 -38.837010 -3.986188 -1.378219 -0.732640 -0.214977 0.085543 0.037992 0.160769 1.000000 0.000000 0.000000 0.000000 0.000000 0.000000 0.000000 
1.377621 -1.126339 -0.179690 1.629397 -0.932125 0.134319 0.839110 1.038719 -1.353360 20.799345 -7.677083 8.905620 -8.581156 -1.297106 -6.726194 0.931518 -0.097912 -10.098858 0.411907 -0.335498 0.589759 -0.570194 3.045399 -1.245643 -0.550756 1.175911 -1.292186 -0.232035 0.881995 0.606800 -1.106499 -0.024504 1.233615 2.998529 -0.861860 0.821665 1.820463 0.113853 -0.100876 -1.882634 -4.479857 -0.220745 -7.247945 0.624995 0.287008 -0.809912 1.075996 -1.575538 2.227238 1.936520 -0.190197 -1.465079 -26.657322 -2.155536 -3.836975 -0.955347 -4.505999 -0.448338 -3.359633 -15.781779 -0.740777 1.587094 -4.606885 -11.994516 -3.063123 18.977763 1.905105 0.783718 0.004644 1.161608 4.558753 -0.514331 0.227861 0.155072 1.000000 0.000000 0.000000 0.000000 0.000000 0.000000 
1.581614 1.687895 0.092328 -1.201817 0.819861 0.447347 -0.401742 2.188496 0.272904 18.145091 -7.439888 6.430652 -8.894132 -2.343805 1.580168 -0.202765 -0.656760 -5.359476 0.314035 -3.079474 -1.034699 -1.822737 -0.254225 -1.048397 -0.436950 0.100829 -0.427696 -0.282144 11.157775 -2.132636 4.529226 -0.182732 -1.325353 -3.031140 0.749525 0.363210 -2.857289 -0.514278 -0.284117 -10.994942 -26.646406 -1.386467 0.315862 0.142399 -0.289552 0.614992 -1.674452 1.138779 -1.540119 -1.503696 0.573228 0.624391 10.920199 0.869840 1.177619 0.433174 -0.060473 0.042847 -3.386618 -4.525525 -0.120500 -1.069662 -0.738080 -2.268830 -2.134976 21.363746 2.301543 1.013802 -0.146143 0.183861 0.303639 -0.070611 -0.124257 0.255619 -0.407404 1.000000 0.000000 0.000000 0.000000 0.000000 
-1.555125 1.010694 0.158459 -2.086375 -0.193218 0.368427 0.054420 -1.293822 1.063364 -3.694184 2.256450 0.538141 5.378614 0.322911 4.134605 -0.695115 0.186484 7.974804 -0.382982 2.420424 -0.021632 1.210594 0.300301 0.398170 0.734752 0.007762 2.099872 0.711615 8.236215 0.725814 -0.663934 0.131479 -0.231630 -1.364520 0.451688 -0.985041 -1.872670 -0.123168 0.289030 -15.990417 -39.235615 -2.036804 -4.426996 0.707978 -0.402646 0.435633 -2.024386 1.616755 -1.383181 -1.037387 0.656242 0.104616 5.979013 0.476930 3.401784 1.718471 5.825410 0.517790 -5.828993 -5.374649 -0.114742 -2.534312 -3.937838 -3.101980 -6.781739 75.712316 7.832342 2.952686 0.737275 1.576419 3.673081 -0.765369 -0.361753 0.515246 0.718971 2.225149 1.000000 0.000000 0.000000 0.000000 
-0.942735 0.941829 0.283628 -1.051207 -0.007506 0.559928 0.383002 -0.299561 -0.135590 3.861892 -0.789451 0.752215 -2.281075 -0.247272 -1.704961 0.238224 -0.289135 -9.721327 0.363368 1.540160 0.319054 0.536076 1.265375 0.114392 -0.281786 0.409370 -0.281390 -0.008817 -1.228206 1.489642 -2.520188 0.360315 0.176765 0.363784 -0.235819 -0.076699 3.501264 0.283421 -0.481304 25.842329 63.764651 3.293658 -6.994422 0.187332 0.969301 -1.559851 3.153991 -2.448374 2.179384 2.115617 -0.780226 -0.281441 -14.023393 -1.138783 -2.225911 -1.362991 -3.853079 -0.319729 -5.747407 -15.709170 -0.622180 0.953031 -1.110096 -7.459563 0.646768 -18.937885 -1.900161 -0.531211 -0.393630 -0.122297 -0.050592 -0.091473 -0.093672 -0.040468 -0.315998 0.697859 -0.564693 1.000000 0.000000 0.000000 
-0.507608 2.194715 0.331646 -0.057378 -0.836690 -1.113861 -0.751995 -0.379657 0.664892 5.468104 -1.348921 3.488171 -1.677099 -1.447351 5.909524 -0.934861 0.180643 -7.903770 0.322483 0.911065 0.294124 0.007328 -4.523648 1.286120 -0.745375 -1.941295 -1.576554 -0.544060 -20.828724 -1.733239 2.003797 0.104760 -0.891554 -0.192092 0.133475 -1.472988 0.527263 0.312821 0.657229 -11.942761 -27.502034 -1.437124 0.439284 0.190331 -0.490564 1.534839 -4.601243 2.269065 -1.607454 -2.497530 1.155934 0.123444 15.374955 1.228062 4.344542 2.964999 11.356435 0.886889 -1.093478 7.258631 0.338406 -2.663404 -2.799769 -3.896271 -5.944952 64.551699 6.876074 2.884737 0.783225 1.147408 -1.657056 -0.314323 -0.674035 0.229466 0.716083 7.277056 0.247253 -6.295254 1.000000 0.000000 
3.924300 0.277917 -0.431963 -0.952908 0.519118 1.098294 0.325393 1.055437 -0.453848 12.147378 -5.105338 5.428957 -4.502722 -0.951232 -2.162240 0.250810 -0.347412 -6.781430 0.265249 1.839896 -0.192938 0.387217 0.969615 -1.655772 0.873634 0.399751 -0.503493 -0.262482 6.076282 0.322531 -0.097495 0.160792 0.191767 1.781723 -0.559716 1.499668 0.526367 0.078014 -0.182026 -3.255891 -9.663317 -0.480618 4.771834 -0.336397 -0.425357 0.939050 -1.883350 1.635411 -2.021689 -1.853469 1.006489 0.296910 28.752546 2.333342 2.406735 1.527501 5.928453 0.476968 10.626581 17.040261 0.704801 0.099395 4.131194 8.015393 2.978865 -21.006560 -2.312738 -1.274704 0.535394 -1.292173 -6.887823 1.052365 0.272824 0.386564 -0.312950 -2.411778 0.137629 1.328394 -0.243813 1.000000 
0.419406 -0.031784 0.781114 -0.935425 -0.126706 0.568127 0.742876 -1.070045 -0.739432 0.167065 -0.957509 -0.504814 0.388210 0.960648 -0.475350 -0.385268 1.465253 -1.813582 1.362168 -1.486063 -0.436844 -1.340988 -0.258854 -0.966228 -0.460142 1.304366 0.562489 0.428409 0.619722 -0.731334 1.782196 -0.276633 -0.803775 0.403829 -0.619800 0.008311 -1.685507 0.731081 -0.731506 0.366795 -1.074401 -0.778116 -0.968210 0.514033 0.819428 2.049117 0.637061 0.216164 0.109984 -0.970917 -0.238771 0.390519 0.142761 0.578369 0.084262 -0.354659 0.969219 0.029490 0.448643 0.413490 0.056802 0.565868 -0.954603 -0.430594 0.107988 0.025600 0.467708 -0.050088 -1.846742 2.518557 -0.052962 0.592654 -1.777432 0.851702 -0.872089 -0.239218 -1.063232 -0.455370 -1.200320 0.102864 
0.000000 -0.651491 -1.669271 2.850902 0.287259 -0.780213 -3.861001 2.240981 2.025305 -2.179674 4.141052 1.920848 -1.546241 -3.797458 1.814273 0.853952 -4.059087 4.657511 -3.651712 3.526024 1.623868 3.600837 0.742869 2.363588 0.893622 -3.523317 -1.748386 -0.764707 -1.999907 0.376401 -6.910805 2.192111 3.081094 -1.061811 1.602095 -1.018641 4.423298 -1.600741 3.104673 0.988476 2.594384 1.330424 1.482294 -2.306093 -2.083224 -3.312886 -0.520972 -1.757266 0.612474 0.605360 -0.842714 1.586643 0.426608 -1.069276 0.862321 0.628431 -2.122427 0.954498 -1.637869 -0.284299 -0.216159 -0.662932 0.697699 1.273793 -1.410214 -0.847698 -2.251389 1.521452 2.983357 -5.829155 -0.278499 -1.597991 3.552721 -3.359185 1.698439 0.866596 3.163017 1.836634 2.866820 -0.443192 
0.000000 0.000000 7.773477 -8.704587 -0.568891 1.417330 11.203733 -7.628157 -5.956965 6.141007 -10.571083 -4.695972 4.178732 10.776605 -6.432649 -2.902909 12.585330 -15.417537 9.551931 -10.980019 -6.571959 -11.211054 -2.324129 -7.668714 -2.642036 10.864003 5.040220 4.113959 6.504442 -1.528218 22.105436 -5.917076 -8.566230 2.822923 -4.985512 2.211997 -14.118559 5.533453 -9.084263 -1.196150 -9.268460 -5.579382 -5.728463 6.801398 6.330879 9.532466 4.737164 4.050365 -1.759288 -3.946225 1.137581 -2.486257 -1.450132 4.397292 -1.532959 -2.411184 5.850600 -4.066887 3.981354 1.857411 0.501216 2.078716 -3.620848 -3.152862 5.607266 3.307071 6.263644 -2.599577 -11.278162 18.641560 0.744384 5.099053 -11.710968 10.210698 -4.996564 -1.533026 -11.734894 -6.219640 -8.891574 1.770705 
0.000000 0.000000 0.000000 1.287629 -0.058561 -0.854276 0.171828 -1.172688 -0.681150 1.138648 -1.377087 -0.718608 0.696111 0.511226 -3.092121 -0.390201 -1.052664 0.318201 -0.013442 -1.568082 0.508456 -1.495735 -1.018168 0.359806 -1.123052 0.626429 -0.022110 -0.150807 1.076667 -1.913761 1.985769 -2.643790 -1.105771 1.210441 -2.059032 -0.042074 -1.740930 -0.260714 0.574831 0.093296 -1.417401 -0.832043 -1.261449 2.761669 -0.003641 -1.264178 -0.883830 0.989622 -0.172898 -0.760466 -1.340219 -0.213146 -1.650689 -0.015466 -0.625922 0.886566 0.077397 0.610322 1.231073 -1.447453 0.344240 -0.350950 0.019230 -0.220830 2.531168 1.575451 1.446491 0.220500 0.016241 0.643760 -0.130589 -0.432607 -1.584316 0.300114 -0.904371 0.780760 -0.590277 -2.091774 0.471740 0.307773 
0.000000 0.000000 0.000000 0.000000 1.195306 0.890673 -5.000386 5.192835 2.873186 -5.286828 6.507244 5.942969 -2.731016 -4.524782 6.559971 0.653124 -1.835615 1.809467 -3.766174 6.474401 -1.347435 7.492392 2.300760 1.063543 2.866989 -5.392255 -0.605285 0.660671 -3.589415 4.457245 -11.250877 8.846549 3.438788 -2.798951 4.399975 -1.988457 6.684679 -1.010978 1.016018 4.960205 5.183721 1.487911 3.183208 -7.789861 -1.271429 1.661488 3.889330 -4.431642 1.167883 0.961283 -0.528666 3.612368 4.801739 -0.608483 2.944493 -4.283917 -1.912943 0.090492 -4.279237 3.727638 -1.996260 0.722666 -1.927227 2.014576 -6.439920 -3.850329 -5.149879 2.258606 0.537595 -4.810786 0.561025 -1.325490 5.617539 -5.924089 3.488591 -1.203387 3.577716 7.244396 2.531750 0.093317 
0.000000 0.000000 0.000000 0.000000 0.000000 -2.260210 9.198783 -9.502551 -4.175589 8.389030 -15.162501 -6.704647 5.698774 8.316467 -14.486254 -2.860594 5.285016 -5.070096 9.125933 -12.231167 1.662538 -12.345514 -5.221177 -3.992151 -6.468080 10.270456 2.950114 -0.930991 8.681144 -8.613028 18.820589 -16.276898 -11.791332 6.728480 -11.406552 1.362354 -12.374630 1.538457 -2.292084 -4.332332 -9.391270 -5.545949 -7.692498 16.419416 5.077590 2.131586 -2.595826 8.222395 0.474430 -2.098368 -2.445676 -4.434861 -7.302130 1.416857 -4.277094 3.448578 5.984965 1.862448 8.714106 -6.531463 1.501083 -0.407425 -1.501727 -3.286074 11.766482 7.068989 10.051816 -4.622584 -4.352641 14.745604 -1.127402 3.413238 -12.006360 9.299004 -7.846574 1.747075 -8.113624 -11.430846 -2.019266 1.766891 
0.000000 0.000000 0.000000 0.000000 0.000000 0.000000 -13.222964 11.911703 4.671435 -9.656393 20.882515 7.653779 -7.794087 -9.892736 19.035289 4.125831 -7.784725 6.081505 -12.981974 15.530488 -4.302398 14.923386 5.201801 5.105131 9.371027 -14.705454 -3.885405 2.294229 -10.897170 10.952609 -22.545225 22.666493 14.417672 -8.844608 15.612708 0.665284 15.747587 -2.719248 2.931952 5.583122 10.535399 6.016818 9.168019 -23.078558 -7.423612 -3.778244 3.943585 -8.937243 -1.100096 1.789584 3.362782 4.130994 8.480139 -0.191940 3.773355 -3.993636 -9.440750 -4.078715 -11.045104 10.664622 -1.197949 0.748382 3.310263 3.651688 -14.187173 -9.547815 -11.674213 7.874894 7.130952 -21.329419 0.787885 -4.710676 18.687991 -12.762581 10.678519 -2.577087 9.428696 14.380018 1.693122 -2.812575 
0.000000 0.000000 0.000000 0.000000 0.000000 0.000000 0.000000 1.837191 -0.222618 -0.248936 -1.976564 3.156408 1.827346 -1.221890 -2.235138 -0.479435 0.100833 0.917674 3.175910 3.286477 0.488515 1.266800 0.394921 0.874233 -0.922664 0.117902 1.114979 -0.792386 1.211638 1.198319 -1.269135 -1.238935 -0.282026 0.625649 -3.019703 -2.599401 -1.291752 -0.881100 -0.140417 2.455121 3.026446 0.177706 -1.465800 1.307717 -1.498364 1.344798 1.227333 -1.453008 1.370964 2.219717 -0.051628 0.020875 2.039400 -2.987907 -0.736709 -1.714482 1.001775 2.452021 -1.320905 -2.486122 -1.490494 -0.609224 -3.020679 -0.063695 -0.687093 1.059762 -0.742188 -2.226698 -1.871451 2.954725 0.565016 -1.115684 -2.743091 -1.124352 -0.741000 -1.223416 1.340201 1.092522 2.593668 1.630564 
0.000000 0.000000 0.000000 0.000000 0.000000 0.000000 0.000000 0.000000 -2.982810 1.006636 2.907960 -2.462910 -0.687547 0.133915 -1.678938 1.017840 -3.760752 -0.503775 -6.875841 -2.110280 -0.820210 -0.346183 -1.306078 0.231174 0.913034 -1.696608 -2.221543 0.139979 -2.154308 -0.939648 3.647494 -0.427814 0.963163 -1.102773 3.167298 2.276629 1.668410 -0.725226 0.888209 -2.978546 -4.951481 0.470190 3.702142 2.143211 -0.709751 -6.397554 -6.144605 1.697121 -3.644282 -2.299562 -1.139810 -1.243537 -5.688579 2.342280 0.838119 2.826095 -4.036251 -1.059213 1.503806 0.852144 2.835298 -0.013434 5.030138 1.487711 4.818552 2.467259 2.301737 1.659921 5.129459 -5.055135 0.101900 -0.649074 1.460015 -1.037557 2.760510 2.948393 -2.464983 -1.578955 -0.414002 -1.213268 
0.000000 0.000000 0.000000 0.000000 0.000000 0.000000 0.000000 0.000000 0.000000 0.110515 -2.288077 0.522748 2.237648 -0.079542 -1.632808 -0.880183 2.711328 -0.260112 3.377303 0.791610 -1.955007 -0.724860 -1.721918 0.709265 0.691057 -0.415727 -0.178333 0.474939 1.817117 -0.584537 1.688995 -1.678658 -1.537604 1.993570 -2.489987 -3.567460 -0.165430 -0.820169 0.076239 1.909587 0.926021 -3.309640 -1.893820 1.760637 0.469887 2.457429 3.786278 -1.681050 3.152868 0.778145 -0.255487 1.888859 2.171421 -0.188047 -1.302194 -0.954316 1.920111 1.607527 -0.499010 -1.417149 -1.203785 -0.929966 -4.108073 -2.412863 0.104856 -0.352705 0.474295 -3.587212 -1.199198 3.854129 1.399525 1.135915 -3.051936 -1.223544 -2.042740 0.779573 -1.136064 -0.636838 1.832073 0.711272 
0.000000 0.000000 0.000000 0.000000 0.000000 0.000000 0.000000 0.000000 0.000000 0.000000 -6.631823 4.154701 3.840314 -0.117714 -4.744308 -2.599478 1.857565 1.224101 10.641434 4.007862 2.386835 -1.920589 3.221250 2.574824 -3.812166 0.302388 3.011863 -0.099120 4.091053 -0.192141 -1.418825 -3.307666 -1.113892 2.496248 -5.883658 -4.908646 -6.518054 1.262659 -2.618186 4.417132 6.785046 0.424832 -7.027293 1.330746 -2.995830 4.030113 5.933720 -1.478915 2.516290 2.543174 1.242887 1.119671 5.975644 -5.610072 -0.214960 -1.009598 4.222073 3.057637 -1.414330 -3.492344 -0.768546 -0.517456 -7.375995 -1.259932 -3.515387 2.004703 -2.286592 -2.929630 -8.083944 6.809291 0.404904 0.179219 -6.059011 0.073020 -3.346715 -2.630071 5.201071 -0.540104 1.056135 2.680518 
0.000000 0.000000 0.000000 0.000000 0.000000 0.000000 0.000000 0.000000 0.000000 0.000000 0.000000 2.044297 -1.346239 -0.136542 3.163455 2.194942 -2.490145 1.481038 0.280346 0.610849 5.844905 3.446269 1.083711 -0.419962 -2.225814 5.985434 0.985070 -2.969091 0.324104 -0.142589 -7.396023 1.282943 3.071921 -1.297736 -3.810798 3.284578 -4.227289 -0.929422 0.536783 0.050225 2.829635 7.314301 0.544811 -2.737350 -1.298652 0.720455 -5.173928 2.058346 -2.551956 1.991255 1.579423 -4.955839 -1.244358 -4.494845 -1.128953 -2.831380 -0.077965 3.043378 -0.188266 -1.595456 -5.286238 -0.129482 2.674158 2.189349 -2.648133 -0.969422 -2.791070 2.171236 -0.316049 -1.253504 -4.807382 -4.146657 -1.087277 2.360177 0.394812 -5.206516 3.208827 4.397689 0.374478 1.012136 
0.000000 0.000000 0.000000 0.000000 0.000000 0.000000 0.000000 0.000000 0.000000 0.000000 0.000000 0.000000 0.856445 0.164943 -7.432321 -9.001577 -2.573339 0.114442 3.080888 0.994491 -2.127544 -9.727090 14.397736 6.211199 -3.801086 -15.162366 1.305876 5.554563 -2.478373 -0.250651 7.140796 0.199798 3.008830 -2.163318 13.296052 -2.516829 -1.634586 9.499315 -8.028824 -0.338467 3.564491 -0.013862 -5.187484 -2.764642 -4.926645 -7.643112 6.200566 -4.053068 -5.488142 -5.790409 2.033853 7.066667 5.943715 0.546115 10.187961 12.052225 -1.688449 -11.273184 -1.958957 5.518741 18.628282 3.562789 -0.492653 3.366129 -4.401458 5.940631 -4.483550 6.701653 -8.878611 -6.901016 3.463905 5.219976 4.636551 0.558543 4.519394 5.130436 10.195245 -10.036767 -9.680831 -1.942958 
0.000000 0.000000 0.000000 0.000000 0.000000 0.000000 0.000000 0.000000 0.000000 0.000000 0.000000 0.000000 0.000000 -2.719392 39.918971 44.484144 17.512236 -0.645770 -11.434060 -2.880893 3.478496 50.491783 -77.632890 -27.329228 27.528262 72.019102 -12.998048 -26.640853 14.269333 -1.834892 -32.200239 -0.212013 -14.411082 13.007817 -66.979149 5.841187 12.801262 -50.828466 41.130113 5.670969 -16.722400 -7.989033 25.325652 13.172746 27.391278 41.718444 -23.114745 13.150784 34.016357 29.038308 -9.421536 -30.149886 -25.241178 -0.349948 -52.920641 -60.227953 9.486666 57.897401 7.661170 -28.550591 -95.228746 -22.608465 -3.119577 -26.075412 20.086045 -34.961553 22.170957 -42.506066 48.112470 34.665055 -13.614067 -22.297559 -28.068663 -7.471797 -24.369358 -21.780758 -52.484489 48.448794 52.198673 7.289136 
0.000000 0.000000 0.000000 0.000000 0.000000 0.000000 0.000000 0.000000 0.000000 0.000000 0.000000 0.000000 0.000000 0.000000 6.478853 -3.316697 -1.086818 3.885538 -2.106787 -7.698859 12.549051 -0.414851 8.087271 6.909845 -9.586685 12.978839 -1.311952 -6.151786 0.645762 -9.779551 -18.640404 0.178938 22.614542 -1.566114 -7.516617 -0.867957 -14.387592 -0.754099 1.165129 -3.193968 10.682543 22.529731 3.151749 -9.670743 -4.768582 -3.745168 -16.590182 -1.573369 -10.133427 -0.444553 9.542032 -7.555711 -3.857151 -15.941335 -2.099669 -4.454244 1.672828 7.816239 -3.488291 -4.499537 -15.369822 2.450243 6.975960 8.926479 -9.781175 -1.872929 -19.006948 5.123592 -1.912845 -7.863079 -22.926298 -14.876236 -11.180448 11.274083 3.439148 -9.656164 10.070881 4.526306 -2.063165 3.681731 
0.000000 0.000000 0.000000 0.000000 0.000000 0.000000 0.000000 0.000000 0.000000 0.000000 0.000000 0.000000 0.000000 0.000000 0.000000 -66.459091 -31.351044 30.582622 -5.039643 -44.892170 84.169180 -53.150998 139.903896 79.677314 -91.969626 10.258647 -1.561341 -13.225890 -10.485696 -63.371042 -89.013682 0.317838 169.107525 -28.269291 23.433143 -10.612801 -106.522919 48.767207 -35.823171 -30.540602 88.611425 164.498882 -2.342944 -78.010295 -63.448863 -78.825613 -91.445264 -24.711152 -109.360028 -32.447187 74.491856 -18.659444 -2.848434 -106.759094 46.689420 38.780753 -3.479473 -8.128090 -29.829359 -1.157298 2.684288 35.693537 53.441693 88.289437 -83.966003 26.277163 -151.633930 78.172101 -61.751140 -98.474883 -139.207690 -74.921186 -46.488590 82.104087 52.967524 -36.564847 127.883101 -23.047853 -66.950929 14.566837 
0.000000 0.000000 0.000000 0.000000 0.000000 0.000000 0.000000 0.000000 0.000000 0.000000 0.000000 0.000000 0.000000 0.000000 0.000000 0.000000 11.378465 -6.347764 -1.336214 -5.774888 -14.259149 0.338060 -18.937460 -8.551949 9.121707 -0.911016 -0.585967 1.879624 2.432984 -1.715093 9.911774 -2.846414 -14.283358 6.626806 -5.175287 -6.925394 10.919325 -5.800580 4.962367 5.033503 -11.252698 -22.291533 1.237700 10.712557 11.200634 12.454437 10.531326 -1.273008 14.380528 0.858764 -7.509728 7.267423 2.278006 10.860905 -7.108977 -7.350889 4.650182 1.208005 1.735509 1.174736 -7.207491 -0.206469 -10.513281 -9.518167 7.018307 -4.930837 12.404527 -8.735526 2.533069 16.558883 7.460530 7.316019 -0.242827 -7.360195 -8.177064 5.933025 -22.743848 1.682714 8.828313 -0.113432 
0.000000 0.000000 0.000000 0.000000 0.000000 0.000000 0.000000 0.000000 0.000000 0.000000 0.000000 0.000000 0.000000 0.000000 0.000000 0.000000 0.000000 0.183868 3.916267 6.208779 1.502465 0.839618 2.677731 -0.128783 1.133296 -4.692470 0.813858 1.037326 -1.381113 5.328209 3.499814 2.466772 -5.543062 1.078420 3.251489 0.378693 3.358005 1.859730 -2.560496 0.188119 -0.115105 -4.193992 -1.606156 -1.666488 0.473419 -0.756492 5.785120 -1.140034 3.579490 1.507211 -1.170007 2.411507 4.815120 3.647986 1.085091 7.447115 -0.910405 -3.799325 -2.165377 0.896982 8.720370 -0.653462 0.279631 0.115637 1.910947 -0.636184 4.740400 -2.907902 -0.595408 -0.230160 8.685382 5.240939 4.300074 -2.750890 0.884173 2.949542 2.115811 -4.079030 -2.781680 -1.810461 
0.000000 0.000000 0.000000 0.000000 0.000000 0.000000 0.000000 0.000000 0.000000 0.000000 0.000000 0.000000 0.000000 0.000000 0.000000 0.000000 0.000000 0.000000 99.112547 151.746113 26.193206 17.955095 60.711729 -4.482634 32.725475 -123.006749 22.968082 30.144263 -35.998727 130.782874 88.495283 61.587467 -141.734406 27.775315 83.570729 8.099595 82.277500 47.061687 -63.797912 9.924216 -4.656956 -112.164728 -45.740703 -39.910399 12.776645 -10.303026 153.180461 -26.840535 90.529637 32.856448 -31.646875 64.027297 121.365809 94.452155 28.359720 176.659303 -19.978081 -97.250328 -51.754412 26.786111 215.608546 -13.206043 0.775237 -6.636664 41.522782 -16.090691 119.867629 -68.395410 -12.839322 -2.208580 218.700538 130.921700 111.154302 -73.345288 18.521489 69.212447 52.213770 -96.604380 -71.923544 -45.622250 
0.000000 0.000000 0.000000 0.000000 0.000000 0.000000 0.000000 0.000000 0.000000 0.000000 0.000000 0.000000 0.000000 0.000000 0.000000 0.000000 0.000000 0.000000 0.000000 2.090449 1.462246 -1.172206 1.233678 0.075208 -3.517669 -1.715630 4.794452 -0.406054 0.056882 3.347627 -1.273907 1.464474 0.753562 0.086568 -1.329992 -2.115910 -0.252284 0.868486 1.383316 0.839502 1.007241 1.440431 1.700521 -1.579105 -1.679514 -3.265997 0.140532 0.718509 0.492408 2.728150 2.312111 0.194328 0.314093 -1.943821 -1.732276 3.102510 0.113165 -2.290563 -3.278101 1.525443 0.503697 3.845880 1.300505 2.752583 0.723776 1.636386 0.181088 -0.054844 0.212080 -0.854860 0.255316 -1.731439 1.941611 1.150858 -0.147763 -0.483420 1.206316 -3.286685 -2.052345 0.593765 
0.000000 0.000000 0.000000 0.000000 0.000000 0.000000 0.000000 0.000000 0.000000 0.000000 0.000000 0.000000 0.000000 0.000000 0.000000 0.000000 0.000000 0.000000 0.000000 0.000000 7.799471 0.350697 3.319489 -0.237792 -4.353655 1.153279 -1.951206 -1.749478 0.289678 0.596205 -0.517333 1.086735 1.653387 -2.047792 -2.143559 -1.532401 1.521132 0.547798 1.714975 0.074726 -1.595298 3.530845 2.047101 -4.118615 3.457628 -6.284442 -4.811076 -3.626595 0.499885 1.495997 0.942311 3.321414 0.367674 -0.266517 0.599136 9.856373 -0.769690 -3.016449 -2.078725 0.827684 3.055129 3.389713 4.406380 5.410902 5.200656 -0.955964 2.436028 -2.501063 -1.048318 -2.315629 -1.911188 0.246332 -2.048364 2.408716 1.843190 5.456397 3.660599 -8.626881 -2.930139 -1.219005 
0.000000 0.000000 0.000000 0.000000 0.000000 0.000000 0.000000 0.000000 0.000000 0.000000 0.000000 0.000000 0.000000 0.000000 0.000000 0.000000 0.000000 0.000000 0.000000 0.000000 0.000000 3.881560 0.956986 0.474041 10.289140 0.168261 -18.269076 2.208322 -2.413869 -4.039703 7.835357 -1.128752 -5.694373 -3.815993 6.033592 5.497148 4.608052 -1.344817 -4.354192 -3.715316 -4.278301 -6.165691 -3.785947 -0.988527 7.877869 2.670039 0.938854 -6.310306 0.362687 -5.797133 -5.428983 2.475731 2.390693 8.955013 6.619579 -1.089764 -3.678505 1.746710 8.876803 -3.966274 6.348768 -8.949853 0.742312 -8.132531 3.086947 -4.445524 6.539154 -3.845755 2.489131 -2.587703 3.962527 7.491493 -2.333269 -6.305583 3.782022 5.970813 1.415102 5.220711 1.369721 -3.933645 
0.000000 0.000000 0.000000 0.000000 0.000000 0.000000 0.000000 0.000000 0.000000 0.000000 0.000000 0.000000 0.000000 0.000000 0.000000 0.000000 0.000000 0.000000 0.000000 0.000000 0.000000 0.000000 -1.550586 -1.878380 -1.467191 7.996937 6.624547 -1.068252 1.883802 1.258182 -4.240387 0.377935 3.498467 3.464391 -4.176945 1.648979 -6.752100 -2.514036 2.309499 0.336389 3.794768 1.768035 -0.243733 2.616444 -5.658890 5.181129 -2.129514 3.792208 -0.240377 3.983425 1.069766 -7.325765 0.022722 -6.665905 -6.202058 -7.635644 1.920685 6.779529 -2.611519 -3.352278 -9.802955 -2.016350 -1.395597 3.087372 -0.514211 0.685758 -4.391323 2.068393 1.239752 5.625213 -4.204417 -5.880816 -0.598964 0.716833 -1.441044 -7.917949 -5.970238 5.736829 5.520622 4.285499 
0.000000 0.000000 0.000000 0.000000 0.000000 0.000000 0.000000 0.000000 0.000000 0.000000 0.000000 0.000000 0.000000 0.000000 0.000000 0.000000 0.000000 0.000000 0.000000 0.000000 0.000000 0.000000 0.000000 -1.970926 -6.774779 1.555184 15.277569 -2.899351 3.071325 5.126452 -3.862228 3.476553 2.796300 5.484194 -3.707545 -2.742484 -4.162827 0.754288 1.791205 4.636232 1.065962 4.307868 4.815366 2.787547 -8.173216 -0.781406 -0.378021 5.548835 -1.656804 7.859483 1.234687 -3.298257 -0.910008 -5.469359 -4.767526 1.277814 0.538313 0.454011 -7.368251 2.492612 -1.813113 0.636660 -1.859318 7.726230 -1.834548 2.824578 -7.074882 2.771055 -2.144171 2.685289 0.580985 -5.396932 1.229583 0.398810 -3.181016 -5.193132 -5.722412 -3.025685 2.145924 3.463017 
0.000000 0.000000 0.000000 0.000000 0.000000 0.000000 0.000000 0.000000 0.000000 0.000000 0.000000 0.000000 0.000000 0.000000 0.000000 0.000000 0.000000 0.000000 0.000000 0.000000 0.000000 0.000000 0.000000 0.000000 -6.381744 2.055310 18.240894 -3.706582 4.280487 3.999291 -4.867220 1.735379 5.357371 11.940573 -2.740477 -3.866702 -0.819149 2.364769 -0.553594 4.260743 1.941339 5.058287 2.371205 8.136780 -11.717939 -3.470655 2.081732 7.189556 -3.236645 7.485750 -1.552781 0.871874 0.176948 -8.014647 -3.540840 8.374428 2.168820 -0.967067 -12.316959 4.804178 0.248019 -2.514524 -4.284980 13.894457 0.109366 3.152231 -11.434475 2.278823 -4.926585 4.814103 2.652145 0.354470 0.756761 2.272747 -0.673819 2.612702 -11.036559 -12.402542 4.915052 2.454161 
0.000000 0.000000 0.000000 0.000000 0.000000 0.000000 0.000000 0.000000 0.000000 0.000000 0.000000 0.000000 0.000000 0.000000 0.000000 0.000000 0.000000 0.000000 0.000000 0.000000 0.000000 0.000000 0.000000 0.000000 0.000000 -18.120028 -4.895097 -0.527825 -5.613344 2.519382 12.960214 1.965827 -11.833103 -6.165458 8.180477 -6.710467 12.831214 5.061647 -2.569276 3.342825 -13.402615 -4.591853 9.848502 -4.624214 9.255325 -10.723818 3.492602 -5.161998 3.741143 -0.789391 -1.318095 13.238405 0.516879 16.513745 9.530901 15.036666 -5.897755 -12.655480 3.331140 5.301726 23.311224 6.065805 2.316669 -5.720620 0.787570 -0.281939 12.451049 -6.174978 -3.532965 -9.843879 13.149648 6.128796 1.190007 -9.782341 -0.989431 11.497156 6.870162 -6.249910 -10.678219 -7.923835 
0.000000 0.000000 0.000000 0.000000 0.000000 0.000000 0.000000 0.000000 0.000000 0.000000 0.000000 0.000000 0.000000 0.000000 0.000000 0.000000 0.000000 0.000000 0.000000 0.000000 0.000000 0.000000 0.000000 0.000000 0.000000 0.000000 -4.785451 0.002379 -3.301606 1.140571 1.271813 0.321377 0.171207 -5.891932 4.258083 -0.897363 -1.747831 -2.433197 1.816360 -1.368356 -0.278833 1.168413 0.437460 -4.814508 1.744393 -0.884977 0.087044 -1.312231 1.006697 -1.133389 3.401748 -1.505915 0.612929 3.502877 2.461395 -6.950646 -2.766981 1.764084 4.595460 -3.842944 -0.043155 3.041650 1.657811 -6.364461 -2.960735 -0.598093 3.062948 -1.470117 2.150998 -2.945785 -4.647387 -3.141442 -0.713649 -4.381065 0.929999 -3.176983 5.394572 8.831579 -0.663446 -0.354439 
0.000000 0.000000 0.000000 0.000000 0.000000 0.000000 0.000000 0.000000 0.000000 0.000000 0.000000 0.000000 0.000000 0.000000 0.000000 0.000000 0.000000 0.000000 0.000000 0.000000 0.000000 0.000000 0.000000 0.000000 0.000000 0.000000 0.000000 4.046343 -1.838853 -3.486006 1.649722 0.000571 -4.683813 1.829785 -4.376815 -2.332031 -1.071733 3.152695 0.655566 3.145552 -2.127911 -6.977269 -0.972862 -0.422865 2.249455 5.047870 -0.894987 -2.332735 4.371008 -0.112268 -3.607173 3.293215 4.275229 2.306323 -1.352255 2.964104 2.686208 -2.491551 -0.503314 3.011504 -1.037144 2.123923 -4.565522 0.661489 1.537337 -2.400267 4.570374 0.653313 -3.262853 4.457139 3.606765 1.315470 -0.354265 -1.967345 -4.168506 -0.830542 -1.876746 5.069974 -4.416299 1.473606 
0.000000 0.000000 0.000000 0.000000 0.000000 0.000000 0.000000 0.000000 0.000000 0.000000 0.000000 0.000000 0.000000 0.000000 0.000000 0.000000 0.000000 0.000000 0.000000 0.000000 0.000000 0.000000 0.000000 0.000000 0.000000 0.000000 0.000000 0.000000 0.420354 -0.059084 -1.472325 3.858753 -0.129593 -0.890065 -5.473414 -1.774299 -4.758657 1.362628 3.298814 4.423857 -0.340943 -3.068590 1.475319 -3.431433 1.398511 3.302320 -0.382018 -1.421771 4.411687 1.735672 1.441329 -0.414988 0.037685 -1.592439 -4.058873 -1.226749 0.967899 2.432841 -0.251898 -1.030290 -5.629976 3.338981 -3.156361 -2.928038 1.366887 3.402058 3.142289 -1.549377 -0.590585 1.405950 3.125150 -3.823997 -5.183661 -3.355615 -4.912201 -2.854851 0.164322 1.348040 1.086674 3.654679 
0.000000 0.000000 0.000000 0.000000 0.000000 0.000000 0.000000 0.000000 0.000000 0.000000 0.000000 0.000000 0.000000 0.000000 0.000000 0.000000 0.000000 0.000000 0.000000 0.000000 0.000000 0.000000 0.000000 0.000000 0.000000 0.000000 0.000000 0.000000 0.000000 -2.617582 31.564412 -113.884912 8.660579 25.516195 145.126317 57.822291 139.861782 -38.770971 -96.795101 -128.891650 16.584283 91.383229 -42.273730 102.724352 -34.476808 -93.672113 2.546551 41.046772 -133.354147 -52.764049 -42.037118 6.326373 -11.228644 35.918229 110.029612 41.460630 -22.701262 -71.374983 5.240014 35.629355 152.537703 -99.750461 96.775923 93.187387 -35.186701 -96.744719 -98.641708 47.324762 18.248567 -42.371950 -92.041919 109.482920 149.651644 119.131814 140.569171 81.043772 -0.901702 -58.007828 -32.614988 -105.701133 
0.000000 0.000000 0.000000 0.000000 0.000000 0.000000 0.000000 0.000000 0.000000 0.000000 0.000000 0.000000 0.000000 0.000000 0.000000 0.000000 0.000000 0.000000 0.000000 0.000000 0.000000 0.000000 0.000000 0.000000 0.000000 0.000000 0.000000 0.000000 0.000000 0.000000 20.080172 -59.573917 6.224130 16.412862 80.056988 29.940963 78.497322 -21.679233 -51.520168 -66.975264 9.188051 50.342375 -28.043762 54.220582 -19.811751 -52.078630 1.095284 21.624688 -70.831962 -25.654727 -24.020061 5.843079 -3.524260 20.358518 57.805339 27.601947 -14.765127 -41.986469 0.887688 21.204912 83.659094 -54.931591 52.468774 53.522573 -14.387973 -52.405621 -54.095232 22.120292 8.098909 -21.274158 -48.667234 61.164410 80.834599 63.195530 77.082980 49.665763 -4.863080 -38.791232 -14.859791 -58.462328 
0.000000 0.000000 0.000000 0.000000 0.000000 0.000000 0.000000 0.000000 0.000000 0.000000 0.000000 0.000000 0.000000 0.000000 0.000000 0.000000 0.000000 0.000000 0.000000 0.000000 0.000000 0.000000 0.000000 0.000000 0.000000 0.000000 0.000000 0.000000 0.000000 0.000000 0.000000 56.414378 -1.886746 10.282198 -62.375696 -32.126457 -46.702847 20.884673 43.172429 69.970438 -13.906798 -47.557498 -7.900819 -43.903474 9.692336 38.358929 5.279218 -19.871240 63.977353 27.977150 1.945373 21.697883 18.191846 -9.152930 -49.464867 15.833097 3.357212 15.702605 -13.434484 -2.370422 -53.211655 35.223711 -49.979305 -23.888182 40.901097 44.657815 44.318588 -33.059397 -21.287310 30.419025 55.448190 -29.318581 -67.058997 -58.748727 -58.226035 1.035506 -24.166734 -19.910524 22.372179 39.863087 
0.000000 0.000000 0.000000 0.000000 0.000000 0.000000 0.000000 0.000000 0.000000 0.000000 0.000000 0.000000 0.000000 0.000000 0.000000 0.000000 0.000000 0.000000 0.000000 0.000000 0.000000 0.000000 0.000000 0.000000 0.000000 0.000000 0.000000 0.000000 0.000000 0.000000 0.000000 0.000000 4.479650 20.500629 1.742627 -0.242857 12.762067 -3.888336 -0.905318 2.963956 3.873755 4.989859 -33.628325 1.334803 -3.229179 2.702233 6.988344 1.339091 -1.281175 -6.489373 -16.158481 16.201521 2.394913 -0.351392 -1.065425 12.875864 -3.702865 -10.069179 -7.821705 10.341613 4.269767 -7.656101 3.701950 15.967359 16.285257 -0.319978 -9.403678 -3.184526 0.726791 10.972112 3.739675 11.782969 11.314540 11.234839 10.389461 21.309463 -14.536554 -35.015926 3.938718 -7.233694 
0.000000 0.000000 0.000000 0.000000 0.000000 0.000000 0.000000 0.000000 0.000000 0.000000 0.000000 0.000000 0.000000 0.000000 0.000000 0.000000 0.000000 0.000000 0.000000 0.000000 0.000000 0.000000 0.000000 0.000000 0.000000 0.000000 0.000000 0.000000 0.000000 0.000000 0.000000 0.000000 0.000000 -6.075866 -4.824992 -2.256694 0.796427 0.817287 2.854776 3.010378 2.560598 -0.457912 9.707669 -0.129774 6.263224 2.552253 -14.972907 -4.335430 4.823861 7.614800 3.274668 -10.995135 -1.335640 -0.599360 -10.902671 2.396197 -0.305148 1.512152 -1.358843 -4.485651 -7.437444 5.721015 1.074539 6.147369 3.245582 0.771993 2.809142 -10.856424 -6.903360 1.671525 1.295187 -11.236871 -10.067044 4.686143 -6.247302 -8.880162 1.643486 5.918764 -0.454477 1.576439 
0.000000 0.000000 0.000000 0.000000 0.000000 0.000000 0.000000 0.000000 0.000000 0.000000 0.000000 0.000000 0.000000 0.000000 0.000000 0.000000 0.000000 0.000000 0.000000 0.000000 0.000000 0.000000 0.000000 0.000000 0.000000 0.000000 0.000000 0.000000 0.000000 0.000000 0.000000 0.000000 0.000000 0.000000 -20.777385 -10.374801 16.255342 -5.625493 15.735232 14.184251 17.024771 2.937383 -3.320524 2.390835 20.464768 19.655744 -52.295215 -16.647670 23.799681 23.348571 -5.691142 -28.682609 -7.889985 -5.830433 -51.592074 13.216215 -4.333072 -0.431554 -14.392517 -10.721698 -33.808089 17.144119 7.511135 39.540786 33.788449 8.717923 3.363595 -48.625507 -23.482811 26.372204 11.408532 -34.404159 -27.415189 33.583682 -15.925770 -17.751663 -16.942191 -8.895314 7.118990 1.653746 
0.000000 0.000000 0.000000 0.000000 0.000000 0.000000 0.000000 0.000000 0.000000 0.000000 0.000000 0.000000 0.000000 0.000000 0.000000 0.000000 0.000000 0.000000 0.000000 0.000000 0.000000 0.000000 0.000000 0.000000 0.000000 0.000000 0.000000 0.000000 0.000000 0.000000 0.000000 0.000000 0.000000 0.000000 0.000000 -2.510968 -0.144078 -4.277115 4.115800 -0.607115 0.177504 3.921228 -0.135007 2.620138 -1.364167 2.291679 -1.184388 -3.234049 -1.388173 4.798744 -0.927337 -1.995662 -6.668411 -2.434652 -6.926879 -7.986979 -2.422870 5.623775 -3.161591 -3.850547 -3.298323 0.252508 -1.311464 4.958732 3.710011 3.746869 -0.580338 -4.681050 -0.895847 3.470058 -2.714612 -6.175298 -0.041975 -1.189205 -0.398945 -6.167040 -7.084518 8.230712 3.984511 0.957037 
0.000000 0.000000 0.000000 0.000000 0.000000 0.000000 0.000000 0.000000 0.000000 0.000000 0.000000 0.000000 0.000000 0.000000 0.000000 0.000000 0.000000 0.000000 0.000000 0.000000 0.000000 0.000000 0.000000 0.000000 0.000000 0.000000 0.000000 0.000000 0.000000 0.000000 0.000000 0.000000 0.000000 0.000000 0.000000 0.000000 1.536025 1.200508 1.393395 -1.900339 3.708693 -1.724832 -4.737699 -0.412096 -1.353089 -0.127558 -1.682656 3.151236 2.638813 -4.190869 1.052256 2.829445 2.953796 -2.013395 1.082393 -0.505088 2.179135 -4.880397 1.835797 2.422474 -5.212250 0.524315 3.271587 -2.617361 1.411737 0.698528 -2.832817 3.862140 4.333082 2.454789 -0.327815 4.681490 2.534025 6.574751 3.190975 4.458084 -2.180344 -6.411405 -0.935971 -1.424938 
0.000000 0.000000 0.000000 0.000000 0.000000 0.000000 0.000000 0.000000 0.000000 0.000000 0.000000 0.000000 0.000000 0.000000 0.000000 0.000000 0.000000 0.000000 0.000000 0.000000 0.000000 0.000000 0.000000 0.000000 0.000000 0.000000 0.000000 0.000000 0.000000 0.000000 0.000000 0.000000 0.000000 0.000000 0.000000 0.000000 0.000000 -24.738580 -0.037685 8.047409 -9.438295 30.397645 15.487735 7.004025 7.743192 13.463779 -11.030825 -27.770672 -15.914954 37.780262 -8.250799 -31.869724 -39.630197 0.928652 -38.131360 -16.173522 -21.058248 35.027186 -18.505606 -21.117131 8.653395 -0.505427 -10.367860 37.915340 8.478040 5.024595 4.724550 -39.639449 -25.482782 2.856724 -9.079992 -42.182991 -13.388860 -19.505176 -13.674603 -40.848667 -15.116182 49.454425 19.294062 9.438178 
0.000000 0.000000 0.000000 0.000000 0.000000 0.000000 0.000000 0.000000 0.000000 0.000000 0.000000 0.000000 0.000000 0.000000 0.000000 0.000000 0.000000 0.000000 0.000000 0.000000 0.000000 0.000000 0.000000 0.000000 0.000000 0.000000 0.000000 0.000000 0.000000 0.000000 0.000000 0.000000 0.000000 0.000000 0.000000 0.000000 0.000000 0.000000 5.218304 -3.992015 8.015915 -1.278963 -11.789922 4.923598 -9.763309 1.824940 -2.724984 5.305113 -1.409727 -2.546326 -2.276257 6.172727 4.996809 -8.564155 -0.970613 -13.712791 2.738481 -5.565208 2.007318 1.800730 -14.160630 -4.201894 1.066722 -4.573232 4.602621 5.843001 -10.429774 7.119182 11.851640 9.355351 -3.434246 7.041839 6.429992 5.594217 10.551668 5.485874 -17.287504 0.715019 2.592386 -2.208452 
0.000000 0.000000 0.000000 0.000000 0.000000 0.000000 0.000000 0.000000 0.000000 0.000000 0.000000 0.000000 0.000000 0.000000 0.000000 0.000000 0.000000 0.000000 0.000000 0.000000 0.000000 0.000000 0.000000 0.000000 0.000000 0.000000 0.000000 0.000000 0.000000 0.000000 0.000000 0.000000 0.000000 0.000000 0.000000 0.000000 0.000000 0.000000 0.000000 0.198086 8.777602 3.689152 -7.159088 6.198233 -8.837998 4.794761 -12.096122 2.591461 0.155901 -1.053804 -2.934612 -1.077842 6.942288 -8.044521 -4.860920 -11.418108 3.918476 -5.253665 1.230175 0.520288 -16.465091 -7.109318 2.515921 1.543820 0.867044 0.150316 -12.907309 4.833624 11.715008 10.283409 -3.452652 1.639188 -0.420991 4.669412 9.231110 2.932543 -17.776735 8.990579 1.707564 -1.438127 
0.000000 0.000000 0.000000 0.000000 0.000000 0.000000 0.000000 0.000000 0.000000 0.000000 0.000000 0.000000 0.000000 0.000000 0.000000 0.000000 0.000000 0.000000 0.000000 0.000000 0.000000 0.000000 0.000000 0.000000 0.000000 0.000000 0.000000 0.000000 0.000000 0.000000 0.000000 0.000000 0.000000 0.000000 0.000000 0.000000 0.000000 0.000000 0.000000 0.000000 -3.567339 15.447844 8.132714 18.205536 -12.808022 5.144860 -13.504356 -6.008274 -20.117508 12.506851 -11.993399 -8.876861 -8.332791 -11.206440 -14.231235 -20.788989 -2.911089 13.766126 -10.344965 -8.365094 -2.473193 -19.644227 -7.254301 27.262051 6.144185 2.617394 -11.527489 -4.838073 0.640662 7.158474 -7.499269 -22.615960 -2.950979 -9.239529 9.406312 -11.537452 -27.942093 36.751269 3.893214 -2.247483 
0.000000 0.000000 0.000000 0.000000 0.000000 0.000000 0.000000 0.000000 0.000000 0.000000 0.000000 0.000000 0.000000 0.000000 0.000000 0.000000 0.000000 0.000000 0.000000 0.000000 0.000000 0.000000 0.000000 0.000000 0.000000 0.000000 0.000000 0.000000 0.000000 0.000000 0.000000 0.000000 0.000000 0.000000 0.000000 0.000000 0.000000 0.000000 0.000000 0.000000 0.000000 -327.894114 -101.366248 -414.178944 332.279847 -135.635357 365.693118 97.448315 398.152043 -242.179583 262.017717 178.259781 99.155862 289.934741 318.543346 501.923353 24.936088 -222.530621 196.044402 157.418464 188.210617 449.910167 125.148375 -545.295014 -131.907120 -54.366844 337.605752 55.368613 -118.443813 -227.679398 179.590708 424.323422 60.011595 151.600778 -269.215246 195.940297 711.370926 -795.833794 -94.223140 55.691864 
0.000000 0.000000 0.000000 0.000000 0.000000 0.000000 0.000000 0.000000 0.000000 0.000000 0.000000 0.000000 0.000000 0.000000 0.000000 0.000000 0.000000 0.000000 0.000000 0.000000 0.000000 0.000000 0.000000 0.000000 0.000000 0.000000 0.000000 0.000000 0.000000 0.000000 0.000000 0.000000 0.000000 0.000000 0.000000 0.000000 0.000000 0.000000 0.000000 0.000000 0.000000 0.000000 -0.530839 -9.037837 14.009682 0.863340 10.403978 -0.830256 7.389021 -12.164977 2.665701 5.381979 -7.454596 8.665555 8.465948 9.314144 2.706377 1.125693 3.442509 0.598023 10.398962 8.476232 8.521579 -5.491149 -3.349857 -5.861774 7.749617 4.900028 -5.004579 -8.056819 7.338908 5.164635 7.604753 10.883435 -4.880462 1.334390 24.969752 -17.902789 -6.666283 -0.435663 
0.000000 0.000000 0.000000 0.000000 0.000000 0.000000 0.000000 0.000000 0.000000 0.000000 0.000000 0.000000 0.000000 0.000000 0.000000 0.000000 0.000000 0.000000 0.000000 0.000000 0.000000 0.000000 0.000000 0.000000 0.000000 0.000000 0.000000 0.000000 0.000000 0.000000 0.000000 0.000000 0.000000 0.000000 0.000000 0.000000 0.000000 0.000000 0.000000 0.000000 0.000000 0.000000 0.000000 -96.603545 148.971279 12.371913 93.414448 -8.024632 83.830268 -121.514149 35.709689 39.929694 -77.529887 89.658827 77.086770 102.054122 26.694663 15.746640 33.810412 5.019295 101.841765 94.168329 90.864559 -51.827049 -37.269935 -64.575851 85.015302 43.846723 -56.700201 -82.014814 73.632919 40.572646 69.001489 115.938734 -60.680768 3.120588 266.018997 -179.170798 -70.796680 -2.118944 
0.000000 0.000000 0.000000 0.000000 0.000000 0.000000 0.000000 0.000000 0.000000 0.000000 0.000000 0.000000 0.000000 0.000000 0.000000 0.000000 0.000000 0.000000 0.000000 0.000000 0.000000 0.000000 0.000000 0.000000 0.000000 0.000000 0.000000 0.000000 0.000000 0.000000 0.000000 0.000000 0.000000 0.000000 0.000000 0.000000 0.000000 0.000000 0.000000 0.000000 0.000000 0.000000 0.000000 0.000000 24.520355 6.148618 5.063594 -12.238008 9.065012 -23.710975 -7.406290 17.226496 -11.704735 11.592704 10.452778 18.027496 12.431866 3.379484 -3.634479 -1.348467 13.321132 -1.357842 25.192738 -2.255047 1.827492 -25.290594 -2.581048 16.676811 14.835242 -8.650698 14.994761 12.531189 27.803413 23.715857 12.889217 9.582389 29.716737 -33.352505 -16.450433 -2.065943 
0.000000 0.000000 0.000000 0.000000 0.000000 0.000000 0.000000 0.000000 0.000000 0.000000 0.000000 0.000000 0.000000 0.000000 0.000000 0.000000 0.000000 0.000000 0.000000 0.000000 0.000000 0.000000 0.000000 0.000000 0.000000 0.000000 0.000000 0.000000 0.000000 0.000000 0.000000 0.000000 0.000000 0.000000 0.000000 0.000000 0.000000 0.000000 0.000000 0.000000 0.000000 0.000000 0.000000 0.000000 0.000000 5.339976 -25.984534 1.708761 6.364093 17.879751 8.193563 -21.944616 5.971621 -2.609257 -22.777344 4.696385 -3.858116 -0.681325 -1.701645 -0.816960 -11.846639 3.633171 -0.993649 3.837012 -3.901230 -7.600900 -0.883489 -8.436805 -2.225360 5.778323 -4.454613 -17.120541 -13.176967 1.737051 -12.071054 -12.682181 2.671141 12.038389 -1.952972 4.966568 
0.000000 0.000000 0.000000 0.000000 0.000000 0.000000 0.000000 0.000000 0.000000 0.000000 0.000000 0.000000 0.000000 0.000000 0.000000 0.000000 0.000000 0.000000 0.000000 0.000000 0.000000 0.000000 0.000000 0.000000 0.000000 0.000000 0.000000 0.000000 0.000000 0.000000 0.000000 0.000000 0.000000 0.000000 0.000000 0.000000 0.000000 0.000000 0.000000 0.000000 0.000000 0.000000 0.000000 0.000000 0.000000 0.000000 -7.666943 -3.121141 3.365183 -6.156680 -1.775874 0.918274 1.073199 -3.228033 -3.700000 4.460798 4.066575 1.121569 -4.317195 -0.959704 -6.906206 -5.564320 7.482800 7.275084 1.855822 -8.942318 -4.737134 1.418357 9.636022 3.319372 -2.830510 -2.946164 0.584950 2.263414 5.917545 2.545253 -4.801481 -3.985953 -1.851599 -0.452719 
0.000000 0.000000 0.000000 0.000000 0.000000 0.000000 0.000000 0.000000 0.000000 0.000000 0.000000 0.000000 0.000000 0.000000 0.000000 0.000000 0.000000 0.000000 0.000000 0.000000 0.000000 0.000000 0.000000 0.000000 0.000000 0.000000 0.000000 0.000000 0.000000 0.000000 0.000000 0.000000 0.000000 0.000000 0.000000 0.000000 0.000000 0.000000 0.000000 0.000000 0.000000 0.000000 0.000000 0.000000 0.000000 0.000000 0.000000 -5.093201 7.139650 -17.955921 -2.561410 14.194136 -1.234424 -5.056318 2.665977 4.900451 11.494592 1.727242 -7.360170 -0.218911 -9.879059 -5.599187 10.548879 -0.261950 0.525485 -10.307913 -5.620091 6.427135 24.304973 1.034077 -3.101143 8.296599 4.848411 -0.096261 13.222010 14.620498 -9.244587 -11.958601 -0.872749 -0.939867 
0.000000 0.000000 0.000000 0.000000 0.000000 0.000000 0.000000 0.000000 0.000000 0.000000 0.000000 0.000000 0.000000 0.000000 0.000000 0.000000 0.000000 0.000000 0.000000 0.000000 0.000000 0.000000 0.000000 0.000000 0.000000 0.000000 0.000000 0.000000 0.000000 0.000000 0.000000 0.000000 0.000000 0.000000 0.000000 0.000000 0.000000 0.000000 0.000000 0.000000 0.000000 0.000000 0.000000 0.000000 0.000000 0.000000 0.000000 0.000000 5.773214 -23.211989 -5.940370 21.771836 2.612259 -2.484676 10.606607 4.011197 10.687876 -1.609275 -6.613746 5.662030 -11.814487 -11.978974 17.761664 -2.736946 2.353247 -15.665062 -16.425093 11.138143 34.596361 1.078021 -5.713033 9.762661 14.277741 2.818257 23.316511 17.152200 -11.687468 -16.439031 -4.782350 -6.043138 
0.000000 0.000000 0.000000 0.000000 0.000000 0.000000 0.000000 0.000000 0.000000 0.000000 0.000000 0.000000 0.000000 0.000000 0.000000 0.000000 0.000000 0.000000 0.000000 0.000000 0.000000 0.000000 0.000000 0.000000 0.000000 0.000000 0.000000 0.000000 0.000000 0.000000 0.000000 0.000000 0.000000 0.000000 0.000000 0.000000 0.000000 0.000000 0.000000 0.000000 0.000000 0.000000 0.000000 0.000000 0.000000 0.000000 0.000000 0.000000 0.000000 23.817809 7.451794 -11.715264 3.617998 1.381852 -11.805693 -0.605148 -7.290057 -3.374170 2.522741 -3.135868 3.811726 10.012470 -14.661887 -11.948166 -8.980931 5.741052 10.814968 -7.057249 -13.532967 -3.316392 0.358436 -2.347634 -9.605713 -11.481015 -17.856350 -5.210402 7.511023 16.066322 5.337430 4.984807 
0.000000 0.000000 0.000000 0.000000 0.000000 0.000000 0.000000 0.000000 0.000000 0.000000 0.000000 0.000000 0.000000 0.000000 0.000000 0.000000 0.000000 0.000000 0.000000 0.000000 0.000000 0.000000 0.000000 0.000000 0.000000 0.000000 0.000000 0.000000 0.000000 0.000000 0.000000 0.000000 0.000000 0.000000 0.000000 0.000000 0.000000 0.000000 0.000000 0.000000 0.000000 0.000000 0.000000 0.000000 0.000000 0.000000 0.000000 0.000000 0.000000 0.000000 -6.473139 9.726313 4.874257 2.020790 0.832710 5.367018 0.911466 0.147303 -7.945173 4.248575 -5.425050 -6.019080 4.063268 -2.659093 -2.291222 -12.105568 -9.335605 -6.941033 13.087556 -2.612176 -8.235182 3.985158 5.763731 -13.156358 11.601195 8.258825 -10.417458 -3.472582 -1.057982 -3.753106 
0.000000 0.000000 0.000000 0.000000 0.000000 0.000000 0.000000 0.000000 0.000000 0.000000 0.000000 0.000000 0.000000 0.000000 0.000000 0.000000 0.000000 0.000000 0.000000 0.000000 0.000000 0.000000 0.000000 0.000000 0.000000 0.000000 0.000000 0.000000 0.000000 0.000000 0.000000 0.000000 0.000000 0.000000 0.000000 0.000000 0.000000 0.000000 0.000000 0.000000 0.000000 0.000000 0.000000 0.000000 0.000000 0.000000 0.000000 0.000000 0.000000 0.000000 0.000000 13.691656 2.469039 -2.638902 0.515125 -2.844976 1.168085 -5.459604 -0.730555 -1.411586 -8.086770 -4.623908 3.200742 -6.619387 -0.137883 -4.115990 -10.172953 6.255551 14.347242 4.097098 -3.692499 6.704640 4.724317 -3.289186 7.608557 10.145675 -9.263325 -2.740327 1.809896 -2.222433 
0.000000 0.000000 0.000000 0.000000 0.000000 0.000000 0.000000 0.000000 0.000000 0.000000 0.000000 0.000000 0.000000 0.000000 0.000000 0.000000 0.000000 0.000000 0.000000 0.000000 0.000000 0.000000 0.000000 0.000000 0.000000 0.000000 0.000000 0.000000 0.000000 0.000000 0.000000 0.000000 0.000000 0.000000 0.000000 0.000000 0.000000 0.000000 0.000000 0.000000 0.000000 0.000000 0.000000 0.000000 0.000000 0.000000 0.000000 0.000000 0.000000 0.000000 0.000000 0.000000 0.374937 -8.019068 -1.886680 -0.710270 5.926829 3.091563 -2.039361 -1.741204 -4.851455 1.205767 -5.498488 1.426269 -2.346868 -2.825138 4.517326 2.673451 1.920235 3.123753 1.361214 1.618154 -2.983167 -2.363730 0.130873 5.072776 0.159550 1.998136 4.239375 4.805245 
0.000000 0.000000 0.000000 0.000000 0.000000 0.000000 0.000000 0.000000 0.000000 0.000000 0.000000 0.000000 0.000000 0.000000 0.000000 0.000000 0.000000 0.000000 0.000000 0.000000 0.000000 0.000000 0.000000 0.000000 0.000000 0.000000 0.000000 0.000000 0.000000 0.000000 0.000000 0.000000 0.000000 0.000000 0.000000 0.000000 0.000000 0.000000 0.000000 0.000000 0.000000 0.000000 0.000000 0.000000 0.000000 0.000000 0.000000 0.000000 0.000000 0.000000 0.000000 0.000000 0.000000 99.627101 26.024482 10.189708 -71.414870 -39.854363 27.072869 23.889792 65.748179 -15.146010 65.995636 -20.543138 24.459802 27.764176 -57.307310 -27.040306 -21.218493 -41.066302 -15.520031 -16.691760 40.361929 32.048725 -0.036605 -61.684691 4.245098 -25.347503 -57.613558 -57.978409 
0.000000 0.000000 0.000000 0.000000 0.000000 0.000000 0.000000 0.000000 0.000000 0.000000 0.000000 0.000000 0.000000 0.000000 0.000000 0.000000 0.000000 0.000000 0.000000 0.000000 0.000000 0.000000 0.000000 0.000000 0.000000 0.000000 0.000000 0.000000 0.000000 0.000000 0.000000 0.000000 0.000000 0.000000 0.000000 0.000000 0.000000 0.000000 0.000000 0.000000 0.000000 0.000000 0.000000 0.000000 0.000000 0.000000 0.000000 0.000000 0.000000 0.000000 0.000000 0.000000 0.000000 0.000000 -1.282798 2.696767 -0.909950 1.829531 -3.834665 1.072681 0.029642 2.230196 -3.129972 -3.836573 -1.205333 0.894539 1.148138 -6.066985 1.710374 -4.002342 -1.395223 2.802967 -2.675339 -6.498841 4.777863 4.184465 -2.029930 -3.822341 2.520773 0.999596 
0.000000 0.000000 0.000000 0.000000 0.000000 0.000000 0.000000 0.000000 0.000000 0.000000 0.000000 0.000000 0.000000 0.000000 0.000000 0.000000 0.000000 0.000000 0.000000 0.000000 0.000000 0.000000 0.000000 0.000000 0.000000 0.000000 0.000000 0.000000 0.000000 0.000000 0.000000 0.000000 0.000000 0.000000 0.000000 0.000000 0.000000 0.000000 0.000000 0.000000 0.000000 0.000000 0.000000 0.000000 0.000000 0.000000 0.000000 0.000000 0.000000 0.000000 0.000000 0.000000 0.000000 0.000000 0.000000 -6.766633 -4.969604 -4.638674 8.698929 -5.030843 -2.598460 -14.289595 13.853943 11.643497 6.254788 -2.938694 -7.412545 22.433110 0.208661 12.413279 1.467741 -13.157092 9.094346 14.672010 -9.964991 -12.246654 2.899979 10.246315 -3.083495 -3.935930 
0.000000 0.000000 0.000000 0.000000 0.000000 0.000000 0.000000 0.000000 0.000000 0.000000 0.000000 0.000000 0.000000 0.000000 0.000000 0.000000 0.000000 0.000000 0.000000 0.000000 0.000000 0.000000 0.000000 0.000000 0.000000 0.000000 0.000000 0.000000 0.000000 0.000000 0.000000 0.000000 0.000000 0.000000 0.000000 0.000000 0.000000 0.000000 0.000000 0.000000 0.000000 0.000000 0.000000 0.000000 0.000000 0.000000 0.000000 0.000000 0.000000 0.000000 0.000000 0.000000 0.000000 0.000000 0.000000 0.000000 1.026180 4.957980 -0.655202 -3.484126 -4.785350 -1.221392 2.749731 8.248566 0.717481 -0.708853 -0.261824 -4.781493 -3.501268 5.939054 -4.914659 -1.392738 -0.981804 -3.037649 -2.679321 -1.978869 -4.841263 2.782221 1.864540 -0.341442 
0.000000 0.000000 0.000000 0.000000 0.000000 0.000000 0.000000 0.000000 0.000000 0.000000 0.000000 0.000000 0.000000 0.000000 0.000000 0.000000 0.000000 0.000000 0.000000 0.000000 0.000000 0.000000 0.000000 0.000000 0.000000 0.000000 0.000000 0.000000 0.000000 0.000000 0.000000 0.000000 0.000000 0.000000 0.000000 0.000000 0.000000 0.000000 0.000000 0.000000 0.000000 0.000000 0.000000 0.000000 0.000000 0.000000 0.000000 0.000000 0.000000 0.000000 0.000000 0.000000 0.000000 0.000000 0.000000 0.000000 0.000000 -59.415422 6.340461 41.135549 70.581943 32.971728 -54.704494 -123.758900 -26.410995 11.356958 13.237926 41.695321 43.840340 -89.442144 65.681377 33.819087 2.653678 30.935176 33.160639 36.626871 67.176736 -43.837344 -30.473061 7.029285 
0.000000 0.000000 0.000000 0.000000 0.000000 0.000000 0.000000 0.000000 0.000000 0.000000 0.000000 0.000000 0.000000 0.000000 0.000000 0.000000 0.000000 0.000000 0.000000 0.000000 0.000000 0.000000 0.000000 0.000000 0.000000 0.000000 0.000000 0.000000 0.000000 0.000000 0.000000 0.000000 0.000000 0.000000 0.000000 0.000000 0.000000 0.000000 0.000000 0.000000 0.000000 0.000000 0.000000 0.000000 0.000000 0.000000 0.000000 0.000000 0.000000 0.000000 0.000000 0.000000 0.000000 0.000000 0.000000 0.000000 0.000000 0.000000 -0.523363 -0.846016 -1.011059 1.487493 -0.196652 -2.948086 2.785962 5.370135 4.214190 -9.271463 -1.203213 -1.754072 -0.401814 0.059369 -1.711360 -8.840121 6.541732 5.796731 -2.274988 2.550388 9.143723 -3.532877 
0.000000 0.000000 0.000000 0.000000 0.000000 0.000000 0.000000 0.000000 0.000000 0.000000 0.000000 0.000000 0.000000 0.000000 0.000000 0.000000 0.000000 0.000000 0.000000 0.000000 0.000000 0.000000 0.000000 0.000000 0.000000 0.000000 0.000000 0.000000 0.000000 0.000000 0.000000 0.000000 0.000000 0.000000 0.000000 0.000000 0.000000 0.000000 0.000000 0.000000 0.000000 0.000000 0.000000 0.000000 0.000000 0.000000 0.000000 0.000000 0.000000 0.000000 0.000000 0.000000 0.000000 0.000000 0.000000 0.000000 0.000000 0.000000 0.000000 0.455082 5.558447 2.611908 0.743403 -10.217420 -5.973708 -1.603932 5.767543 8.219295 4.434801 -7.693201 5.326389 1.701791 1.677010 3.636099 -8.121101 -3.195731 10.142526 -4.693065 -9.210550 1.701084 
0.000000 0.000000 0.000000 0.000000 0.000000 0.000000 0.000000 0.000000 0.000000 0.000000 0.000000 0.000000 0.000000 0.000000 0.000000 0.000000 0.000000 0.000000 0.000000 0.000000 0.000000 0.000000 0.000000 0.000000 0.000000 0.000000 0.000000 0.000000 0.000000 0.000000 0.000000 0.000000 0.000000 0.000000 0.000000 0.000000 0.000000 0.000000 0.000000 0.000000 0.000000 0.000000 0.000000 0.000000 0.000000 0.000000 0.000000 0.000000 0.000000 0.000000 0.000000 0.000000 0.000000 0.000000 0.000000 0.000000 0.000000 0.000000 0.000000 0.000000 -138.569560 -84.583525 -39.055329 307.454789 135.210677 -7.006557 -212.297971 -144.242341 -110.122226 227.487792 -143.142027 -35.851091 -38.792180 -15.792105 172.195265 41.400825 -268.478717 95.905107 165.333386 -4.605524 
0.000000 0.000000 0.000000 0.000000 0.000000 0.000000 0.000000 0.000000 0.000000 0.000000 0.000000 0.000000 0.000000 0.000000 0.000000 0.000000 0.000000 0.000000 0.000000 0.000000 0.000000 0.000000 0.000000 0.000000 0.000000 0.000000 0.000000 0.000000 0.000000 0.000000 0.000000 0.000000 0.000000 0.000000 0.000000 0.000000 0.000000 0.000000 0.000000 0.000000 0.000000 0.000000 0.000000 0.000000 0.000000 0.000000 0.000000 0.000000 0.000000 0.000000 0.000000 0.000000 0.000000 0.000000 0.000000 0.000000 0.000000 0.000000 0.000000 0.000000 0.000000 -7.586683 -7.882417 18.354861 -10.841463 -16.219449 -22.145660 17.027062 2.732005 9.453028 -10.433760 3.129175 -1.647219 19.855255 -10.667246 -10.058021 -5.938918 -7.321974 -22.979527 9.699690 
0.000000 0.000000 0.000000 0.000000 0.000000 0.000000 0.000000 0.000000 0.000000 0.000000 0.000000 0.000000 0.000000 0.000000 0.000000 0.000000 0.000000 0.000000 0.000000 0.000000 0.000000 0.000000 0.000000 0.000000 0.000000 0.000000 0.000000 0.000000 0.000000 0.000000 0.000000 0.000000 0.000000 0.000000 0.000000 0.000000 0.000000 0.000000 0.000000 0.000000 0.000000 0.000000 0.000000 0.000000 0.000000 0.000000 0.000000 0.000000 0.000000 0.000000 0.000000 0.000000 0.000000 0.000000 0.000000 0.000000 0.000000 0.000000 0.000000 0.000000 0.000000 0.000000 5.681261 -5.480935 -9.999883 -2.550083 -0.984450 11.348240 7.762268 -5.256174 2.442094 3.151909 0.012889 7.757140 -10.272516 -8.749272 4.379611 -13.934547 -11.757339 7.759318 
0.000000 0.000000 0.000000 0.000000 0.000000 0.000000 0.000000 0.000000 0.000000 0.000000 0.000000 0.000000 0.000000 0.000000 0.000000 0.000000 0.000000 0.000000 0.000000 0.000000 0.000000 0.000000 0.000000 0.000000 0.000000 0.000000 0.000000 0.000000 0.000000 0.000000 0.000000 0.000000 0.000000 0.000000 0.000000 0.000000 0.000000 0.000000 0.000000 0.000000 0.000000 0.000000 0.000000 0.000000 0.000000 0.000000 0.000000 0.000000 0.000000 0.000000 0.000000 0.000000 0.000000 0.000000 0.000000 0.000000 0.000000 0.000000 0.000000 0.000000 0.000000 0.000000 0.000000 1.454636 0.130765 3.496180 -2.665592 -6.595998 1.456712 -1.727059 0.228745 1.314778 -1.818122 -2.247155 7.042640 3.160557 -1.733262 -9.049636 6.519917 1.153715 
0.000000 0.000000 0.000000 0.000000 0.000000 0.000000 0.000000 0.000000 0.000000 0.000000 0.000000 0.000000 0.000000 0.000000 0.000000 0.000000 0.000000 0.000000 0.000000 0.000000 0.000000 0.000000 0.000000 0.000000 0.000000 0.000000 0.000000 0.000000 0.000000 0.000000 0.000000 0.000000 0.000000 0.000000 0.000000 0.000000 0.000000 0.000000 0.000000 0.000000 0.000000 0.000000 0.000000 0.000000 0.000000 0.000000 0.000000 0.000000 0.000000 0.000000 0.000000 0.000000 0.000000 0.000000 0.000000 0.000000 0.000000 0.000000 0.000000 0.000000 0.000000 0.000000 0.000000 0.000000 8.923338 -33.066271 32.029674 46.648777 -22.281702 21.137008 -14.792629 -22.528199 20.288886 9.900320 -54.716463 -21.985300 17.478228 101.559703 -47.614118 -26.444209 
0.000000 0.000000 0.000000 0.000000 0.000000 0.000000 0.000000 0.000000 0.000000 0.000000 0.000000 0.000000 0.000000 0.000000 0.000000 0.000000 0.000000 0.000000 0.000000 0.000000 0.000000 0.000000 0.000000 0.000000 0.000000 0.000000 0.000000 0.000000 0.000000 0.000000 0.000000 0.000000 0.000000 0.000000 0.000000 0.000000 0.000000 0.000000 0.000000 0.000000 0.000000 0.000000 0.000000 0.000000 0.000000 0.000000 0.000000 0.000000 0.000000 0.000000 0.000000 0.000000 0.000000 0.000000 0.000000 0.000000 0.000000 0.000000 0.000000 0.000000 0.000000 0.000000 0.000000 0.000000 0.000000 -3.171981 -2.034091 -0.116565 -0.044197 3.340720 -4.152663 -0.781635 -3.021810 -1.952766 1.385817 2.006817 -3.136024 4.300074 -0.542611 -0.880438 
0.000000 0.000000 0.000000 0.000000 0.000000 0.000000 0.000000 0.000000 0.000000 0.000000 0.000000 0.000000 0.000000 0.000000 0.000000 0.000000 0.000000 0.000000 0.000000 0.000000 0.000000 0.000000 0.000000 0.000000 0.000000 0.000000 0.000000 0.000000 0.000000 0.000000 0.000000 0.000000 0.000000 0.000000 0.000000 0.000000 0.000000 0.000000 0.000000 0.000000 0.000000 0.000000 0.000000 0.000000 0.000000 0.000000 0.000000 0.000000 0.000000 0.000000 0.000000 0.000000 0.000000 0.000000 0.000000 0.000000 0.000000 0.000000 0.000000 0.000000 0.000000 0.000000 0.000000 0.000000 0.000000 0.000000 42.695613 61.335869 -18.911333 -15.147053 47.468695 -9.253345 65.054245 48.533879 -76.388618 -52.816106 57.212644 36.297496 -46.719938 -4.158855 
0.000000 0.000000 0.000000 0.000000 0.000000 0.000000 0.000000 0.000000 0.000000 0.000000 0.000000 0.000000 0.000000 0.000000 0.000000 0.000000 0.000000 0.000000 0.000000 0.000000 0.000000 0.000000 0.000000 0.000000 0.000000 0.000000 0.000000 0.000000 0.000000 0.000000 0.000000 0.000000 0.000000 0.000000 0.000000 0.000000 0.000000 0.000000 0.000000 0.000000 0.000000 0.000000 0.000000 0.000000 0.000000 0.000000 0.000000 0.000000 0.000000 0.000000 0.000000 0.000000 0.000000 0.000000 0.000000 0.000000 0.000000 0.000000 0.000000 0.000000 0.000000 0.000000 0.000000 0.000000 0.000000 0.000000 0.000000 -41.178780 10.151069 2.755762 -63.732586 0.505008 -58.867429 -46.187004 33.645328 30.655771 -34.368495 2.182636 12.573040 -14.915937 
0.000000 0.000000 0.000000 0.000000 0.000000 0.000000 0.000000 0.000000 0.000000 0.000000 0.000000 0.000000 0.000000 0.000000 0.000000 0.000000 0.000000 0.000000 0.000000 0.000000 0.000000 0.000000 0.000000 0.000000 0.000000 0.000000 0.000000 0.000000 0.000000 0.000000 0.000000 0.000000 0.000000 0.000000 0.000000 0.000000 0.000000 0.000000 0.000000 0.000000 0.000000 0.000000 0.000000 0.000000 0.000000 0.000000 0.000000 0.000000 0.000000 0.000000 0.000000 0.000000 0.000000 0.000000 0.000000 0.000000 0.000000 0.000000 0.000000 0.000000 0.000000 0.000000 0.000000 0.000000 0.000000 0.000000 0.000000 0.000000 8.611276 -10.346520 -0.924238 3.409606 -13.924424 5.610902 -13.993430 -6.936527 -4.265542 -8.952207 -19.528153 4.948789 
0.000000 0.000000 0.000000 0.000000 0.000000 0.000000 0.000000 0.000000 0.000000 0.000000 0.000000 0.000000 0.000000 0.000000 0.000000 0.000000 0.000000 0.000000 0.000000 0.000000 0.000000 0.000000 0.000000 0.000000 0.000000 0.000000 0.000000 0.000000 0.000000 0.000000 0.000000 0.000000 0.000000 0.000000 0.000000 0.000000 0.000000 0.000000 0.000000 0.000000 0.000000 0.000000 0.000000 0.000000 0.000000 0.000000 0.000000 0.000000 0.000000 0.000000 0.000000 0.000000 0.000000 0.000000 0.000000 0.000000 0.000000 0.000000 0.000000 0.000000 0.000000 0.000000 0.000000 0.000000 0.000000 0.000000 0.000000 0.000000 0.000000 -6.499125 22.329509 -2.882509 22.298545 5.365319 2.387107 -0.488600 14.724640 -2.378391 8.430955 3.147986 
0.000000 0.000000 0.000000 0.000000 0.000000 0.000000 0.000000 0.000000 0.000000 0.000000 0.000000 0.000000 0.000000 0.000000 0.000000 0.000000 0.000000 0.000000 0.000000 0.000000 0.000000 0.000000 0.000000 0.000000 0.000000 0.000000 0.000000 0.000000 0.000000 0.000000 0.000000 0.000000 0.000000 0.000000 0.000000 0.000000 0.000000 0.000000 0.000000 0.000000 0.000000 0.000000 0.000000 0.000000 0.000000 0.000000 0.000000 0.000000 0.000000 0.000000 0.000000 0.000000 0.000000 0.000000 0.000000 0.000000 0.000000 0.000000 0.000000 0.000000 0.000000 0.000000 0.000000 0.000000 0.000000 0.000000 0.000000 0.000000 0.000000 0.000000 -2.522653 -0.300594 9.625563 8.728634 -0.370559 -1.452721 2.350603 8.465661 -2.493684 -4.510196 
0.000000 0.000000 0.000000 0.000000 0.000000 0.000000 0.000000 0.000000 0.000000 0.000000 0.000000 0.000000 0.000000 0.000000 0.000000 0.000000 0.000000 0.000000 0.000000 0.000000 0.000000 0.000000 0.000000 0.000000 0.000000 0.000000 0.000000 0.000000 0.000000 0.000000 0.000000 0.000000 0.000000 0.000000 0.000000 0.000000 0.000000 0.000000 0.000000 0.000000 0.000000 0.000000 0.000000 0.000000 0.000000 0.000000 0.000000 0.000000 0.000000 0.000000 0.000000 0.000000 0.000000 0.000000 0.000000 0.000000 0.000000 0.000000 0.000000 0.000000 0.000000 0.000000 0.000000 0.000000 0.000000 0.000000 0.000000 0.000000 0.000000 0.000000 0.000000 -12.904575 97.492688 71.088414 9.462612 -5.338432 39.996150 63.854372 1.632144 -32.605592 
0.000000 0.000000 0.000000 0.000000 0.000000 0.000000 0.000000 0.000000 0.000000 0.000000 0.000000 0.000000 0.000000 0.000000 0.000000 0.000000 0.000000 0.000000 0.000000 0.000000 0.000000 0.000000 0.000000 0.000000 0.000000 0.000000 0.000000 0.000000 0.000000 0.000000 0.000000 0.000000 0.000000 0.000000 0.000000 0.000000 0.000000 0.000000 0.000000 0.000000 0.000000 0.000000 0.000000 0.000000 0.000000 0.000000 0.000000 0.000000 0.000000 0.000000 0.000000 0.000000 0.000000 0.000000 0.000000 0.000000 0.000000 0.000000 0.000000 0.000000 0.000000 0.000000 0.000000 0.000000 0.000000 0.000000 0.000000 0.000000 0.000000 0.000000 0.000000 0.000000 -73.410611 -49.197807 0.829332 -0.308174 -19.604481 -53.387273 4.564047 25.508623 
0.000000 0.000000 0.000000 0.000000 0.000000 0.000000 0.000000 0.000000 0.000000 0.000000 0.000000 0.000000 0.000000 0.000000 0.000000 0.000000 0.000000 0.000000 0.000000 0.000000 0.000000 0.000000 0.000000 0.000000 0.000000 0.000000 0.000000 0.000000 0.000000 0.000000 0.000000 0.000000 0.000000 0.000000 0.000000 0.000000 0.000000 0.000000 0.000000 0.000000 0.000000 0.000000 0.000000 0.000000 0.000000 0.000000 0.000000 0.000000 0.000000 0.000000 0.000000 0.000000 0.000000 0.000000 0.000000 0.000000 0.000000 0.000000 0.000000 0.000000 0.000000 0.000000 0.000000 0.000000 0.000000 0.000000 0.000000 0.000000 0.000000 0.000000 0.000000 0.000000 0.000000 11.795161 -13.532569 -6.938243 -1.461912 5.211691 -11.835415 -2.433494 
0.000000 0.000000 0.000000 0.000000 0.000000 0.000000 0.000000 0.000000 0.000000 0.000000 0.000000 0.000000 0.000000 0.000000 0.000000 0.000000 0.000000 0.000000 0.000000 0.000000 0.000000 0.000000 0.000000 0.000000 0.000000 0.000000 0.000000 0.000000 0.000000 0.000000 0.000000 0.000000 0.000000 0.000000 0.000000 0.000000 0.000000 0.000000 0.000000 0.000000 0.000000 0.000000 0.000000 0.000000 0.000000 0.000000 0.000000 0.000000 0.000000 0.000000 0.000000 0.000000 0.000000 0.000000 0.000000 0.000000 0.000000 0.000000 0.000000 0.000000 0.000000 0.000000 0.000000 0.000000 0.000000 0.000000 0.000000 0.000000 0.000000 0.000000 0.000000 0.000000 0.000000 0.000000 12.457259 4.910497 0.299791 -5.037552 12.987664 4.745029 
0.000000 0.000000 0.000000 0.000000 0.000000 0.000000 0.000000 0.000000 0.000000 0.000000 0.000000 0.000000 0.000000 0.000000 0.000000 0.000000 0.000000 0.000000 0.000000 0.000000 0.000000 0.000000 0.000000 0.000000 0.000000 0.000000 0.000000 0.000000 0.000000 0.000000 0.000000 0.000000 0.000000 0.000000 0.000000 0.000000 0.000000 0.000000 0.000000 0.000000 0.000000 0.000000 0.000000 0.000000 0.000000 0.000000 0.000000 0.000000 0.000000 0.000000 0.000000 0.000000 0.000000 0.000000 0.000000 0.000000 0.000000 0.000000 0.000000 0.000000 0.000000 0.000000 0.000000 0.000000 0.000000 0.000000 0.000000 0.000000 0.000000 0.000000 0.000000 0.000000 0.000000 0.000000 0.000000 -0.839725 0.163350 -3.866802 -1.919576 1.710669 
0.000000 0.000000 0.000000 0.000000 0.000000 0.000000 0.000000 0.000000 0.000000 0.000000 0.000000 0.000000 0.000000 0.000000 0.000000 0.000000 0.000000 0.000000 0.000000 0.000000 0.000000 0.000000 0.000000 0.000000 0.000000 0.000000 0.000000 0.000000 0.000000 0.000000 0.000000 0.000000 0.000000 0.000000 0.000000 0.000000 0.000000 0.000000 0.000000 0.000000 0.000000 0.000000 0.000000 0.000000 0.000000 0.000000 0.000000 0.000000 0.000000 0.000000 0.000000 0.000000 0.000000 0.000000 0.000000 0.000000 0.000000 0.000000 0.000000 0.000000 0.000000 0.000000 0.000000 0.000000 0.000000 0.000000 0.000000 0.000000 0.000000 0.000000 0.000000 0.000000 0.000000 0.000000 0.000000 0.000000 10.194172 -6.690965 4.541318 -3.848950 
0.000000 0.000000 0.000000 0.000000 0.000000 0.000000 0.000000 0.000000 0.000000 0.000000 0.000000 0.000000 0.000000 0.000000 0.000000 0.000000 0.000000 0.000000 0.000000 0.000000 0.000000 0.000000 0.000000 0.000000 0.000000 0.000000 0.000000 0.000000 0.000000 0.000000 0.000000 0.000000 0.000000 0.000000 0.000000 0.000000 0.000000 0.000000 0.000000 0.000000 0.000000 0.000000 0.000000 0.000000 0.000000 0.000000 0.000000 0.000000 0.000000 0.000000 0.000000 0.000000 0.000000 0.000000 0.000000 0.000000 0.000000 0.000000 0.000000 0.000000 0.000000 0.000000 0.000000 0.000000 0.000000 0.000000 0.000000 0.000000 0.000000 0.000000 0.000000 0.000000 0.000000 0.000000 0.000000 0.000000 0.000000 -4.082729 7.488232 -0.955818 
0.000000 0.000000 0.000000 0.000000 0.000000 0.000000 0.000000 0.000000 0.000000 0.000000 0.000000 0.000000 0.000000 0.000000 0.000000 0.000000 0.000000 0.000000 0.000000 0.000000 0.000000 0.000000 0.000000 0.000000 0.000000 0.000000 0.000000 0.000000 0.000000 0.000000 0.000000 0.000000 0.000000 0.000000 0.000000 0.000000 0.000000 0.000000 0.000000 0.000000 0.000000 0.000000 0.000000 0.000000 0.000000 0.000000 0.000000 0.000000 0.000000 0.000000 0.000000 0.000000 0.000000 0.000000 0.000000 0.000000 0.000000 0.000000 0.000000 0.000000 0.000000 0.000000 0.000000 0.000000 0.000000 0.000000 0.000000 0.000000 0.000000 0.000000 0.000000 0.000000 0.000000 0.000000 0.000000 0.000000 0.000000 0.000000 56.563759 -17.869986 
0.000000 0.000000 0.000000 0.000000 0.000000 0.000000 0.000000 0.000000 0.000000 0.000000 0.000000 0.000000 0.000000 0.000000 0.000000 0.000000 0.000000 0.000000 0.000000 0.000000 0.000000 0.000000 0.000000 0.000000 0.000000 0.000000 0.000000 0.000000 0.000000 0.000000 0.000000 0.000000 0.000000 0.000000 0.000000 0.000000 0.000000 0.000000 0.000000 0.000000 0.000000 0.000000 0.000000 0.000000 0.000000 0.000000 0.000000 0.000000 0.000000 0.000000 0.000000 0.000000 0.000000 0.000000 0.000000 0.000000 0.000000 0.000000 0.000000 0.000000 0.000000 0.000000 0.000000 0.000000 0.000000 0.000000 0.000000 0.000000 0.000000 0.000000 0.000000 0.000000 0.000000 0.000000 0.000000 0.000000 0.000000 0.000000 0.000000 0.632108 
0.297015
1.766073
-0.625519
0.423300
1.231504
4.997608
0.473468
-3.877271
7.216746
1.312726
2.212111
4.279845
3.768092
0.969496
7.793367
2.492143
0.044124
-3.635789
1.497796
-0.830015
-1.040397
0.260787
-6.198927
-0.429892
-0.798236
-2.519391
-6.628966
3.048941
2.016642
5.978225
4.685126
4.593412
1.068611
0.294114
-2.178169
-0.099841
-2.171385
-3.965316
-2.301156
-4.202461
0.317605
0.494188
2.452790
4.182204
-0.092390
2.773217
-3.569240
7.426330
4.737602
-6.880874
-7.595272
4.578655
1.207295
-8.847514
-1.826549
3.201928
0.084635
-7.340846
-1.894000
-5.168453
6.141746
1.785854
2.150809
-1.155197
4.453645
2.903773
-6.157370
-2.397776
-3.299365
-2.666563
-6.568484
1.548397
2.636409
-2.704686
-4.535286
-1.986129
4.015206
2.292754
2.359833
10.249113
