100
1.000000 0.000000 0.000000 0.000000 0.000000 0.000000 0.000000 0.000000 0.000000 0.000000 0.000000 0.000000 0.000000 0.000000 0.000000 0.000000 0.000000 0.000000 0.000000 0.000000 0.000000 0.000000 0.000000 0.000000 0.000000 0.000000 0.000000 0.000000 0.000000 0.000000 0.000000 0.000000 0.000000 0.000000 0.000000 0.000000 0.000000 0.000000 0.000000 0.000000 0.000000 0.000000 0.000000 0.000000 0.000000 0.000000 0.000000 0.000000 0.000000 0.000000 0.000000 0.000000 0.000000 0.000000 0.000000 0.000000 0.000000 0.000000 0.000000 0.000000 0.000000 0.000000 0.000000 0.000000 0.000000 0.000000 0.000000 0.000000 0.000000 0.000000 0.000000 0.000000 0.000000 0.000000 0.000000 0.000000 0.000000 0.000000 0.000000 0.000000 0.000000 0.000000 0.000000 0.000000 0.000000 0.000000 0.000000 0.000000 0.000000 0.000000 0.000000 0.000000 0.000000 0.000000 0.000000 0.000000 0.000000 0.000000 0.000000 0.000000 
0.744112 1.000000 0.000000 0.000000 0.000000 0.000000 0.000000 0.000000 0.000000 0.000000 0.000000 0.000000 0.000000 0.000000 0.000000 0.000000 0.000000 0.000000 0.000000 0.000000 0.000000 0.000000 0.000000 0.000000 0.000000 0.000000 0.000000 0.000000 0.000000 0.000000 0.000000 0.000000 0.000000 0.000000 0.000000 0.000000 0.000000 0.000000 0.000000 0.000000 0.000000 0.000000 0.000000 0.000000 0.000000 0.000000 0.000000 0.000000 0.000000 0.000000 0.000000 0.000000 0.000000 0.000000 0.000000 0.000000 0.000000 0.000000 0.000000 0.000000 0.000000 0.000000 0.000000 0.000000 0.000000 0.000000 0.000000 0.000000 0.000000 0.000000 0.000000 0.000000 0.000000 0.000000 0.000000 0.000000 0.000000 0.000000 0.000000 0.000000 0.000000 0.000000 0.000000 0.000000 0.000000 0.000000 0.000000 0.000000 0.000000 0.000000 0.000000 0.000000 0.000000 0.000000 0.000000 0.000000 0.000000 0.000000 0.000000 0.000000 
-1.820990 -1.562196 1.000000 0.000000 0.000000 0.000000 0.000000 0.000000 0.000000 0.000000 0.000000 0.000000 0.000000 0.000000 0.000000 0.000000 0.000000 0.000000 0.000000 0.000000 0.000000 0.000000 0.000000 0.000000 0.000000 0.000000 0.000000 0.000000 0.000000 0.000000 0.000000 0.000000 0.000000 0.000000 0.000000 0.000000 0.000000 0.000000 0.000000 0.000000 0.000000 0.000000 0.000000 0.000000 0.000000 0.000000 0.000000 0.000000 0.000000 0.000000 0.000000 0.000000 0.000000 0.000000 0.000000 0.000000 0.000000 0.000000 0.000000 0.000000 0.000000 0.000000 0.000000 0.000000 0.000000 0.000000 0.000000 0.000000 0.000000 0.000000 0.000000 0.000000 0.000000 0.000000 0.000000 0.000000 0.000000 0.000000 0.000000 0.000000 0.000000 0.000000 0.000000 0.000000 0.000000 0.000000 0.000000 0.000000 0.000000 0.000000 0.000000 0.000000 0.000000 0.000000 0.000000 0.000000 0.000000 0.000000 0.000000 0.000000 
-0.774209 -0.673398 0.650712 1.000000 0.000000 0.000000 0.000000 0.000000 0.000000 0.000000 0.000000 0.000000 0.000000 0.000000 0.000000 0.000000 0.000000 0.000000 0.000000 0.000000 0.000000 0.000000 0.000000 0.000000 0.000000 0.000000 0.000000 0.000000 0.000000 0.000000 0.000000 0.000000 0.000000 0.000000 0.000000 0.000000 0.000000 0.000000 0.000000 0.000000 0.000000 0.000000 0.000000 0.000000 0.000000 0.000000 0.000000 0.000000 0.000000 0.000000 0.000000 0.000000 0.000000 0.000000 0.000000 0.000000 0.000000 0.000000 0.000000 0.000000 0.000000 0.000000 0.000000 0.000000 0.000000 0.000000 0.000000 0.000000 0.000000 0.000000 0.000000 0.000000 0.000000 0.000000 0.000000 0.000000 0.000000 0.000000 0.000000 0.000000 0.000000 0.000000 0.000000 0.000000 0.000000 0.000000 0.000000 0.000000 0.000000 0.000000 0.000000 0.000000 0.000000 0.000000 0.000000 0.000000 0.000000 0.000000 0.000000 0.000000 
0.170856 0.465437 -0.483579 -0.395300 1.000000 0.000000 0.000000 0.000000 0.000000 0.000000 0.000000 0.000000 0.000000 0.000000 0.000000 0.000000 0.000000 0.000000 0.000000 0.000000 0.000000 0.000000 0.000000 0.000000 0.000000 0.000000 0.000000 0.000000 0.000000 0.000000 0.000000 0.000000 0.000000 0.000000 0.000000 0.000000 0.000000 0.000000 0.000000 0.000000 0.000000 0.000000 0.000000 0.000000 0.000000 0.000000 0.000000 0.000000 0.000000 0.000000 0.000000 0.000000 0.000000 0.000000 0.000000 0.000000 0.000000 0.000000 0.000000 0.000000 0.000000 0.000000 0.000000 0.000000 0.000000 0.000000 0.000000 0.000000 0.000000 0.000000 0.000000 0.000000 0.000000 0.000000 0.000000 0.000000 0.000000 0.000000 0.000000 0.000000 0.000000 0.000000 0.000000 0.000000 0.000000 0.000000 0.000000 0.000000 0.000000 0.000000 0.000000 0.000000 0.000000 0.000000 0.000000 0.000000 0.000000 0.000000 0.000000 0.000000 
0.855982 1.027540 -0.717089 -0.425902 1.937616 1.000000 0.000000 0.000000 0.000000 0.000000 0.000000 0.000000 0.000000 0.000000 0.000000 0.000000 0.000000 0.000000 0.000000 0.000000 0.000000 0.000000 0.000000 0.000000 0.000000 0.000000 0.000000 0.000000 0.000000 0.000000 0.000000 0.000000 0.000000 0.000000 0.000000 0.000000 0.000000 0.000000 0.000000 0.000000 0.000000 0.000000 0.000000 0.000000 0.000000 0.000000 0.000000 0.000000 0.000000 0.000000 0.000000 0.000000 0.000000 0.000000 0.000000 0.000000 0.000000 0.000000 0.000000 0.000000 0.000000 0.000000 0.000000 0.000000 0.000000 0.000000 0.000000 0.000000 0.000000 0.000000 0.000000 0.000000 0.000000 0.000000 0.000000 0.000000 0.000000 0.000000 0.000000 0.000000 0.000000 0.000000 0.000000 0.000000 0.000000 0.000000 0.000000 0.000000 0.000000 0.000000 0.000000 0.000000 0.000000 0.000000 0.000000 0.000000 0.000000 0.000000 0.000000 0.000000 
1.020206 1.310162 -2.465990 -1.547530 6.226103 -0.820134 1.000000 0.000000 0.000000 0.000000 0.000000 0.000000 0.000000 0.000000 0.000000 0.000000 0.000000 0.000000 0.000000 0.000000 0.000000 0.000000 0.000000 0.000000 0.000000 0.000000 0.000000 0.000000 0.000000 0.000000 0.000000 0.000000 0.000000 0.000000 0.000000 0.000000 0.000000 0.000000 0.000000 0.000000 0.000000 0.000000 0.000000 0.000000 0.000000 0.000000 0.000000 0.000000 0.000000 0.000000 0.000000 0.000000 0.000000 0.000000 0.000000 0.000000 0.000000 0.000000 0.000000 0.000000 0.000000 0.000000 0.000000 0.000000 0.000000 0.000000 0.000000 0.000000 0.000000 0.000000 0.000000 0.000000 0.000000 0.000000 0.000000 0.000000 0.000000 0.000000 0.000000 0.000000 0.000000 0.000000 0.000000 0.000000 0.000000 0.000000 0.000000 0.000000 0.000000 0.000000 0.000000 0.000000 0.000000 0.000000 0.000000 0.000000 0.000000 0.000000 0.000000 0.000000 
0.045670 0.237726 0.535259 0.528146 -0.922904 0.537889 -1.354997 1.000000 0.000000 0.000000 0.000000 0.000000 0.000000 0.000000 0.000000 0.000000 0.000000 0.000000 0.000000 0.000000 0.000000 0.000000 0.000000 0.000000 0.000000 0.000000 0.000000 0.000000 0.000000 0.000000 0.000000 0.000000 0.000000 0.000000 0.000000 0.000000 0.000000 0.000000 0.000000 0.000000 0.000000 0.000000 0.000000 0.000000 0.000000 0.000000 0.000000 0.000000 0.000000 0.000000 0.000000 0.000000 0.000000 0.000000 0.000000 0.000000 0.000000 0.000000 0.000000 0.000000 0.000000 0.000000 0.000000 0.000000 0.000000 0.000000 0.000000 0.000000 0.000000 0.000000 0.000000 0.000000 0.000000 0.000000 0.000000 0.000000 0.000000 0.000000 0.000000 0.000000 0.000000 0.000000 0.000000 0.000000 0.000000 0.000000 0.000000 0.000000 0.000000 0.000000 0.000000 0.000000 0.000000 0.000000 0.000000 0.000000 0.000000 0.000000 0.000000 0.000000 
-0.213172 -0.478147 0.236801 0.064627 -1.303193 -0.887059 0.348025 -0.304004 1.000000 0.000000 0.000000 0.000000 0.000000 0.000000 0.000000 0.000000 0.000000 0.000000 0.000000 0.000000 0.000000 0.000000 0.000000 0.000000 0.000000 0.000000 0.000000 0.000000 0.000000 0.000000 0.000000 0.000000 0.000000 0.000000 0.000000 0.000000 0.000000 0.000000 0.000000 0.000000 0.000000 0.000000 0.000000 0.000000 0.000000 0.000000 0.000000 0.000000 0.000000 0.000000 0.000000 0.000000 0.000000 0.000000 0.000000 0.000000 0.000000 0.000000 0.000000 0.000000 0.000000 0.000000 0.000000 0.000000 0.000000 0.000000 0.000000 0.000000 0.000000 0.000000 0.000000 0.000000 0.000000 0.000000 0.000000 0.000000 0.000000 0.000000 0.000000 0.000000 0.000000 0.000000 0.000000 0.000000 0.000000 0.000000 0.000000 0.000000 0.000000 0.000000 0.000000 0.000000 0.000000 0.000000 0.000000 0.000000 0.000000 0.000000 0.000000 0.000000 
-1.103762 -0.670375 -1.091367 0.085765 3.130619 0.115789 0.756445 -0.284035 -1.781463 1.000000 0.000000 0.000000 0.000000 0.000000 0.000000 0.000000 0.000000 0.000000 0.000000 0.000000 0.000000 0.000000 0.000000 0.000000 0.000000 0.000000 0.000000 0.000000 0.000000 0.000000 0.000000 0.000000 0.000000 0.000000 0.000000 0.000000 0.000000 0.000000 0.000000 0.000000 0.000000 0.000000 0.000000 0.000000 0.000000 0.000000 0.000000 0.000000 0.000000 0.000000 0.000000 0.000000 0.000000 0.000000 0.000000 0.000000 0.000000 0.000000 0.000000 0.000000 0.000000 0.000000 0.000000 0.000000 0.000000 0.000000 0.000000 0.000000 0.000000 0.000000 0.000000 0.000000 0.000000 0.000000 0.000000 0.000000 0.000000 0.000000 0.000000 0.000000 0.000000 0.000000 0.000000 0.000000 0.000000 0.000000 0.000000 0.000000 0.000000 0.000000 0.000000 0.000000 0.000000 0.000000 0.000000 0.000000 0.000000 0.000000 0.000000 0.000000 
-2.222632 -2.702696 0.313274 0.256071 1.752404 -0.088060 0.843523 -0.236841 -6.151699 7.052130 1.000000 0.000000 0.000000 0.000000 0.000000 0.000000 0.000000 0.000000 0.000000 0.000000 0.000000 0.000000 0.000000 0.000000 0.000000 0.000000 0.000000 0.000000 0.000000 0.000000 0.000000 0.000000 0.000000 0.000000 0.000000 0.000000 0.000000 0.000000 0.000000 0.000000 0.000000 0.000000 0.000000 0.000000 0.000000 0.000000 0.000000 0.000000 0.000000 0.000000 0.000000 0.000000 0.000000 0.000000 0.000000 0.000000 0.000000 0.000000 0.000000 0.000000 0.000000 0.000000 0.000000 0.000000 0.000000 0.000000 0.000000 0.000000 0.000000 0.000000 0.000000 0.000000 0.000000 0.000000 0.000000 0.000000 0.000000 0.000000 0.000000 0.000000 0.000000 0.000000 0.000000 0.000000 0.000000 0.000000 0.000000 0.000000 0.000000 0.000000 0.000000 0.000000 0.000000 0.000000 0.000000 0.000000 0.000000 0.000000 0.000000 0.000000 
-2.232975 -2.331502 2.290740 1.086245 -3.923369 -1.272318 -0.577729 0.121368 -0.386096 -0.792271 -0.122741 1.000000 0.000000 0.000000 0.000000 0.000000 0.000000 0.000000 0.000000 0.000000 0.000000 0.000000 0.000000 0.000000 0.000000 0.000000 0.000000 0.000000 0.000000 0.000000 0.000000 0.000000 0.000000 0.000000 0.000000 0.000000 0.000000 0.000000 0.000000 0.000000 0.000000 0.000000 0.000000 0.000000 0.000000 0.000000 0.000000 0.000000 0.000000 0.000000 0.000000 0.000000 0.000000 0.000000 0.000000 0.000000 0.000000 0.000000 0.000000 0.000000 0.000000 0.000000 0.000000 0.000000 0.000000 0.000000 0.000000 0.000000 0.000000 0.000000 0.000000 0.000000 0.000000 0.000000 0.000000 0.000000 0.000000 0.000000 0.000000 0.000000 0.000000 0.000000 0.000000 0.000000 0.000000 0.000000 0.000000 0.000000 0.000000 0.000000 0.000000 0.000000 0.000000 0.000000 0.000000 0.000000 0.000000 0.000000 0.000000 0.000000 
0.479693 1.187526 -0.802684 0.041307 -0.054920 0.455101 -0.187035 0.212186 1.944147 0.242065 0.227882 0.290651 1.000000 0.000000 0.000000 0.000000 0.000000 0.000000 0.000000 0.000000 0.000000 0.000000 0.000000 0.000000 0.000000 0.000000 0.000000 0.000000 0.000000 0.000000 0.000000 0.000000 0.000000 0.000000 0.000000 0.000000 0.000000 0.000000 0.000000 0.000000 0.000000 0.000000 0.000000 0.000000 0.000000 0.000000 0.000000 0.000000 0.000000 0.000000 0.000000 0.000000 0.000000 0.000000 0.000000 0.000000 0.000000 0.000000 0.000000 0.000000 0.000000 0.000000 0.000000 0.000000 0.000000 0.000000 0.000000 0.000000 0.000000 0.000000 0.000000 0.000000 0.000000 0.000000 0.000000 0.000000 0.000000 0.000000 0.000000 0.000000 0.000000 0.000000 0.000000 0.000000 0.000000 0.000000 0.000000 0.000000 0.000000 0.000000 0.000000 0.000000 0.000000 0.000000 0.000000 0.000000 0.000000 0.000000 0.000000 0.000000 
-1.930099 -2.092465 1.482012 0.491511 -1.593740 -1.491935 -1.277775 1.074428 2.130543 -2.664587 -0.590765 3.127716 -1.284046 1.000000 0.000000 0.000000 0.000000 0.000000 0.000000 0.000000 0.000000 0.000000 0.000000 0.000000 0.000000 0.000000 0.000000 0.000000 0.000000 0.000000 0.000000 0.000000 0.000000 0.000000 0.000000 0.000000 0.000000 0.000000 0.000000 0.000000 0.000000 0.000000 0.000000 0.000000 0.000000 0.000000 0.000000 0.000000 0.000000 0.000000 0.000000 0.000000 0.000000 0.000000 0.000000 0.000000 0.000000 0.000000 0.000000 0.000000 0.000000 0.000000 0.000000 0.000000 0.000000 0.000000 0.000000 0.000000 0.000000 0.000000 0.000000 0.000000 0.000000 0.000000 0.000000 0.000000 0.000000 0.000000 0.000000 0.000000 0.000000 0.000000 0.000000 0.000000 0.000000 0.000000 0.000000 0.000000 0.000000 0.000000 0.000000 0.000000 0.000000 0.000000 0.000000 0.000000 0.000000 0.000000 0.000000 0.000000 
-0.856599 -0.649987 0.863717 1.085547 -0.248987 1.027045 -1.541548 1.298404 -0.399150 2.404640 0.679868 0.980044 -1.776828 1.009149 1.000000 0.000000 0.000000 0.000000 0.000000 0.000000 0.000000 0.000000 0.000000 0.000000 0.000000 0.000000 0.000000 0.000000 0.000000 0.000000 0.000000 0.000000 0.000000 0.000000 0.000000 0.000000 0.000000 0.000000 0.000000 0.000000 0.000000 0.000000 0.000000 0.000000 0.000000 0.000000 0.000000 0.000000 0.000000 0.000000 0.000000 0.000000 0.000000 0.000000 0.000000 0.000000 0.000000 0.000000 0.000000 0.000000 0.000000 0.000000 0.000000 0.000000 0.000000 0.000000 0.000000 0.000000 0.000000 0.000000 0.000000 0.000000 0.000000 0.000000 0.000000 0.000000 0.000000 0.000000 0.000000 0.000000 0.000000 0.000000 0.000000 0.000000 0.000000 0.000000 0.000000 0.000000 0.000000 0.000000 0.000000 0.000000 0.000000 0.000000 0.000000 0.000000 0.000000 0.000000 0.000000 0.000000 
-1.485803 -1.208032 0.311923 0.325785 0.724573 0.563694 0.024819 0.313292 -3.437588 5.105803 0.709284 -5.213046 -7.642000 2.649627 2.525393 1.000000 0.000000 0.000000 0.000000 0.000000 0.000000 0.000000 0.000000 0.000000 0.000000 0.000000 0.000000 0.000000 0.000000 0.000000 0.000000 0.000000 0.000000 0.000000 0.000000 0.000000 0.000000 0.000000 0.000000 0.000000 0.000000 0.000000 0.000000 0.000000 0.000000 0.000000 0.000000 0.000000 0.000000 0.000000 0.000000 0.000000 0.000000 0.000000 0.000000 0.000000 0.000000 0.000000 0.000000 0.000000 0.000000 0.000000 0.000000 0.000000 0.000000 0.000000 0.000000 0.000000 0.000000 0.000000 0.000000 0.000000 0.000000 0.000000 0.000000 0.000000 0.000000 0.000000 0.000000 0.000000 0.000000 0.000000 0.000000 0.000000 0.000000 0.000000 0.000000 0.000000 0.000000 0.000000 0.000000 0.000000 0.000000 0.000000 0.000000 0.000000 0.000000 0.000000 0.000000 0.000000 
0.630932 0.955660 -1.142806 0.023993 2.188802 2.071744 -0.020544 0.329120 -4.357567 6.664003 1.051059 -4.100113 -4.114255 1.268702 1.536677 0.438033 1.000000 0.000000 0.000000 0.000000 0.000000 0.000000 0.000000 0.000000 0.000000 0.000000 0.000000 0.000000 0.000000 0.000000 0.000000 0.000000 0.000000 0.000000 0.000000 0.000000 0.000000 0.000000 0.000000 0.000000 0.000000 0.000000 0.000000 0.000000 0.000000 0.000000 0.000000 0.000000 0.000000 0.000000 0.000000 0.000000 0.000000 0.000000 0.000000 0.000000 0.000000 0.000000 0.000000 0.000000 0.000000 0.000000 0.000000 0.000000 0.000000 0.000000 0.000000 0.000000 0.000000 0.000000 0.000000 0.000000 0.000000 0.000000 0.000000 0.000000 0.000000 0.000000 0.000000 0.000000 0.000000 0.000000 0.000000 0.000000 0.000000 0.000000 0.000000 0.000000 0.000000 0.000000 0.000000 0.000000 0.000000 0.000000 0.000000 0.000000 0.000000 0.000000 0.000000 0.000000 
-0.306391 -0.069582 -0.690755 0.046771 2.132536 0.390446 -0.685782 1.020551 0.633386 1.813134 0.337748 1.467851 -0.777303 0.897615 -0.126530 -0.855074 13.712590 1.000000 0.000000 0.000000 0.000000 0.000000 0.000000 0.000000 0.000000 0.000000 0.000000 0.000000 0.000000 0.000000 0.000000 0.000000 0.000000 0.000000 0.000000 0.000000 0.000000 0.000000 0.000000 0.000000 0.000000 0.000000 0.000000 0.000000 0.000000 0.000000 0.000000 0.000000 0.000000 0.000000 0.000000 0.000000 0.000000 0.000000 0.000000 0.000000 0.000000 0.000000 0.000000 0.000000 0.000000 0.000000 0.000000 0.000000 0.000000 0.000000 0.000000 0.000000 0.000000 0.000000 0.000000 0.000000 0.000000 0.000000 0.000000 0.000000 0.000000 0.000000 0.000000 0.000000 0.000000 0.000000 0.000000 0.000000 0.000000 0.000000 0.000000 0.000000 0.000000 0.000000 0.000000 0.000000 0.000000 0.000000 0.000000 0.000000 0.000000 0.000000 0.000000 0.000000 
1.302690 1.130257 -0.000925 -0.154253 0.708726 1.162704 1.050402 -1.197957 -1.838814 -0.342740 -0.180493 -1.545792 3.445527 -1.980011 -0.531039 0.764726 -14.548652 -1.644231 1.000000 0.000000 0.000000 0.000000 0.000000 0.000000 0.000000 0.000000 0.000000 0.000000 0.000000 0.000000 0.000000 0.000000 0.000000 0.000000 0.000000 0.000000 0.000000 0.000000 0.000000 0.000000 0.000000 0.000000 0.000000 0.000000 0.000000 0.000000 0.000000 0.000000 0.000000 0.000000 0.000000 0.000000 0.000000 0.000000 0.000000 0.000000 0.000000 0.000000 0.000000 0.000000 0.000000 0.000000 0.000000 0.000000 0.000000 0.000000 0.000000 0.000000 0.000000 0.000000 0.000000 0.000000 0.000000 0.000000 0.000000 0.000000 0.000000 0.000000 0.000000 0.000000 0.000000 0.000000 0.000000 0.000000 0.000000 0.000000 0.000000 0.000000 0.000000 0.000000 0.000000 0.000000 0.000000 0.000000 0.000000 0.000000 0.000000 0.000000 0.000000 0.000000 
0.989862 1.088874 0.110950 0.294008 -1.656709 0.121323 -2.118987 1.669257 2.705977 -0.799594 0.130377 2.525389 1.907887 -0.331294 -0.479132 -0.441990 2.671723 -0.207753 0.476393 1.000000 0.000000 0.000000 0.000000 0.000000 0.000000 0.000000 0.000000 0.000000 0.000000 0.000000 0.000000 0.000000 0.000000 0.000000 0.000000 0.000000 0.000000 0.000000 0.000000 0.000000 0.000000 0.000000 0.000000 0.000000 0.000000 0.000000 0.000000 0.000000 0.000000 0.000000 0.000000 0.000000 0.000000 0.000000 0.000000 0.000000 0.000000 0.000000 0.000000 0.000000 0.000000 0.000000 0.000000 0.000000 0.000000 0.000000 0.000000 0.000000 0.000000 0.000000 0.000000 0.000000 0.000000 0.000000 0.000000 0.000000 0.000000 0.000000 0.000000 0.000000 0.000000 0.000000 0.000000 0.000000 0.000000 0.000000 0.000000 0.000000 0.000000 0.000000 0.000000 0.000000 0.000000 0.000000 0.000000 0.000000 0.000000 0.000000 0.000000 0.000000 
0.780745 0.339181 0.797600 0.621352 -3.652728 0.165094 -2.162855 1.591747 2.882265 -0.503752 0.088865 -0.104683 -0.706913 0.462026 0.472378 0.439201 -7.631362 -0.446162 -0.493517 17.425150 1.000000 0.000000 0.000000 0.000000 0.000000 0.000000 0.000000 0.000000 0.000000 0.000000 0.000000 0.000000 0.000000 0.000000 0.000000 0.000000 0.000000 0.000000 0.000000 0.000000 0.000000 0.000000 0.000000 0.000000 0.000000 0.000000 0.000000 0.000000 0.000000 0.000000 0.000000 0.000000 0.000000 0.000000 0.000000 0.000000 0.000000 0.000000 0.000000 0.000000 0.000000 0.000000 0.000000 0.000000 0.000000 0.000000 0.000000 0.000000 0.000000 0.000000 0.000000 0.000000 0.000000 0.000000 0.000000 0.000000 0.000000 0.000000 0.000000 0.000000 0.000000 0.000000 0.000000 0.000000 0.000000 0.000000 0.000000 0.000000 0.000000 0.000000 0.000000 0.000000 0.000000 0.000000 0.000000 0.000000 0.000000 0.000000 0.000000 0.000000 
1.143940 1.630167 -0.132234 0.345008 -0.904744 0.517261 -0.618289 0.232083 1.764166 -1.374359 -0.077330 -0.119916 0.131447 0.104919 0.203298 0.258503 0.161814 -0.474083 0.948208 -9.347046 -0.224672 1.000000 0.000000 0.000000 0.000000 0.000000 0.000000 0.000000 0.000000 0.000000 0.000000 0.000000 0.000000 0.000000 0.000000 0.000000 0.000000 0.000000 0.000000 0.000000 0.000000 0.000000 0.000000 0.000000 0.000000 0.000000 0.000000 0.000000 0.000000 0.000000 0.000000 0.000000 0.000000 0.000000 0.000000 0.000000 0.000000 0.000000 0.000000 0.000000 0.000000 0.000000 0.000000 0.000000 0.000000 0.000000 0.000000 0.000000 0.000000 0.000000 0.000000 0.000000 0.000000 0.000000 0.000000 0.000000 0.000000 0.000000 0.000000 0.000000 0.000000 0.000000 0.000000 0.000000 0.000000 0.000000 0.000000 0.000000 0.000000 0.000000 0.000000 0.000000 0.000000 0.000000 0.000000 0.000000 0.000000 0.000000 0.000000 0.000000 
1.378033 0.977924 1.235282 -0.755240 -4.236602 -3.238122 0.079492 -0.761726 5.042045 -10.667933 -1.563230 6.198846 9.025143 -3.430264 -2.935412 -0.739046 -7.652085 -0.119100 -0.840029 8.267296 0.318782 -0.518487 1.000000 0.000000 0.000000 0.000000 0.000000 0.000000 0.000000 0.000000 0.000000 0.000000 0.000000 0.000000 0.000000 0.000000 0.000000 0.000000 0.000000 0.000000 0.000000 0.000000 0.000000 0.000000 0.000000 0.000000 0.000000 0.000000 0.000000 0.000000 0.000000 0.000000 0.000000 0.000000 0.000000 0.000000 0.000000 0.000000 0.000000 0.000000 0.000000 0.000000 0.000000 0.000000 0.000000 0.000000 0.000000 0.000000 0.000000 0.000000 0.000000 0.000000 0.000000 0.000000 0.000000 0.000000 0.000000 0.000000 0.000000 0.000000 0.000000 0.000000 0.000000 0.000000 0.000000 0.000000 0.000000 0.000000 0.000000 0.000000 0.000000 0.000000 0.000000 0.000000 0.000000 0.000000 0.000000 0.000000 0.000000 0.000000 
1.137451 0.812836 -0.207570 -0.247521 -0.605528 -0.733748 -1.083086 0.906742 3.446934 -3.073965 -0.386786 2.018819 -0.484473 0.663586 0.304301 0.396007 -7.251206 -0.620421 -0.063477 18.280300 0.885928 -0.518923 -0.473484 1.000000 0.000000 0.000000 0.000000 0.000000 0.000000 0.000000 0.000000 0.000000 0.000000 0.000000 0.000000 0.000000 0.000000 0.000000 0.000000 0.000000 0.000000 0.000000 0.000000 0.000000 0.000000 0.000000 0.000000 0.000000 0.000000 0.000000 0.000000 0.000000 0.000000 0.000000 0.000000 0.000000 0.000000 0.000000 0.000000 0.000000 0.000000 0.000000 0.000000 0.000000 0.000000 0.000000 0.000000 0.000000 0.000000 0.000000 0.000000 0.000000 0.000000 0.000000 0.000000 0.000000 0.000000 0.000000 0.000000 0.000000 0.000000 0.000000 0.000000 0.000000 0.000000 0.000000 0.000000 0.000000 0.000000 0.000000 0.000000 0.000000 0.000000 0.000000 0.000000 0.000000 0.000000 0.000000 0.000000 0.000000 
-0.846207 -1.224673 0.418806 0.376278 0.097459 -0.545845 -0.327887 0.304463 -0.604168 0.070484 -0.042110 1.966512 -0.218344 0.313464 -0.338624 -0.833800 9.388626 0.851106 -0.265806 7.974609 0.001514 -1.479673 -1.106908 2.703139 1.000000 0.000000 0.000000 0.000000 0.000000 0.000000 0.000000 0.000000 0.000000 0.000000 0.000000 0.000000 0.000000 0.000000 0.000000 0.000000 0.000000 0.000000 0.000000 0.000000 0.000000 0.000000 0.000000 0.000000 0.000000 0.000000 0.000000 0.000000 0.000000 0.000000 0.000000 0.000000 0.000000 0.000000 0.000000 0.000000 0.000000 0.000000 0.000000 0.000000 0.000000 0.000000 0.000000 0.000000 0.000000 0.000000 0.000000 0.000000 0.000000 0.000000 0.000000 0.000000 0.000000 0.000000 0.000000 0.000000 0.000000 0.000000 0.000000 0.000000 0.000000 0.000000 0.000000 0.000000 0.000000 0.000000 0.000000 0.000000 0.000000 0.000000 0.000000 0.000000 0.000000 0.000000 0.000000 0.000000 
3.477679 2.800012 0.216062 -0.882663 -3.009728 -0.909961 -0.854451 -0.008942 6.615462 -9.217305 -1.345695 5.277720 10.116633 -3.689007 -3.121536 -0.472800 -10.138900 -0.886342 0.233099 5.187304 0.193644 -0.522620 0.826702 1.166959 -0.942095 1.000000 0.000000 0.000000 0.000000 0.000000 0.000000 0.000000 0.000000 0.000000 0.000000 0.000000 0.000000 0.000000 0.000000 0.000000 0.000000 0.000000 0.000000 0.000000 0.000000 0.000000 0.000000 0.000000 0.000000 0.000000 0.000000 0.000000 0.000000 0.000000 0.000000 0.000000 0.000000 0.000000 0.000000 0.000000 0.000000 0.000000 0.000000 0.000000 0.000000 0.000000 0.000000 0.000000 0.000000 0.000000 0.000000 0.000000 0.000000 0.000000 0.000000 0.000000 0.000000 0.000000 0.000000 0.000000 0.000000 0.000000 0.000000 0.000000 0.000000 0.000000 0.000000 0.000000 0.000000 0.000000 0.000000 0.000000 0.000000 0.000000 0.000000 0.000000 0.000000 0.000000 0.000000 0.000000 
-4.408870 -4.432952 1.129471 1.130707 -1.200344 -0.953412 -0.858933 1.597247 -1.854666 8.027822 1.071639 -1.479732 -5.171748 2.573276 0.641944 -0.822003 16.051507 2.168788 -2.182066 40.021181 1.564756 -2.478037 -1.346646 2.361550 1.410631 -1.264965 1.000000 0.000000 0.000000 0.000000 0.000000 0.000000 0.000000 0.000000 0.000000 0.000000 0.000000 0.000000 0.000000 0.000000 0.000000 0.000000 0.000000 0.000000 0.000000 0.000000 0.000000 0.000000 0.000000 0.000000 0.000000 0.000000 0.000000 0.000000 0.000000 0.000000 0.000000 0.000000 0.000000 0.000000 0.000000 0.000000 0.000000 0.000000 0.000000 0.000000 0.000000 0.000000 0.000000 0.000000 0.000000 0.000000 0.000000 0.000000 0.000000 0.000000 0.000000 0.000000 0.000000 0.000000 0.000000 0.000000 0.000000 0.000000 0.000000 0.000000 0.000000 0.000000 0.000000 0.000000 0.000000 0.000000 0.000000 0.000000 0.000000 0.000000 0.000000 0.000000 0.000000 0.000000 
1.560112 1.011281 0.109722 -0.533347 0.922492 -1.009586 0.976148 -1.174558 2.354402 -7.190440 -1.258928 2.967947 4.613356 -2.021525 -1.903647 -0.933563 8.643109 0.055281 1.485316 -29.700941 -1.610942 0.223208 -0.443690 2.952279 -1.046774 2.680015 -1.176253 1.000000 0.000000 0.000000 0.000000 0.000000 0.000000 0.000000 0.000000 0.000000 0.000000 0.000000 0.000000 0.000000 0.000000 0.000000 0.000000 0.000000 0.000000 0.000000 0.000000 0.000000 0.000000 0.000000 0.000000 0.000000 0.000000 0.000000 0.000000 0.000000 0.000000 0.000000 0.000000 0.000000 0.000000 0.000000 0.000000 0.000000 0.000000 0.000000 0.000000 0.000000 0.000000 0.000000 0.000000 0.000000 0.000000 0.000000 0.000000 0.000000 0.000000 0.000000 0.000000 0.000000 0.000000 0.000000 0.000000 0.000000 0.000000 0.000000 0.000000 0.000000 0.000000 0.000000 0.000000 0.000000 0.000000 0.000000 0.000000 0.000000 0.000000 0.000000 0.000000 0.000000 
-0.172710 0.102636 -0.165922 0.291750 0.392242 -0.032070 -0.492944 0.404780 1.764943 -1.687764 -0.164806 1.321034 0.402793 0.181001 -0.000027 0.141691 -1.901340 -0.002980 -0.044282 -12.871494 -0.254829 1.797991 -0.217327 -0.036014 -0.594124 2.550637 -2.272001 -4.924644 1.000000 0.000000 0.000000 0.000000 0.000000 0.000000 0.000000 0.000000 0.000000 0.000000 0.000000 0.000000 0.000000 0.000000 0.000000 0.000000 0.000000 0.000000 0.000000 0.000000 0.000000 0.000000 0.000000 0.000000 0.000000 0.000000 0.000000 0.000000 0.000000 0.000000 0.000000 0.000000 0.000000 0.000000 0.000000 0.000000 0.000000 0.000000 0.000000 0.000000 0.000000 0.000000 0.000000 0.000000 0.000000 0.000000 0.000000 0.000000 0.000000 0.000000 0.000000 0.000000 0.000000 0.000000 0.000000 0.000000 0.000000 0.000000 0.000000 0.000000 0.000000 0.000000 0.000000 0.000000 0.000000 0.000000 0.000000 0.000000 0.000000 0.000000 0.000000 0.000000 
-0.443410 0.127701 1.748202 0.324561 -3.454608 -0.042021 -0.927982 0.134178 2.312051 -3.706882 -0.417350 1.938507 1.939897 -0.591571 -0.571624 -0.055966 -2.175240 0.240694 -0.437766 -9.749630 -0.172354 1.366766 0.643658 -1.201064 -0.295807 0.157229 0.001429 -8.094679 1.235058 1.000000 0.000000 0.000000 0.000000 0.000000 0.000000 0.000000 0.000000 0.000000 0.000000 0.000000 0.000000 0.000000 0.000000 0.000000 0.000000 0.000000 0.000000 0.000000 0.000000 0.000000 0.000000 0.000000 0.000000 0.000000 0.000000 0.000000 0.000000 0.000000 0.000000 0.000000 0.000000 0.000000 0.000000 0.000000 0.000000 0.000000 0.000000 0.000000 0.000000 0.000000 0.000000 0.000000 0.000000 0.000000 0.000000 0.000000 0.000000 0.000000 0.000000 0.000000 0.000000 0.000000 0.000000 0.000000 0.000000 0.000000 0.000000 0.000000 0.000000 0.000000 0.000000 0.000000 0.000000 0.000000 0.000000 0.000000 0.000000 0.000000 0.000000 0.000000 
-2.328456 -2.454468 1.020142 0.167125 0.039971 -0.487546 2.195368 -1.814250 -4.624474 2.224560 0.043286 0.251814 5.034536 -2.391340 -2.000617 -0.754759 -0.965737 1.189490 -2.156722 7.861360 0.311388 -0.341580 -0.108759 1.833912 0.113041 2.715016 -2.266167 -6.774446 1.557004 0.661914 1.000000 0.000000 0.000000 0.000000 0.000000 0.000000 0.000000 0.000000 0.000000 0.000000 0.000000 0.000000 0.000000 0.000000 0.000000 0.000000 0.000000 0.000000 0.000000 0.000000 0.000000 0.000000 0.000000 0.000000 0.000000 0.000000 0.000000 0.000000 0.000000 0.000000 0.000000 0.000000 0.000000 0.000000 0.000000 0.000000 0.000000 0.000000 0.000000 0.000000 0.000000 0.000000 0.000000 0.000000 0.000000 0.000000 0.000000 0.000000 0.000000 0.000000 0.000000 0.000000 0.000000 0.000000 0.000000 0.000000 0.000000 0.000000 0.000000 0.000000 0.000000 0.000000 0.000000 0.000000 0.000000 0.000000 0.000000 0.000000 0.000000 0.000000 
0.371735 0.650313 0.528291 0.686872 -3.049462 0.569457 -2.735510 2.111624 3.170917 0.016669 0.193526 1.038365 -1.016058 0.936454 0.861207 0.880811 -12.613805 -1.309163 0.030528 24.810530 1.029292 -1.178604 0.613630 -3.270527 0.343824 -2.947180 1.692983 9.222700 -1.504655 -1.083618 -2.309821 1.000000 0.000000 0.000000 0.000000 0.000000 0.000000 0.000000 0.000000 0.000000 0.000000 0.000000 0.000000 0.000000 0.000000 0.000000 0.000000 0.000000 0.000000 0.000000 0.000000 0.000000 0.000000 0.000000 0.000000 0.000000 0.000000 0.000000 0.000000 0.000000 0.000000 0.000000 0.000000 0.000000 0.000000 0.000000 0.000000 0.000000 0.000000 0.000000 0.000000 0.000000 0.000000 0.000000 0.000000 0.000000 0.000000 0.000000 0.000000 0.000000 0.000000 0.000000 0.000000 0.000000 0.000000 0.000000 0.000000 0.000000 0.000000 0.000000 0.000000 0.000000 0.000000 0.000000 0.000000 0.000000 0.000000 0.000000 0.000000 0.000000 
-1.649343 -1.708497 0.688824 0.157685 -0.251740 -0.269245 1.520081 -1.457765 -1.864229 -0.232240 -0.154612 1.673869 4.358638 -1.727778 -1.475185 -0.400786 -1.408754 0.327216 -0.558444 -3.494155 -0.131074 0.110797 0.380995 -1.794225 0.103301 -1.341219 0.940625 -2.851758 0.426523 0.453566 0.453813 -0.244551 1.000000 0.000000 0.000000 0.000000 0.000000 0.000000 0.000000 0.000000 0.000000 0.000000 0.000000 0.000000 0.000000 0.000000 0.000000 0.000000 0.000000 0.000000 0.000000 0.000000 0.000000 0.000000 0.000000 0.000000 0.000000 0.000000 0.000000 0.000000 0.000000 0.000000 0.000000 0.000000 0.000000 0.000000 0.000000 0.000000 0.000000 0.000000 0.000000 0.000000 0.000000 0.000000 0.000000 0.000000 0.000000 0.000000 0.000000 0.000000 0.000000 0.000000 0.000000 0.000000 0.000000 0.000000 0.000000 0.000000 0.000000 0.000000 0.000000 0.000000 0.000000 0.000000 0.000000 0.000000 0.000000 0.000000 0.000000 0.000000 
-1.885601 -1.575526 -0.230336 0.807831 1.542177 1.248157 0.801522 -0.078701 -5.061574 9.334987 1.386053 -2.429203 -1.968481 0.862116 0.294808 -0.607279 11.602687 1.350600 -1.045430 11.062394 0.155768 -1.300631 -1.078532 1.249855 0.828022 0.640582 -0.936061 -0.421562 0.562242 0.438601 4.348700 -2.041505 0.949144 1.000000 0.000000 0.000000 0.000000 0.000000 0.000000 0.000000 0.000000 0.000000 0.000000 0.000000 0.000000 0.000000 0.000000 0.000000 0.000000 0.000000 0.000000 0.000000 0.000000 0.000000 0.000000 0.000000 0.000000 0.000000 0.000000 0.000000 0.000000 0.000000 0.000000 0.000000 0.000000 0.000000 0.000000 0.000000 0.000000 0.000000 0.000000 0.000000 0.000000 0.000000 0.000000 0.000000 0.000000 0.000000 0.000000 0.000000 0.000000 0.000000 0.000000 0.000000 0.000000 0.000000 0.000000 0.000000 0.000000 0.000000 0.000000 0.000000 0.000000 0.000000 0.000000 0.000000 0.000000 0.000000 0.000000 0.000000 
-1.223375 -1.314462 0.005500 0.204384 -1.270891 -1.137205 -0.154533 0.452376 1.738253 0.888480 0.156657 0.416962 -1.289312 1.008248 0.191422 -0.073524 0.102801 0.761436 -1.636856 24.951727 1.119391 -0.989088 0.005261 -1.171177 0.929441 -1.874220 0.963251 0.655383 -0.145197 -0.281244 -2.917459 1.554171 -0.569896 -0.266667 1.000000 0.000000 0.000000 0.000000 0.000000 0.000000 0.000000 0.000000 0.000000 0.000000 0.000000 0.000000 0.000000 0.000000 0.000000 0.000000 0.000000 0.000000 0.000000 0.000000 0.000000 0.000000 0.000000 0.000000 0.000000 0.000000 0.000000 0.000000 0.000000 0.000000 0.000000 0.000000 0.000000 0.000000 0.000000 0.000000 0.000000 0.000000 0.000000 0.000000 0.000000 0.000000 0.000000 0.000000 0.000000 0.000000 0.000000 0.000000 0.000000 0.000000 0.000000 0.000000 0.000000 0.000000 0.000000 0.000000 0.000000 0.000000 0.000000 0.000000 0.000000 0.000000 0.000000 0.000000 0.000000 0.000000 
-0.322860 -0.159052 -0.122035 -0.501553 -0.694912 -0.093709 -0.574258 0.467828 -0.631014 1.414960 0.367945 -0.453331 -2.156559 0.866300 1.194246 0.714856 -6.740951 -1.009260 0.735746 6.462240 0.192795 -0.859593 1.202264 -3.556601 0.484569 -5.271205 4.106026 8.479668 -1.786550 -0.323051 -1.395553 0.240858 1.160792 -0.385810 -0.634960 1.000000 0.000000 0.000000 0.000000 0.000000 0.000000 0.000000 0.000000 0.000000 0.000000 0.000000 0.000000 0.000000 0.000000 0.000000 0.000000 0.000000 0.000000 0.000000 0.000000 0.000000 0.000000 0.000000 0.000000 0.000000 0.000000 0.000000 0.000000 0.000000 0.000000 0.000000 0.000000 0.000000 0.000000 0.000000 0.000000 0.000000 0.000000 0.000000 0.000000 0.000000 0.000000 0.000000 0.000000 0.000000 0.000000 0.000000 0.000000 0.000000 0.000000 0.000000 0.000000 0.000000 0.000000 0.000000 0.000000 0.000000 0.000000 0.000000 0.000000 0.000000 0.000000 0.000000 0.000000 0.000000 
-0.460534 -0.858964 1.016925 0.021069 -2.652647 -1.559954 -0.349170 -0.102827 -0.033094 -3.721710 -0.668910 1.880921 1.652985 -0.767013 -0.569638 0.128109 -6.466032 -0.008589 -0.717073 -3.527759 -0.167446 0.158809 0.387921 1.522275 -0.401712 2.109598 -1.559909 -1.801037 0.288056 -0.349684 -3.800336 1.401810 0.373440 -0.793153 -1.527333 1.266154 1.000000 0.000000 0.000000 0.000000 0.000000 0.000000 0.000000 0.000000 0.000000 0.000000 0.000000 0.000000 0.000000 0.000000 0.000000 0.000000 0.000000 0.000000 0.000000 0.000000 0.000000 0.000000 0.000000 0.000000 0.000000 0.000000 0.000000 0.000000 0.000000 0.000000 0.000000 0.000000 0.000000 0.000000 0.000000 0.000000 0.000000 0.000000 0.000000 0.000000 0.000000 0.000000 0.000000 0.000000 0.000000 0.000000 0.000000 0.000000 0.000000 0.000000 0.000000 0.000000 0.000000 0.000000 0.000000 0.000000 0.000000 0.000000 0.000000 0.000000 0.000000 0.000000 0.000000 0.000000 
1.743821 2.585635 -1.771782 -0.675484 2.642078 1.041631 0.203065 -0.061865 2.338802 -1.314227 -0.020822 -0.294017 -0.839882 0.482380 0.639124 0.249913 0.504148 -0.733976 1.271482 -5.555869 -0.300292 0.117784 0.192146 -2.240907 0.581056 -2.320629 1.236878 4.956470 -1.009033 -0.575427 -1.016663 0.381093 0.491863 -0.493281 0.259355 1.289111 -0.437270 1.000000 0.000000 0.000000 0.000000 0.000000 0.000000 0.000000 0.000000 0.000000 0.000000 0.000000 0.000000 0.000000 0.000000 0.000000 0.000000 0.000000 0.000000 0.000000 0.000000 0.000000 0.000000 0.000000 0.000000 0.000000 0.000000 0.000000 0.000000 0.000000 0.000000 0.000000 0.000000 0.000000 0.000000 0.000000 0.000000 0.000000 0.000000 0.000000 0.000000 0.000000 0.000000 0.000000 0.000000 0.000000 0.000000 0.000000 0.000000 0.000000 0.000000 0.000000 0.000000 0.000000 0.000000 0.000000 0.000000 0.000000 0.000000 0.000000 0.000000 0.000000 0.000000 0.000000 
-1.066921 -1.066799 0.176804 0.251180 -0.181481 -0.246896 -0.457016 0.741056 -2.248662 4.101734 0.701264 -0.026277 -0.013933 0.204192 0.223098 0.323110 -7.920418 -0.030656 -1.416182 24.015774 1.109452 -0.527114 -0.300629 -1.313011 0.719338 -0.652636 -0.414293 0.146159 0.290920 -0.166497 -0.156551 0.299680 0.199559 0.013555 0.574170 0.245874 -0.401199 -1.114252 1.000000 0.000000 0.000000 0.000000 0.000000 0.000000 0.000000 0.000000 0.000000 0.000000 0.000000 0.000000 0.000000 0.000000 0.000000 0.000000 0.000000 0.000000 0.000000 0.000000 0.000000 0.000000 0.000000 0.000000 0.000000 0.000000 0.000000 0.000000 0.000000 0.000000 0.000000 0.000000 0.000000 0.000000 0.000000 0.000000 0.000000 0.000000 0.000000 0.000000 0.000000 0.000000 0.000000 0.000000 0.000000 0.000000 0.000000 0.000000 0.000000 0.000000 0.000000 0.000000 0.000000 0.000000 0.000000 0.000000 0.000000 0.000000 0.000000 0.000000 0.000000 0.000000 
0.101792 -0.146685 1.642576 0.484667 -4.567971 -0.479345 -2.097730 1.104730 3.894008 -5.367318 -0.658926 4.190056 0.697866 0.248428 -0.069203 -0.010966 -4.646354 -0.400803 0.016549 8.085986 -0.031145 -1.830151 1.186894 -0.489961 -0.091406 -1.990060 1.794707 9.553963 -1.652963 -0.553469 -0.003831 -0.646059 1.377567 0.010118 -2.660541 2.383793 -1.656901 -1.326877 -11.506655 1.000000 0.000000 0.000000 0.000000 0.000000 0.000000 0.000000 0.000000 0.000000 0.000000 0.000000 0.000000 0.000000 0.000000 0.000000 0.000000 0.000000 0.000000 0.000000 0.000000 0.000000 0.000000 0.000000 0.000000 0.000000 0.000000 0.000000 0.000000 0.000000 0.000000 0.000000 0.000000 0.000000 0.000000 0.000000 0.000000 0.000000 0.000000 0.000000 0.000000 0.000000 0.000000 0.000000 0.000000 0.000000 0.000000 0.000000 0.000000 0.000000 0.000000 0.000000 0.000000 0.000000 0.000000 0.000000 0.000000 0.000000 0.000000 0.000000 0.000000 0.000000 
1.533959 1.255984 1.132711 -0.001513 -3.295173 -0.505526 -1.402744 0.395357 4.135728 -7.253007 -0.970745 7.271127 9.027854 -3.076565 -2.477242 -0.373713 -10.674301 -1.688965 1.347749 -1.903923 -0.558785 -1.327090 0.977792 -0.745678 -0.574855 -0.627224 0.664258 9.833927 -1.437216 -0.278909 4.833628 -3.136814 2.187857 0.953932 -2.353529 1.675514 -0.661360 -2.087449 -4.394858 0.484349 1.000000 0.000000 0.000000 0.000000 0.000000 0.000000 0.000000 0.000000 0.000000 0.000000 0.000000 0.000000 0.000000 0.000000 0.000000 0.000000 0.000000 0.000000 0.000000 0.000000 0.000000 0.000000 0.000000 0.000000 0.000000 0.000000 0.000000 0.000000 0.000000 0.000000 0.000000 0.000000 0.000000 0.000000 0.000000 0.000000 0.000000 0.000000 0.000000 0.000000 0.000000 0.000000 0.000000 0.000000 0.000000 0.000000 0.000000 0.000000 0.000000 0.000000 0.000000 0.000000 0.000000 0.000000 0.000000 0.000000 0.000000 0.000000 0.000000 0.000000 
0.680099 0.644401 -1.205201 -0.619804 1.287183 -0.472202 0.719917 -0.283723 0.223849 0.988494 0.169595 -2.624287 -4.755771 1.673219 1.529992 0.499328 1.501122 0.151151 0.144936 -9.356449 -0.233301 1.065200 -0.587605 0.531822 0.061664 1.528999 -1.662898 0.202945 0.100072 -0.468245 -1.611039 0.840387 -0.684823 -0.279912 -0.080846 0.035482 0.465692 1.955714 -0.115058 -0.116729 -2.198324 1.000000 0.000000 0.000000 0.000000 0.000000 0.000000 0.000000 0.000000 0.000000 0.000000 0.000000 0.000000 0.000000 0.000000 0.000000 0.000000 0.000000 0.000000 0.000000 0.000000 0.000000 0.000000 0.000000 0.000000 0.000000 0.000000 0.000000 0.000000 0.000000 0.000000 0.000000 0.000000 0.000000 0.000000 0.000000 0.000000 0.000000 0.000000 0.000000 0.000000 0.000000 0.000000 0.000000 0.000000 0.000000 0.000000 0.000000 0.000000 0.000000 0.000000 0.000000 0.000000 0.000000 0.000000 0.000000 0.000000 0.000000 0.000000 0.000000 
1.631246 1.732592 -0.805498 -0.380971 0.020013 -0.381047 0.241143 -0.492489 1.833675 -4.567824 -0.683390 0.837364 0.236984 -0.126751 0.041749 0.178607 -5.199181 -0.019374 -0.474644 -0.281292 -0.005275 -0.091814 0.478934 -0.188386 -0.473321 0.102337 0.146386 -1.035233 0.249960 0.299566 2.281151 -0.368350 -0.909301 0.545728 1.073109 -2.054822 -1.157897 0.800056 -3.502828 0.160392 0.679793 3.193790 1.000000 0.000000 0.000000 0.000000 0.000000 0.000000 0.000000 0.000000 0.000000 0.000000 0.000000 0.000000 0.000000 0.000000 0.000000 0.000000 0.000000 0.000000 0.000000 0.000000 0.000000 0.000000 0.000000 0.000000 0.000000 0.000000 0.000000 0.000000 0.000000 0.000000 0.000000 0.000000 0.000000 0.000000 0.000000 0.000000 0.000000 0.000000 0.000000 0.000000 0.000000 0.000000 0.000000 0.000000 0.000000 0.000000 0.000000 0.000000 0.000000 0.000000 0.000000 0.000000 0.000000 0.000000 0.000000 0.000000 0.000000 0.000000 
2.970482 2.776607 0.260411 -0.918955 -3.403427 -0.358083 -0.897892 -0.084480 3.179654 -6.952040 -0.979833 1.693453 4.905676 -2.290126 -1.046877 0.321879 -12.146482 -1.598045 1.197613 1.934318 -0.254053 -1.316437 0.626589 4.824326 -0.454644 2.170348 -0.728524 5.327934 -1.082815 -0.581764 -2.437345 0.347426 0.560769 -1.298600 -3.919265 3.926808 -0.544070 2.055721 -8.988044 0.662937 -2.430763 1.031321 0.088693 1.000000 0.000000 0.000000 0.000000 0.000000 0.000000 0.000000 0.000000 0.000000 0.000000 0.000000 0.000000 0.000000 0.000000 0.000000 0.000000 0.000000 0.000000 0.000000 0.000000 0.000000 0.000000 0.000000 0.000000 0.000000 0.000000 0.000000 0.000000 0.000000 0.000000 0.000000 0.000000 0.000000 0.000000 0.000000 0.000000 0.000000 0.000000 0.000000 0.000000 0.000000 0.000000 0.000000 0.000000 0.000000 0.000000 0.000000 0.000000 0.000000 0.000000 0.000000 0.000000 0.000000 0.000000 0.000000 0.000000 0.000000 
1.761746 1.651282 0.528231 0.287703 -3.212434 0.734072 -2.561914 1.467042 5.284296 -5.207468 -0.496429 3.433185 1.433632 -0.025517 0.074876 0.202632 -6.579001 -1.438655 1.420013 10.812619 0.236688 -1.390838 0.886878 -0.964772 0.829374 -3.405084 2.521772 8.820339 -2.027547 -1.178482 -5.759246 2.043896 0.760370 -1.093059 -0.772019 1.618894 0.730834 0.196804 2.747538 -0.211862 -0.103723 -2.051077 -0.712383 -1.454849 1.000000 0.000000 0.000000 0.000000 0.000000 0.000000 0.000000 0.000000 0.000000 0.000000 0.000000 0.000000 0.000000 0.000000 0.000000 0.000000 0.000000 0.000000 0.000000 0.000000 0.000000 0.000000 0.000000 0.000000 0.000000 0.000000 0.000000 0.000000 0.000000 0.000000 0.000000 0.000000 0.000000 0.000000 0.000000 0.000000 0.000000 0.000000 0.000000 0.000000 0.000000 0.000000 0.000000 0.000000 0.000000 0.000000 0.000000 0.000000 0.000000 0.000000 0.000000 0.000000 0.000000 0.000000 0.000000 0.000000 
-0.884216 -0.480952 -1.097203 0.232795 2.839957 0.125604 0.588767 0.053686 -1.515883 3.915205 0.532390 -1.710892 -4.998199 2.129161 1.042930 -0.513249 18.678919 1.148651 0.681544 -19.485202 -0.902138 0.693772 -1.249090 1.784044 -0.403672 1.610317 -0.879011 -3.621184 0.927363 0.717618 5.657167 -1.950474 -0.220986 0.988022 1.073361 -2.692083 -1.082473 -0.945295 -0.604305 0.055033 1.523884 3.211540 1.028186 2.083522 89.399769 1.000000 0.000000 0.000000 0.000000 0.000000 0.000000 0.000000 0.000000 0.000000 0.000000 0.000000 0.000000 0.000000 0.000000 0.000000 0.000000 0.000000 0.000000 0.000000 0.000000 0.000000 0.000000 0.000000 0.000000 0.000000 0.000000 0.000000 0.000000 0.000000 0.000000 0.000000 0.000000 0.000000 0.000000 0.000000 0.000000 0.000000 0.000000 0.000000 0.000000 0.000000 0.000000 0.000000 0.000000 0.000000 0.000000 0.000000 0.000000 0.000000 0.000000 0.000000 0.000000 0.000000 0.000000 0.000000 
-0.487563 0.089985 0.396845 0.806780 -1.398183 0.870581 -1.872214 1.427573 2.855642 0.743250 0.393799 2.869420 -0.674011 1.064244 0.071997 -0.701753 12.323194 0.263969 1.130899 -5.857959 -0.411130 -0.235259 -0.252860 -1.039155 0.416087 -2.069505 1.626579 4.757611 -1.036432 -0.538390 -2.661210 1.256519 -0.695813 -0.171235 0.890459 -0.478012 0.198299 2.674416 1.064614 -0.246379 -2.248019 0.388415 0.017727 -1.029491 -225.997261 -2.443772 1.000000 0.000000 0.000000 0.000000 0.000000 0.000000 0.000000 0.000000 0.000000 0.000000 0.000000 0.000000 0.000000 0.000000 0.000000 0.000000 0.000000 0.000000 0.000000 0.000000 0.000000 0.000000 0.000000 0.000000 0.000000 0.000000 0.000000 0.000000 0.000000 0.000000 0.000000 0.000000 0.000000 0.000000 0.000000 0.000000 0.000000 0.000000 0.000000 0.000000 0.000000 0.000000 0.000000 0.000000 0.000000 0.000000 0.000000 0.000000 0.000000 0.000000 0.000000 0.000000 0.000000 0.000000 
-0.632634 -0.696914 0.310685 0.456503 -1.317703 -0.168387 -2.150851 1.986752 1.623009 1.066175 0.314447 3.763889 -0.530277 1.168561 0.046603 -0.476973 2.828889 0.550033 -0.966511 24.108565 0.540717 -2.638729 -0.254136 1.662635 0.416328 -0.059252 -0.088418 7.256684 -0.996371 -0.751678 -1.338012 -0.188154 1.158641 0.074311 -2.384904 2.416476 -0.106607 -1.867872 -5.457129 0.549801 -1.164300 -1.025233 -0.595283 -0.366386 28.939747 0.307382 -0.115583 1.000000 0.000000 0.000000 0.000000 0.000000 0.000000 0.000000 0.000000 0.000000 0.000000 0.000000 0.000000 0.000000 0.000000 0.000000 0.000000 0.000000 0.000000 0.000000 0.000000 0.000000 0.000000 0.000000 0.000000 0.000000 0.000000 0.000000 0.000000 0.000000 0.000000 0.000000 0.000000 0.000000 0.000000 0.000000 0.000000 0.000000 0.000000 0.000000 0.000000 0.000000 0.000000 0.000000 0.000000 0.000000 0.000000 0.000000 0.000000 0.000000 0.000000 0.000000 0.000000 0.000000 
-1.729605 -2.051701 -0.454643 -0.429002 0.625067 -2.777709 3.370542 -2.072405 -3.815377 3.792544 0.310046 -4.685271 -2.296091 0.193198 0.230764 0.297649 -3.644320 1.593084 -3.172934 16.460666 1.568076 1.909442 -0.063680 -0.714281 0.165547 1.378244 -1.575340 -11.924412 2.118179 1.000829 3.128674 -0.052331 -1.721893 0.097589 2.134729 -3.160502 -0.525394 3.972104 0.493805 -0.288907 -0.039951 1.186543 0.976407 1.413088 -245.016980 -2.612017 1.407855 2.529578 1.000000 0.000000 0.000000 0.000000 0.000000 0.000000 0.000000 0.000000 0.000000 0.000000 0.000000 0.000000 0.000000 0.000000 0.000000 0.000000 0.000000 0.000000 0.000000 0.000000 0.000000 0.000000 0.000000 0.000000 0.000000 0.000000 0.000000 0.000000 0.000000 0.000000 0.000000 0.000000 0.000000 0.000000 0.000000 0.000000 0.000000 0.000000 0.000000 0.000000 0.000000 0.000000 0.000000 0.000000 0.000000 0.000000 0.000000 0.000000 0.000000 0.000000 0.000000 0.000000 
2.555791 2.345950 -0.157122 -0.881054 -0.654961 0.232973 -0.914154 0.360362 3.252498 -4.718960 -0.535539 4.235178 7.253261 -2.483450 -2.217684 -0.752823 -3.959035 0.165206 -0.834343 10.373496 0.368782 -0.738273 0.319202 0.642788 -0.255171 0.374378 0.071052 -4.304537 0.864378 0.664445 1.318573 -0.288472 0.166463 0.101061 -0.059229 -0.351231 -1.025709 -1.562617 -2.241218 0.276263 0.980267 1.442322 0.341922 1.388455 175.013783 1.899907 -0.716086 -3.030327 -0.644003 1.000000 0.000000 0.000000 0.000000 0.000000 0.000000 0.000000 0.000000 0.000000 0.000000 0.000000 0.000000 0.000000 0.000000 0.000000 0.000000 0.000000 0.000000 0.000000 0.000000 0.000000 0.000000 0.000000 0.000000 0.000000 0.000000 0.000000 0.000000 0.000000 0.000000 0.000000 0.000000 0.000000 0.000000 0.000000 0.000000 0.000000 0.000000 0.000000 0.000000 0.000000 0.000000 0.000000 0.000000 0.000000 0.000000 0.000000 0.000000 0.000000 0.000000 0.000000 
-0.885802 -0.457945 -1.318895 0.173496 1.230520 0.877952 1.127279 -0.366236 -4.442959 8.592169 1.271008 -6.324286 -5.967453 1.953712 1.426108 -0.144587 12.279027 2.122618 -2.003180 4.748983 0.795299 1.625336 -0.499837 1.330698 -0.008513 2.179622 -1.516447 -11.558436 1.707814 0.452277 -4.447408 2.719906 -2.448502 -0.991061 1.291835 -0.985986 1.133866 4.803151 2.661142 -0.474417 -3.130737 0.596530 0.286227 0.636222 -258.146168 -2.775861 1.137398 -1.666771 -0.042637 -2.949833 1.000000 0.000000 0.000000 0.000000 0.000000 0.000000 0.000000 0.000000 0.000000 0.000000 0.000000 0.000000 0.000000 0.000000 0.000000 0.000000 0.000000 0.000000 0.000000 0.000000 0.000000 0.000000 0.000000 0.000000 0.000000 0.000000 0.000000 0.000000 0.000000 0.000000 0.000000 0.000000 0.000000 0.000000 0.000000 0.000000 0.000000 0.000000 0.000000 0.000000 0.000000 0.000000 0.000000 0.000000 0.000000 0.000000 0.000000 0.000000 0.000000 0.000000 
2.211537 2.079043 -0.136109 -0.590492 -0.756007 1.130583 -0.047843 -0.448360 -0.661109 -1.807246 -0.144872 0.810601 4.924241 -2.398976 -1.089664 -0.088659 -8.000414 -0.614315 0.048296 -10.605853 -0.807463 -0.451248 0.380497 2.591231 -0.695239 3.414916 -2.465564 2.202297 -0.054447 -0.443315 -1.906562 -0.180175 1.977554 -0.002373 -3.047000 2.597343 0.472337 -5.464874 -4.494259 0.647404 2.095685 -2.894410 -1.319745 -0.332801 447.439004 4.826167 -1.795990 1.044015 -0.005226 -3.305662 0.658557 1.000000 0.000000 0.000000 0.000000 0.000000 0.000000 0.000000 0.000000 0.000000 0.000000 0.000000 0.000000 0.000000 0.000000 0.000000 0.000000 0.000000 0.000000 0.000000 0.000000 0.000000 0.000000 0.000000 0.000000 0.000000 0.000000 0.000000 0.000000 0.000000 0.000000 0.000000 0.000000 0.000000 0.000000 0.000000 0.000000 0.000000 0.000000 0.000000 0.000000 0.000000 0.000000 0.000000 0.000000 0.000000 0.000000 0.000000 0.000000 0.000000 
-1.330532 -0.953831 2.037295 0.803024 -3.855205 -1.091549 -1.634393 0.795475 3.016415 -5.624528 -0.807437 5.883279 4.796543 -1.355644 -1.594180 -0.639830 -2.154630 0.063529 -0.553307 5.101809 -0.326176 -1.798613 0.269523 -0.035791 -0.185471 -0.102429 0.045358 5.600837 -0.522828 0.086100 2.942916 -2.172754 2.598951 0.506809 -2.992704 2.230513 -0.225648 -3.351345 -3.563971 0.486452 1.341981 0.340462 -0.032150 0.433149 178.921366 1.929096 -0.878914 -1.934961 -0.265194 -2.306205 0.561884 -0.071967 1.000000 0.000000 0.000000 0.000000 0.000000 0.000000 0.000000 0.000000 0.000000 0.000000 0.000000 0.000000 0.000000 0.000000 0.000000 0.000000 0.000000 0.000000 0.000000 0.000000 0.000000 0.000000 0.000000 0.000000 0.000000 0.000000 0.000000 0.000000 0.000000 0.000000 0.000000 0.000000 0.000000 0.000000 0.000000 0.000000 0.000000 0.000000 0.000000 0.000000 0.000000 0.000000 0.000000 0.000000 0.000000 0.000000 0.000000 0.000000 
-2.084027 -1.707454 0.017231 0.063631 4.060744 0.363778 2.708791 -1.891705 -3.418161 2.173833 0.078098 -1.105159 1.594422 -0.993003 -0.799606 -0.395485 4.055601 0.383527 -0.007276 -9.359830 -0.592295 -0.003798 -0.833754 -1.700370 0.622617 -1.178307 0.496573 -1.367803 0.450060 0.847674 5.452456 -2.451703 0.825169 1.176813 0.926522 -1.262928 0.029285 -0.793561 2.800486 -0.174859 2.112610 -1.102642 -0.128664 0.586840 154.455181 1.670364 -0.612637 -0.365587 -0.014262 6.150827 -0.679037 -0.157556 -1.605729 1.000000 0.000000 0.000000 0.000000 0.000000 0.000000 0.000000 0.000000 0.000000 0.000000 0.000000 0.000000 0.000000 0.000000 0.000000 0.000000 0.000000 0.000000 0.000000 0.000000 0.000000 0.000000 0.000000 0.000000 0.000000 0.000000 0.000000 0.000000 0.000000 0.000000 0.000000 0.000000 0.000000 0.000000 0.000000 0.000000 0.000000 0.000000 0.000000 0.000000 0.000000 0.000000 0.000000 0.000000 0.000000 0.000000 0.000000 
3.344073 3.197242 -0.624408 -1.168045 -0.204017 0.490622 0.057383 -0.604666 0.533162 -4.151529 -0.656037 0.760413 4.141683 -2.111695 -0.955762 0.114910 -5.720174 -1.034820 1.422058 -26.405697 -1.518979 0.004722 0.011634 7.057149 -2.235454 7.572647 -4.548324 -0.702316 0.522690 -0.239333 -0.413892 -0.010630 -0.572557 -0.015242 -2.281414 0.626702 -0.277700 0.858670 -7.560355 0.507938 -4.342835 2.546776 0.234646 -0.171602 -148.487033 -1.595427 0.782896 -2.894648 -0.698041 0.864614 1.150430 0.399294 -0.803264 0.930950 1.000000 0.000000 0.000000 0.000000 0.000000 0.000000 0.000000 0.000000 0.000000 0.000000 0.000000 0.000000 0.000000 0.000000 0.000000 0.000000 0.000000 0.000000 0.000000 0.000000 0.000000 0.000000 0.000000 0.000000 0.000000 0.000000 0.000000 0.000000 0.000000 0.000000 0.000000 0.000000 0.000000 0.000000 0.000000 0.000000 0.000000 0.000000 0.000000 0.000000 0.000000 0.000000 0.000000 0.000000 0.000000 0.000000 
-0.281719 -0.162339 0.066140 0.482770 -1.979734 1.291022 -0.868469 0.572639 -1.521751 4.203211 0.892967 -1.416258 -1.238947 0.593746 1.080939 0.637340 -7.198463 -0.472114 -0.257046 6.466845 0.623817 0.723177 1.073189 -2.180754 0.203115 -1.362997 0.707644 -0.323717 -0.055468 -0.070602 -0.696036 0.282615 0.810765 -0.245533 -0.212350 0.369419 -0.511240 -3.214826 -2.421200 0.367813 3.272971 -0.432012 -0.083728 0.913087 347.166377 3.752280 -1.493623 -0.302879 0.171022 -8.437799 1.323618 0.337607 1.018535 -0.625335 -0.234142 1.000000 0.000000 0.000000 0.000000 0.000000 0.000000 0.000000 0.000000 0.000000 0.000000 0.000000 0.000000 0.000000 0.000000 0.000000 0.000000 0.000000 0.000000 0.000000 0.000000 0.000000 0.000000 0.000000 0.000000 0.000000 0.000000 0.000000 0.000000 0.000000 0.000000 0.000000 0.000000 0.000000 0.000000 0.000000 0.000000 0.000000 0.000000 0.000000 0.000000 0.000000 0.000000 0.000000 0.000000 0.000000 
-1.570097 -1.447425 1.010050 0.400985 -1.704726 -0.383368 0.692167 -0.766404 -1.449150 0.189602 -0.127322 -1.774297 -1.760570 0.405997 0.544889 0.635629 -5.275887 -0.084123 -0.356705 -5.669993 -0.010016 0.945728 0.196439 -1.640557 -0.165625 -0.526001 0.281399 -2.961906 0.486361 0.647766 4.019954 -1.758033 0.594428 0.392445 -0.403517 -0.803049 -0.131557 0.801062 1.191874 -0.141230 1.280679 1.096275 0.642899 0.300457 -102.043450 -1.096270 0.393097 -1.466425 -0.208662 -0.236534 0.039813 -0.267973 0.511649 -0.206778 0.127425 -2.425385 1.000000 0.000000 0.000000 0.000000 0.000000 0.000000 0.000000 0.000000 0.000000 0.000000 0.000000 0.000000 0.000000 0.000000 0.000000 0.000000 0.000000 0.000000 0.000000 0.000000 0.000000 0.000000 0.000000 0.000000 0.000000 0.000000 0.000000 0.000000 0.000000 0.000000 0.000000 0.000000 0.000000 0.000000 0.000000 0.000000 0.000000 0.000000 0.000000 0.000000 0.000000 0.000000 0.000000 0.000000 
-0.602602 -0.680007 0.316907 0.566639 0.631773 0.198546 -1.121818 1.049918 0.456826 0.313390 0.188883 4.537672 4.712550 -1.180839 -1.159609 -0.311447 -6.764873 -0.571347 -0.276735 16.158284 0.512811 -1.110533 -0.001669 -2.399298 0.453517 -2.455982 1.412409 1.705806 -0.051880 0.384541 3.829804 -1.647762 1.061190 0.826795 0.658980 -0.992321 -0.304845 -3.277163 4.573971 -0.198094 2.682244 0.049987 0.331230 -0.737864 -87.524838 -0.952490 0.210594 -0.635367 -0.043054 -1.364491 -0.220220 -0.631441 0.729882 -0.526750 1.011333 -4.446682 1.712480 1.000000 0.000000 0.000000 0.000000 0.000000 0.000000 0.000000 0.000000 0.000000 0.000000 0.000000 0.000000 0.000000 0.000000 0.000000 0.000000 0.000000 0.000000 0.000000 0.000000 0.000000 0.000000 0.000000 0.000000 0.000000 0.000000 0.000000 0.000000 0.000000 0.000000 0.000000 0.000000 0.000000 0.000000 0.000000 0.000000 0.000000 0.000000 0.000000 0.000000 0.000000 0.000000 0.000000 
0.719810 0.281895 0.605537 -0.055729 -3.080282 -2.354274 0.468755 -0.788782 3.412287 -6.762049 -1.106717 4.820026 8.285636 -3.160700 -2.972150 -0.983700 -1.641045 0.245226 -0.647277 -0.139364 -0.066769 -0.029287 0.271017 -0.820840 0.059808 0.115734 -0.307158 0.102947 0.180416 0.287995 1.897973 -0.882501 0.640244 0.298857 0.409145 0.366392 0.433130 1.643669 2.057431 -0.225472 0.516261 -1.003791 -0.398724 0.214411 249.501443 2.680686 -1.180110 0.082294 0.012153 4.147525 -0.530132 0.456548 -1.509810 0.756999 -0.877042 3.565973 -1.329695 -0.568795 1.000000 0.000000 0.000000 0.000000 0.000000 0.000000 0.000000 0.000000 0.000000 0.000000 0.000000 0.000000 0.000000 0.000000 0.000000 0.000000 0.000000 0.000000 0.000000 0.000000 0.000000 0.000000 0.000000 0.000000 0.000000 0.000000 0.000000 0.000000 0.000000 0.000000 0.000000 0.000000 0.000000 0.000000 0.000000 0.000000 0.000000 0.000000 0.000000 0.000000 0.000000 0.000000 
1.828526 1.001430 -0.656678 -0.828383 -1.254699 -1.517982 1.143085 -0.947197 1.553122 -1.869845 -0.437995 -0.049303 1.966665 -0.949070 -1.015732 -0.284523 0.437451 0.549961 -0.811760 0.835979 0.484883 1.331213 0.089165 1.627859 -0.294335 2.421291 -1.777939 -8.044615 1.231812 0.255483 -2.283744 1.570499 -1.376556 -0.871869 0.472617 -0.785419 1.685828 3.951810 5.828811 -0.671027 -2.219018 -0.526832 0.001767 0.481296 -169.498635 -1.821719 0.735436 0.650492 0.612978 -1.557321 0.179184 -0.323725 1.130380 -0.223862 0.301214 0.592658 -0.160968 0.187879 4.569088 1.000000 0.000000 0.000000 0.000000 0.000000 0.000000 0.000000 0.000000 0.000000 0.000000 0.000000 0.000000 0.000000 0.000000 0.000000 0.000000 0.000000 0.000000 0.000000 0.000000 0.000000 0.000000 0.000000 0.000000 0.000000 0.000000 0.000000 0.000000 0.000000 0.000000 0.000000 0.000000 0.000000 0.000000 0.000000 0.000000 0.000000 0.000000 0.000000 0.000000 0.000000 
-1.958548 -2.058714 0.915790 1.124647 -1.222744 0.436014 -0.995317 1.210835 -2.088697 6.386800 1.022494 -2.792977 -6.491411 2.845096 2.057899 0.564186 0.450245 0.458110 -1.104552 24.611676 1.223923 -0.517064 -0.475647 -2.217637 1.233691 -2.833379 1.469857 -1.671641 0.137769 0.221955 0.789774 0.376717 -1.227176 0.133026 2.196675 -1.649974 -0.851552 1.236590 3.063503 -0.310952 0.749528 1.680925 0.745449 -1.198563 -165.010660 -1.807714 0.337613 -2.993795 -0.895180 8.955483 -1.722290 -1.205869 -1.681365 0.436140 1.401445 -5.933898 1.865358 1.491098 -2.932713 -0.841849 1.000000 0.000000 0.000000 0.000000 0.000000 0.000000 0.000000 0.000000 0.000000 0.000000 0.000000 0.000000 0.000000 0.000000 0.000000 0.000000 0.000000 0.000000 0.000000 0.000000 0.000000 0.000000 0.000000 0.000000 0.000000 0.000000 0.000000 0.000000 0.000000 0.000000 0.000000 0.000000 0.000000 0.000000 0.000000 0.000000 0.000000 0.000000 0.000000 0.000000 
-0.497204 -0.497404 0.178285 0.008313 -0.853717 -1.532907 1.034295 -0.571687 -0.121513 1.190677 0.104639 0.592604 2.381871 -0.860755 -1.166962 -0.618512 4.118425 0.983777 -1.162675 2.658114 0.450943 1.123721 -0.605636 3.289000 -0.319127 4.374864 -3.358321 -9.900832 2.058082 1.007948 5.918779 -1.691159 -1.339863 0.523115 1.546726 -1.680695 -1.075731 2.739371 -1.302793 -0.031670 -1.512818 2.246319 0.903849 1.389239 -203.276987 -2.171264 1.080852 0.838195 0.548414 -3.006734 0.543318 -0.144551 0.730603 -0.281356 -0.001427 1.902411 -0.638401 -0.004147 1.475325 0.157722 0.657110 1.000000 0.000000 0.000000 0.000000 0.000000 0.000000 0.000000 0.000000 0.000000 0.000000 0.000000 0.000000 0.000000 0.000000 0.000000 0.000000 0.000000 0.000000 0.000000 0.000000 0.000000 0.000000 0.000000 0.000000 0.000000 0.000000 0.000000 0.000000 0.000000 0.000000 0.000000 0.000000 0.000000 0.000000 0.000000 0.000000 0.000000 0.000000 0.000000 
-2.514655 -3.042489 1.355954 0.160071 -0.993885 -2.778700 1.094353 -0.712732 -0.498200 -1.660005 -0.706776 0.967306 1.123234 -0.405764 -1.289823 -0.419155 2.553912 0.937558 -1.274113 14.491539 0.845723 -0.013664 -0.979319 1.822133 0.039059 0.983892 -0.488273 -8.011831 1.484128 0.962440 3.823079 -0.692259 -1.076055 0.272128 2.360354 -2.708193 -0.436910 2.410840 5.071033 -0.551376 0.191642 2.598807 1.241041 0.647890 -285.484699 -3.058625 1.466429 -0.168851 0.017815 2.457534 -0.006140 -0.092132 -0.432883 0.337360 -0.418244 -0.050867 -0.158661 -0.547028 -3.197421 -0.530175 -0.250809 -8.814672 1.000000 0.000000 0.000000 0.000000 0.000000 0.000000 0.000000 0.000000 0.000000 0.000000 0.000000 0.000000 0.000000 0.000000 0.000000 0.000000 0.000000 0.000000 0.000000 0.000000 0.000000 0.000000 0.000000 0.000000 0.000000 0.000000 0.000000 0.000000 0.000000 0.000000 0.000000 0.000000 0.000000 0.000000 0.000000 0.000000 0.000000 0.000000 
0.759638 0.628848 1.396629 0.061106 -4.071971 -0.449570 -1.095335 0.353827 3.435821 -4.521656 -0.799806 0.141504 -0.791008 0.285173 0.135471 0.448705 -3.824099 -0.431055 0.372234 -7.733548 -0.321946 0.444004 0.251918 -0.227452 0.044223 0.694334 -0.828060 -0.416342 0.188691 0.126887 2.059556 -1.118966 0.951936 0.664562 0.173033 0.161241 -0.024160 -2.471266 -0.316937 0.143031 2.548706 -0.453733 -0.298068 -1.245244 211.820678 2.266137 -1.107114 1.256816 0.025773 -2.500543 -0.079827 0.063068 0.881883 -0.539182 -0.564032 3.684395 -1.345887 -0.486776 3.236411 0.155542 0.709133 -45.397438 2.206550 1.000000 0.000000 0.000000 0.000000 0.000000 0.000000 0.000000 0.000000 0.000000 0.000000 0.000000 0.000000 0.000000 0.000000 0.000000 0.000000 0.000000 0.000000 0.000000 0.000000 0.000000 0.000000 0.000000 0.000000 0.000000 0.000000 0.000000 0.000000 0.000000 0.000000 0.000000 0.000000 0.000000 0.000000 0.000000 0.000000 0.000000 
1.145687 1.536169 -0.342649 -0.333213 1.367174 1.512288 -0.428952 0.043982 0.060747 -1.425801 -0.095864 2.350510 3.989585 -1.642072 -0.818111 -0.180872 0.034933 -1.832805 3.001566 -21.110908 -1.591664 -1.022970 0.268271 -0.124812 -0.052433 -0.991172 0.951887 13.586223 -2.274628 -0.663611 2.894814 -2.804472 2.807338 0.574648 -2.593910 3.123591 -0.346676 -3.710072 -3.765625 0.542052 2.803323 -1.528991 -0.384027 -0.784263 92.198072 0.974640 -0.660447 -1.473372 -0.384509 0.016736 -0.181103 -0.326816 -0.334979 -0.043225 -0.073612 0.181598 -0.050125 0.172637 -2.733189 -0.866518 0.527787 -96.302821 5.604639 1.780112 1.000000 0.000000 0.000000 0.000000 0.000000 0.000000 0.000000 0.000000 0.000000 0.000000 0.000000 0.000000 0.000000 0.000000 0.000000 0.000000 0.000000 0.000000 0.000000 0.000000 0.000000 0.000000 0.000000 0.000000 0.000000 0.000000 0.000000 0.000000 0.000000 0.000000 0.000000 0.000000 0.000000 0.000000 0.000000 0.000000 
-1.174846 -1.713221 1.626364 0.512077 -3.578415 -1.896580 -1.715419 1.333123 3.750295 -2.938762 -0.414692 2.348409 -4.105886 2.124648 0.925053 -0.056197 7.224396 -0.013556 0.845154 0.015662 -0.334723 -1.045108 -0.088784 0.844958 0.345308 -0.573458 0.398106 8.440120 -1.530832 -0.822645 -1.271561 -0.761675 1.866144 -0.191482 -2.777635 3.359840 0.659906 -0.829906 -2.983300 0.329956 -1.559877 -1.540029 -0.870926 -0.720930 91.503184 0.972040 -0.559048 -0.747269 -0.200072 -4.218169 0.719658 0.349399 1.077629 -0.427558 -0.889493 4.707358 -1.756529 -0.761737 3.737994 0.540757 0.643619 -64.473787 3.847113 1.251236 -1.893812 1.000000 0.000000 0.000000 0.000000 0.000000 0.000000 0.000000 0.000000 0.000000 0.000000 0.000000 0.000000 0.000000 0.000000 0.000000 0.000000 0.000000 0.000000 0.000000 0.000000 0.000000 0.000000 0.000000 0.000000 0.000000 0.000000 0.000000 0.000000 0.000000 0.000000 0.000000 0.000000 0.000000 0.000000 0.000000 
0.025080 -0.441850 0.475778 0.182425 -2.579834 -1.791203 -1.000582 0.916754 3.052402 -2.493845 -0.314438 1.155763 -0.578417 0.626800 -0.116464 -0.059109 -2.908272 1.205922 -2.529303 20.200515 1.348323 0.690206 -0.249315 0.618987 -0.281838 1.928160 -1.670455 -8.801211 1.538573 0.263342 -2.495779 1.418102 -1.021424 -0.333566 -0.189828 -0.748279 0.457897 1.250110 -1.031480 0.004075 -1.888545 -0.280729 -0.108109 0.982010 -38.431125 -0.394405 0.430944 0.539348 0.241421 1.676053 0.362822 0.400713 -0.426638 0.649074 -0.203004 1.459801 -0.371068 -0.610892 2.203958 0.913521 -0.865689 51.333586 -3.202293 -0.912999 0.962966 -20.727784 1.000000 0.000000 0.000000 0.000000 0.000000 0.000000 0.000000 0.000000 0.000000 0.000000 0.000000 0.000000 0.000000 0.000000 0.000000 0.000000 0.000000 0.000000 0.000000 0.000000 0.000000 0.000000 0.000000 0.000000 0.000000 0.000000 0.000000 0.000000 0.000000 0.000000 0.000000 0.000000 0.000000 0.000000 
1.081272 1.749194 -1.997762 -0.382670 5.574208 2.885669 -0.529430 0.906156 -1.871422 4.805208 0.951124 0.398915 0.231998 0.169213 0.298029 -0.326538 7.202888 -0.996579 2.464345 -5.505444 -0.669640 -1.012082 -0.727225 -0.900954 0.815289 -2.742618 1.874548 9.453036 -1.576075 -0.619929 1.458736 -0.923481 0.855143 0.328432 0.674469 0.330438 -0.688671 -1.607107 1.172589 0.027088 1.085469 -0.607018 -0.266251 0.844235 150.442950 1.639103 -0.422591 -0.322647 -0.124295 -4.818206 0.883468 0.712360 0.424620 -0.433475 -0.810383 2.097724 -0.633979 -0.707417 -0.847833 -0.067360 -0.073789 44.428260 -2.586017 -0.770411 -1.939633 28.445116 -1.391463 1.000000 0.000000 0.000000 0.000000 0.000000 0.000000 0.000000 0.000000 0.000000 0.000000 0.000000 0.000000 0.000000 0.000000 0.000000 0.000000 0.000000 0.000000 0.000000 0.000000 0.000000 0.000000 0.000000 0.000000 0.000000 0.000000 0.000000 0.000000 0.000000 0.000000 0.000000 0.000000 0.000000 
-0.826356 -0.054876 -0.885150 0.332402 3.959058 2.382989 -0.522698 0.821173 -2.505880 5.130579 1.003419 -1.650475 -4.847882 2.081348 2.136060 0.567525 1.171604 -0.841420 1.465362 -0.397512 -0.279091 -0.722945 -0.539226 -1.658984 0.776595 -3.028411 1.936179 5.050490 -1.086971 -0.436042 -1.266323 0.519131 -0.210007 -0.077399 0.409450 -0.443523 -0.443839 0.189286 0.405092 -0.062039 -1.335460 0.814204 0.335483 -1.273639 -312.960827 -3.385649 1.277540 -0.863716 -0.249972 1.787961 -0.120203 -0.660775 0.011602 0.175313 1.160048 -3.386337 1.365455 0.551763 -0.668731 -0.245323 0.006606 -68.308950 4.003426 1.133121 5.520427 -39.918807 1.956013 -3.546415 1.000000 0.000000 0.000000 0.000000 0.000000 0.000000 0.000000 0.000000 0.000000 0.000000 0.000000 0.000000 0.000000 0.000000 0.000000 0.000000 0.000000 0.000000 0.000000 0.000000 0.000000 0.000000 0.000000 0.000000 0.000000 0.000000 0.000000 0.000000 0.000000 0.000000 0.000000 0.000000 
-1.429455 -1.105621 0.521334 0.587684 -1.824633 0.112132 0.194326 -0.352319 -2.693127 2.778982 0.326649 -1.857367 -3.325614 1.226422 1.128295 0.618793 -4.230917 0.271142 -1.054852 9.552517 0.637912 0.143247 0.864497 -3.421328 0.630477 -3.225715 2.049266 -1.568332 0.046798 0.308066 -0.156315 0.606649 -0.486837 -0.277219 1.025449 -0.535488 -0.164459 2.895418 0.904642 -0.220647 -0.708947 1.708442 0.724935 0.128140 -191.563932 -2.069012 0.634193 -2.243898 -0.052320 -5.859600 0.956444 -0.360246 1.619575 -0.731430 -0.423059 3.279996 -1.040347 -0.305444 4.524372 0.434929 0.199203 -55.424672 2.780728 1.082177 5.523922 -7.836666 0.274194 1.025141 0.124524 1.000000 0.000000 0.000000 0.000000 0.000000 0.000000 0.000000 0.000000 0.000000 0.000000 0.000000 0.000000 0.000000 0.000000 0.000000 0.000000 0.000000 0.000000 0.000000 0.000000 0.000000 0.000000 0.000000 0.000000 0.000000 0.000000 0.000000 0.000000 0.000000 0.000000 0.000000 
-0.837780 -1.712566 1.843829 0.748345 -3.706476 -1.803913 -0.103126 -0.240364 1.720400 -3.643640 -0.744352 2.823903 1.485068 -0.438893 -0.954800 -0.355613 0.885787 0.174358 -0.282572 -0.129229 -0.120214 -0.274743 -0.038810 -1.313546 0.369945 -0.861868 0.276805 3.470941 -0.297598 0.228188 5.087267 -2.642303 1.609186 0.926708 -0.170445 0.869579 -0.788747 -3.367724 -1.155267 0.305631 4.556735 -1.315874 0.144915 0.064899 54.512467 0.580224 -0.483806 0.887938 0.260812 -5.062399 -0.077746 -0.403836 1.637099 -1.140194 -0.846632 -0.270964 0.282827 -0.323323 -0.017124 -0.034215 0.555031 -26.307925 1.354299 0.604045 -1.363462 6.749897 -0.299940 -0.191999 0.079711 -0.339421 1.000000 0.000000 0.000000 0.000000 0.000000 0.000000 0.000000 0.000000 0.000000 0.000000 0.000000 0.000000 0.000000 0.000000 0.000000 0.000000 0.000000 0.000000 0.000000 0.000000 0.000000 0.000000 0.000000 0.000000 0.000000 0.000000 0.000000 0.000000 0.000000 0.000000 
-1.283939 -1.686166 2.705345 0.957925 -4.787466 -0.065673 -1.320517 0.188372 2.459598 -5.047135 -0.758685 5.057201 5.660252 -1.879379 -1.858391 -0.625460 -4.038034 0.061363 -0.719261 6.831643 -0.034555 -1.406581 1.043869 -1.166977 0.215805 -1.587551 1.287121 2.614039 -0.430851 0.119278 0.007364 -0.702329 1.752003 0.247695 -1.623881 2.191076 -0.763452 -4.974148 -5.883911 0.750371 3.127623 -0.934917 -0.469349 -0.575424 309.827833 3.318967 -1.644339 -0.597501 -0.356871 -3.844060 0.113941 0.091091 -0.192892 -0.638283 -0.010840 1.116353 -0.490800 0.565495 -0.205857 -0.528974 0.623185 -58.768779 3.040308 1.205317 1.800047 -1.524500 0.015480 1.992761 -0.354349 0.920380 4.034541 1.000000 0.000000 0.000000 0.000000 0.000000 0.000000 0.000000 0.000000 0.000000 0.000000 0.000000 0.000000 0.000000 0.000000 0.000000 0.000000 0.000000 0.000000 0.000000 0.000000 0.000000 0.000000 0.000000 0.000000 0.000000 0.000000 0.000000 0.000000 0.000000 
2.209106 2.083191 -0.376470 -0.600544 -1.524583 -1.505134 -0.147509 -0.342293 4.281949 -7.532975 -1.031054 5.234629 7.175594 -2.542264 -2.332669 -0.887417 -1.416767 0.222900 -0.588463 5.014049 0.185896 -0.517148 2.067730 -4.891315 0.376817 -4.622236 3.328220 6.343184 -1.430496 -0.609759 -4.749584 1.405499 1.016744 -0.762313 -0.978706 3.249279 0.348866 -2.038202 -0.854458 0.241283 0.302340 -3.603586 -1.437628 -0.828052 368.723443 3.949342 -1.911770 2.447695 0.173165 1.204063 -0.702031 0.238134 -0.369491 -0.136518 -0.477265 -1.842780 0.307282 0.378084 -3.972847 -0.021676 -0.270242 128.292017 -6.981894 -2.467468 -4.644245 1.292924 0.034127 -1.639996 0.177930 -1.125396 -10.343177 -4.658373 1.000000 0.000000 0.000000 0.000000 0.000000 0.000000 0.000000 0.000000 0.000000 0.000000 0.000000 0.000000 0.000000 0.000000 0.000000 0.000000 0.000000 0.000000 0.000000 0.000000 0.000000 0.000000 0.000000 0.000000 0.000000 0.000000 0.000000 0.000000 
2.563149 2.313274 -1.588568 -1.154717 1.459103 -0.107392 1.086471 -1.068981 0.943628 -3.379785 -0.568405 1.672136 7.327749 -3.072712 -2.125495 -0.289846 -8.433188 -0.104270 -0.860174 -0.719242 0.043365 0.166694 0.993436 0.488576 -0.899126 1.578209 -0.716521 -4.220383 0.804526 0.347287 -1.106176 0.924465 -0.619844 -0.368267 0.132252 0.227607 -0.750170 -1.650544 -3.459225 0.360691 1.347499 0.364823 0.230405 0.643010 148.676634 1.603685 -0.765649 -1.388572 -0.152092 -4.831315 0.984968 0.213696 0.641783 -0.289587 -0.150360 -1.254158 0.685202 -0.010765 -1.429250 0.002745 -0.071186 48.848690 -3.002508 -0.770077 -3.108355 19.514970 -0.966798 2.571505 -0.590138 0.134396 8.870898 3.469720 -0.770930 1.000000 0.000000 0.000000 0.000000 0.000000 0.000000 0.000000 0.000000 0.000000 0.000000 0.000000 0.000000 0.000000 0.000000 0.000000 0.000000 0.000000 0.000000 0.000000 0.000000 0.000000 0.000000 0.000000 0.000000 0.000000 0.000000 0.000000 
-1.792235 -1.624095 -0.104755 0.938379 0.732192 0.221998 -0.411436 0.879484 -1.616737 5.631842 1.061146 -0.237984 -1.548774 1.147340 0.760790 0.160150 -3.771497 0.093385 -1.288512 40.836306 1.904054 -1.471822 0.369668 -7.094645 1.862485 -8.306283 5.311819 5.771233 -1.280935 -0.481523 -2.278203 1.961669 -0.969058 0.030371 3.917656 -2.330435 -1.192458 -0.433291 4.267053 -0.327700 2.319257 -0.174588 0.111769 -1.031725 55.629464 0.589435 -0.261040 1.995023 0.135241 5.053450 -1.341599 0.027258 -1.034991 0.098972 0.261857 -1.953176 0.403449 0.535646 -2.636001 -0.326446 -0.564502 4.484039 -0.348304 -0.255272 7.892662 -70.245034 3.379893 -2.749341 0.699945 -0.137418 -18.727105 -7.650335 1.615624 0.521839 1.000000 0.000000 0.000000 0.000000 0.000000 0.000000 0.000000 0.000000 0.000000 0.000000 0.000000 0.000000 0.000000 0.000000 0.000000 0.000000 0.000000 0.000000 0.000000 0.000000 0.000000 0.000000 0.000000 0.000000 0.000000 0.000000 
1.248049 1.320791 -0.808334 -0.861143 3.126744 1.181529 0.978712 -1.111707 -0.253361 -2.481006 -0.332220 0.221234 -0.412968 -0.229674 0.490474 0.115679 4.645614 -1.603006 3.655219 -37.646006 -2.185654 -0.033314 -0.120606 0.415294 0.022688 -0.586615 0.611660 11.185313 -2.057296 -1.014576 -1.443116 -0.400056 1.414381 -0.097931 -1.445894 1.787864 1.031377 0.211896 0.539025 -0.050562 -1.018220 -1.272651 -0.632939 -1.091410 -37.218176 -0.411230 0.099760 -0.578504 -0.162379 -3.485726 0.569684 0.285006 1.120563 -0.370598 -1.084720 5.444456 -1.943704 -1.176116 1.018064 0.032824 -0.048233 -99.547081 5.705803 1.697722 8.850525 -32.816761 1.515987 -1.470247 0.762705 0.352053 -8.784845 -3.182290 0.637170 -4.013476 -2.425018 1.000000 0.000000 0.000000 0.000000 0.000000 0.000000 0.000000 0.000000 0.000000 0.000000 0.000000 0.000000 0.000000 0.000000 0.000000 0.000000 0.000000 0.000000 0.000000 0.000000 0.000000 0.000000 0.000000 0.000000 0.000000 
2.177690 2.055889 -0.282865 -0.830207 0.734385 0.584901 -0.311318 -0.233485 1.449422 -4.606177 -0.504897 2.474474 5.094682 -2.302251 -1.301039 -0.571102 2.599457 -0.811425 2.039880 -29.660033 -1.912098 -0.545152 -0.076527 3.162390 -0.746703 2.253937 -0.920567 4.783665 -0.783619 -0.247904 -1.037986 -0.834048 1.604266 0.075341 -2.939257 2.488011 0.694284 -2.846323 -3.318152 0.405842 -0.448344 -1.010747 -0.865547 -0.221035 243.721807 2.625792 -0.927026 0.589390 -0.305419 -1.269463 0.423810 0.939982 -1.114732 0.192541 -0.094961 0.582161 -0.424334 0.040601 -0.787684 -0.413968 0.274457 -27.835692 1.848364 0.499844 -2.552444 6.801993 -0.307385 0.932942 -0.309351 0.113369 13.766899 5.542713 -1.405500 13.728166 7.849631 2.003441 1.000000 0.000000 0.000000 0.000000 0.000000 0.000000 0.000000 0.000000 0.000000 0.000000 0.000000 0.000000 0.000000 0.000000 0.000000 0.000000 0.000000 0.000000 0.000000 0.000000 0.000000 0.000000 0.000000 0.000000 
-2.739851 -2.790060 0.863052 0.761217 1.150020 -1.080936 -0.040813 0.520072 -0.314346 1.295434 0.230363 1.409322 -1.167945 0.894699 0.189866 -0.269932 3.243280 0.521741 -0.728949 10.989470 0.507662 -0.201069 -0.649407 -2.029805 0.117778 -1.225539 0.517234 0.149291 0.117934 0.011826 0.908907 -0.106946 -0.601403 0.493223 1.746281 -0.943302 -0.412641 -1.647110 2.637221 -0.110578 1.377544 -1.254928 -0.074641 -0.669754 -61.793475 -0.680680 0.106256 1.537935 0.177743 3.615262 -0.988455 -0.568728 -1.423777 0.130557 0.707551 -3.523819 1.226389 1.014948 -1.432720 -0.293382 0.407307 -36.294962 2.270275 0.572612 3.466280 -3.294434 0.122360 0.006042 0.494553 0.668317 -3.222727 -1.628031 0.759707 -15.215968 -10.214686 -3.007778 -1.279912 1.000000 0.000000 0.000000 0.000000 0.000000 0.000000 0.000000 0.000000 0.000000 0.000000 0.000000 0.000000 0.000000 0.000000 0.000000 0.000000 0.000000 0.000000 0.000000 0.000000 0.000000 0.000000 0.000000 
0.377989 0.250418 -0.357667 0.018565 -0.049890 0.542525 0.550557 -0.333123 -0.948378 2.239795 0.267128 -3.639936 -1.626100 0.154270 0.710091 0.602688 -5.641428 -0.526373 0.051642 4.186334 0.376286 0.483560 -0.548867 1.909330 -0.168855 2.401446 -1.903208 -2.606641 0.660059 0.065125 1.338960 0.008814 -0.612925 0.163919 1.003570 -2.097395 0.211026 0.632416 3.001610 -0.322779 0.995112 1.479049 0.633796 0.608319 -64.745427 -0.677468 0.589482 2.050087 0.494436 -0.220853 -0.017574 -0.045176 0.417323 0.095300 0.201258 -0.659733 0.442761 -0.226745 -0.258008 0.105578 -0.266715 12.704192 -0.867315 -0.200356 -0.818045 -42.130986 2.179506 -4.511676 0.607826 -0.937541 10.464195 4.342371 -0.669751 -7.853621 -7.068141 0.630684 -0.317524 0.950220 1.000000 0.000000 0.000000 0.000000 0.000000 0.000000 0.000000 0.000000 0.000000 0.000000 0.000000 0.000000 0.000000 0.000000 0.000000 0.000000 0.000000 0.000000 0.000000 0.000000 0.000000 0.000000 
-0.881614 -1.302319 1.362225 0.146021 -2.156019 -1.489295 0.654142 -0.968415 0.435977 -4.244316 -0.762659 2.329547 2.858310 -1.096881 -1.068509 -0.131817 -4.621956 0.346752 -0.968870 0.506912 0.292469 0.651609 0.900555 -0.619091 -0.306005 -0.002532 0.130073 -5.562080 0.803223 0.318428 -1.840371 1.565015 -0.880956 -0.420688 0.817790 -2.077824 0.144864 1.907799 1.724347 -0.284017 -0.695386 0.839516 0.453260 -0.018522 -198.078144 -2.118437 1.092374 -0.405160 0.322028 -0.942190 0.685944 0.073522 0.706372 0.239388 0.091339 2.299705 -0.567613 -0.572340 3.480020 0.818657 -0.795741 -39.273823 1.815226 0.690110 9.316198 -47.293735 2.171608 0.410875 0.278096 1.220129 1.884863 0.556256 -0.039950 -1.122158 -0.631851 0.416819 0.003026 -0.610918 -0.407891 1.000000 0.000000 0.000000 0.000000 0.000000 0.000000 0.000000 0.000000 0.000000 0.000000 0.000000 0.000000 0.000000 0.000000 0.000000 0.000000 0.000000 0.000000 0.000000 0.000000 0.000000 
-1.548634 -1.209598 -0.555080 -0.128080 2.211910 -0.044613 -0.549352 1.060763 -2.024258 4.938356 0.665699 0.469579 -2.233970 1.357500 0.503527 0.017477 4.128431 0.172366 0.123479 1.543346 0.043769 -0.088816 -0.322021 -0.350540 -0.347267 -0.440500 0.543184 -0.736027 0.270712 0.254752 1.470025 0.035979 -0.761324 0.041310 1.287190 -1.460007 -0.484498 1.834612 2.597573 -0.327434 -0.878307 2.278066 0.863186 0.031702 -198.903285 -2.144094 0.841626 0.606399 0.245636 3.795427 -0.857213 -0.783993 0.625866 0.114614 0.554452 -1.509948 0.580276 0.284196 2.985393 0.602541 0.015452 -105.123655 5.803014 1.871161 9.732768 -61.763160 2.902118 -0.287721 0.246175 0.987221 -0.301429 -0.530374 -0.037203 10.759261 7.925934 1.637971 0.860373 -0.041513 -0.927279 5.816212 1.000000 0.000000 0.000000 0.000000 0.000000 0.000000 0.000000 0.000000 0.000000 0.000000 0.000000 0.000000 0.000000 0.000000 0.000000 0.000000 0.000000 0.000000 0.000000 0.000000 
0.763921 0.724023 -0.222790 0.352914 1.574320 2.696189 -0.699156 0.425448 -3.356011 3.429030 0.650032 -0.113686 0.905587 -0.430517 0.345068 0.234844 -4.443716 -1.152957 1.357512 -2.094142 -0.407256 -0.939465 -0.163170 1.441097 0.095423 -0.301088 0.513474 2.220409 -0.503622 -0.349709 -2.877134 1.198375 0.124150 -0.701699 -0.469703 0.411331 0.362352 -1.187815 3.517275 -0.197520 0.528518 -0.757396 0.021396 0.446450 -131.188924 -1.403572 0.703614 -1.729382 -0.298252 5.393173 -0.458172 -0.638768 -1.790426 0.840102 1.460553 -5.843778 2.143409 1.149105 -3.232333 -0.519478 -0.077897 85.567092 -4.857556 -1.513700 -6.481203 53.537013 -2.565704 1.329552 -0.352775 -0.260516 7.828573 2.833690 -0.494652 -1.669022 -1.103033 -0.564373 -0.158514 -0.354752 -0.741434 8.296734 0.681764 1.000000 0.000000 0.000000 0.000000 0.000000 0.000000 0.000000 0.000000 0.000000 0.000000 0.000000 0.000000 0.000000 0.000000 0.000000 0.000000 0.000000 0.000000 0.000000 
0.785883 1.041385 -1.333466 -0.580119 1.704833 0.325993 0.938254 -0.508348 -1.340665 2.359276 0.228266 -3.856379 -3.480432 0.994926 0.902288 0.142060 5.414923 0.378942 0.070450 3.281035 0.311425 0.223364 -0.559673 2.311388 0.421678 0.639322 -0.233213 -4.898281 0.656131 0.361287 -0.179456 0.858335 -1.280262 -0.328648 1.799493 -1.977589 0.280270 2.788267 4.107392 -0.505700 -0.837120 1.860854 0.705969 0.191884 -247.689283 -2.655278 1.255057 -0.425865 0.219965 -5.701744 1.009368 -0.034799 2.051314 -0.619780 -0.258828 1.684760 -0.392303 -0.620266 2.281069 0.325075 -0.337479 5.411800 -0.482515 -0.040537 -1.102419 -11.830707 0.626206 -2.053716 0.010330 -0.749751 -2.093833 -0.408434 -0.174293 7.176572 4.737915 1.958901 0.725310 -0.018282 0.039444 3.944987 0.413504 0.529571 1.000000 0.000000 0.000000 0.000000 0.000000 0.000000 0.000000 0.000000 0.000000 0.000000 0.000000 0.000000 0.000000 0.000000 0.000000 0.000000 0.000000 0.000000 
-1.216073 -0.365403 -0.616144 0.799355 2.776618 3.121352 -1.645760 1.958202 -3.491878 10.016977 1.819478 -3.747159 -8.869209 3.894658 3.264247 0.630386 5.478354 0.025732 0.440399 13.230968 0.444775 -1.143420 0.064967 -4.066819 0.840214 -5.880678 4.377739 4.741239 -1.121966 -0.140372 -2.718635 1.560300 -0.466759 -0.510602 1.651971 0.109350 -0.569361 1.598015 2.474704 -0.239175 -2.185545 0.504682 -0.154839 -0.220189 34.941780 0.368181 -0.266714 -1.115706 -0.581186 9.364341 -1.203714 -0.390828 -1.263270 1.017760 0.407073 -1.737523 0.359043 0.178612 -3.707548 -0.100610 -0.610940 38.864438 -2.065524 -0.971859 7.153995 -72.189545 3.528031 -4.556953 1.183010 -0.379070 -16.549388 -7.163524 1.821175 -10.517209 -6.883620 -1.107067 -0.729129 0.699763 0.665251 -2.856931 -0.277303 -0.242498 -13.612732 1.000000 0.000000 0.000000 0.000000 0.000000 0.000000 0.000000 0.000000 0.000000 0.000000 0.000000 0.000000 0.000000 0.000000 0.000000 0.000000 0.000000 
-2.396651 -2.066470 1.616912 0.909644 -4.350058 -1.642536 -0.966637 0.812717 2.967452 -1.127836 -0.094415 -1.404524 -6.554906 2.887935 2.164149 1.141881 -7.632250 0.176257 -1.421813 13.200660 1.196923 1.412681 0.973072 -3.774402 0.198758 -1.820424 0.723502 -1.558524 -0.004370 -0.117066 -3.381482 1.421677 -0.395027 -0.441684 -0.169693 0.177731 0.952743 0.657163 1.627178 -0.184013 -0.520518 -0.421400 0.225602 -0.720335 -299.621237 -3.237581 1.156799 -0.091109 0.425192 -4.504325 0.804919 -0.691958 0.927164 -0.239742 0.582330 -1.905989 0.790428 0.588259 2.156614 -0.139517 0.433844 -7.313278 0.562053 0.322056 -11.754567 35.745675 -1.551130 -1.173967 -0.736989 -1.555549 2.288072 1.662758 -0.811902 13.907310 9.404418 2.222640 1.094801 -0.814287 -1.265336 17.118162 1.580370 2.113106 17.065288 -2.001229 1.000000 0.000000 0.000000 0.000000 0.000000 0.000000 0.000000 0.000000 0.000000 0.000000 0.000000 0.000000 0.000000 0.000000 0.000000 0.000000 
-0.540775 -0.589591 -0.575548 -0.523908 0.202792 -0.679850 2.250476 -1.653378 -4.620152 3.397804 0.156579 -6.620800 -5.351471 0.961385 1.083782 0.172869 5.962041 1.557630 -1.679746 -3.998819 0.294930 1.555743 0.188933 2.424881 -0.268543 3.227773 -2.079996 -10.736491 1.433956 0.387137 -4.739603 2.926386 -3.097678 -1.305322 1.289629 -0.495613 1.172771 7.553192 2.304293 -0.606239 -5.481275 1.218550 0.437063 -1.271404 -479.388882 -5.192092 1.783301 -1.782736 -0.049095 -3.637781 0.996726 -0.340268 0.736394 -0.183910 -0.087096 1.483882 -0.519492 -0.196097 3.764137 0.504879 0.731828 -131.626255 7.833111 2.384080 2.441096 -24.344502 1.172734 0.488131 -0.090284 1.083607 28.773880 11.338390 -2.316434 4.245454 -0.147924 2.942110 0.800728 3.593913 -0.167082 18.474707 2.585994 1.689171 -77.444228 5.898844 1.495926 1.000000 0.000000 0.000000 0.000000 0.000000 0.000000 0.000000 0.000000 0.000000 0.000000 0.000000 0.000000 0.000000 0.000000 0.000000 
-1.473680 -1.047663 0.913166 0.327463 -1.547292 -0.606638 -1.601654 1.240942 2.988982 -2.260271 -0.210217 3.245867 1.934331 -0.044271 -0.430340 0.088325 -5.758164 -0.404681 -0.351147 21.850120 0.889295 -1.272940 0.974405 -5.355009 1.036510 -6.343756 4.304237 7.160224 -1.302332 -0.373128 -1.775012 0.908629 0.843804 -0.175828 0.886106 0.311675 -0.903737 -2.267199 0.728338 0.072367 1.741024 0.598789 0.041847 0.140312 200.006684 2.155822 -0.895085 -0.090562 -0.304028 1.376012 -0.526967 0.255949 -0.325372 -0.176766 -0.215661 0.281971 -0.193344 -0.095030 -0.152928 0.102525 -0.242122 40.967291 -3.118728 -0.606126 4.850533 -13.863847 0.526068 3.603855 -0.464124 0.894161 -6.723075 -3.291585 0.555771 10.245848 8.997767 -0.313850 0.395258 -3.476438 -0.008125 -21.406150 -2.396208 -2.776784 62.212732 -4.167993 -2.124645 -0.932586 1.000000 0.000000 0.000000 0.000000 0.000000 0.000000 0.000000 0.000000 0.000000 0.000000 0.000000 0.000000 0.000000 0.000000 
0.458385 0.336194 -0.336652 -0.429536 2.440501 0.881810 1.181584 -0.937631 -1.858046 0.501734 0.012961 -1.328736 1.608102 -1.117058 -0.649872 -0.368219 4.474352 0.217997 0.412937 -13.578577 -0.580678 0.709434 -0.399793 -0.641487 0.133507 -0.026883 -0.100834 -2.364960 0.440135 0.293827 1.008489 -0.528438 0.071997 0.657688 1.014600 -0.903278 -0.000347 -2.849917 1.265380 0.016363 2.118884 -1.548234 -0.538318 -1.057303 242.128583 2.596647 -1.108433 1.155095 -0.193194 3.935427 -0.612086 0.299975 -1.983628 0.521989 0.269643 -2.350800 0.943373 0.246430 -2.197063 -0.265367 0.144246 31.291717 -1.952444 -0.455193 -3.187877 43.339020 -2.161107 4.011669 -0.724164 0.455689 -0.859023 -0.813636 0.265094 -0.675098 0.871491 -1.045439 -0.136896 0.213401 -0.489938 -0.858163 0.473957 -0.870723 -16.433704 2.693787 -1.854281 -0.028049 4.144358 1.000000 0.000000 0.000000 0.000000 0.000000 0.000000 0.000000 0.000000 0.000000 0.000000 0.000000 0.000000 0.000000 
0.263224 0.662703 0.473065 0.093418 -1.837564 0.129954 -2.873537 2.243416 4.280743 -2.180790 -0.067432 4.464574 1.365990 0.355306 -0.248874 -0.198110 -0.201872 -0.625487 0.772286 8.006596 -0.008234 -1.322347 -0.010062 -1.168390 0.408079 -2.306241 1.618618 7.314357 -1.284466 -0.677307 -2.790766 0.442739 1.160846 -0.191292 -1.209688 1.911071 0.787523 -0.327665 0.933863 -0.047192 -1.474022 -0.883664 -0.482985 -1.215479 -45.921717 -0.517461 -0.055632 -2.615718 -0.631002 1.203208 0.198821 -0.241655 -0.825091 0.377422 0.959020 -2.914466 1.185572 0.689000 0.668580 0.194970 0.260130 -12.252707 0.514999 0.258347 2.717730 -17.782348 0.838759 0.307474 0.170742 0.557084 12.140988 4.991378 -0.926236 -3.357709 -3.573351 1.190668 0.076586 1.074284 -0.903114 12.373376 1.630911 0.613669 -17.003356 2.368665 -1.088003 0.128680 4.808375 0.931869 1.000000 0.000000 0.000000 0.000000 0.000000 0.000000 0.000000 0.000000 0.000000 0.000000 0.000000 0.000000 
0.955865 0.631311 -0.497011 -0.540382 -2.039966 -0.993538 0.360084 -0.355407 0.411562 -0.497199 -0.198724 -3.859576 -4.333030 1.321613 1.091116 0.361798 1.708108 1.023098 -1.425101 10.714466 0.548780 -0.562334 0.687360 3.133241 0.003065 1.482533 -0.569448 -2.879220 0.222729 -0.430220 -6.484577 3.077645 -1.447291 -1.232664 -0.742813 0.874014 0.007826 1.905375 -5.706105 0.317676 -2.721274 1.116877 0.245988 -0.244976 -168.400087 -1.818444 0.713382 -1.406549 -0.161568 -7.531878 1.753915 0.234591 0.496452 -0.405836 0.139843 -0.125602 0.498894 -0.144777 1.857935 0.223172 0.479324 -52.425045 2.693933 1.095895 1.950929 -29.032601 1.434367 -1.033519 0.297354 0.551762 15.551982 5.928264 -1.237846 5.987817 3.374009 0.809218 0.429498 -0.533735 -0.334990 1.471167 0.141871 -0.187800 38.781451 -3.016878 -0.500517 -0.463554 1.192543 0.162607 1.461609 1.000000 0.000000 0.000000 0.000000 0.000000 0.000000 0.000000 0.000000 0.000000 0.000000 0.000000 
1.645921 1.527811 -0.072306 -0.841974 -1.447557 -0.983566 -0.872865 0.367086 3.486373 -6.028412 -1.008046 3.653805 5.237623 -1.741335 -1.607800 -0.008265 -11.632064 -0.220679 -1.168621 16.269738 0.794165 -0.659946 0.695951 3.437537 -1.227721 2.916149 -1.166203 -8.302059 1.500282 0.929080 2.232914 -0.368167 -1.272473 0.243471 0.146637 -1.493710 -1.026311 0.530038 -3.974803 0.236867 -0.678676 2.967137 1.334172 0.166693 -366.334806 -3.945012 1.501997 -3.454826 -0.404572 -2.925786 1.241330 -0.901176 0.979132 -0.051496 1.397053 -4.741774 2.183722 0.510089 2.435627 0.459732 0.515487 -73.583991 3.749484 1.477171 5.807419 -29.327136 1.353205 0.526531 0.159128 1.075265 5.350725 1.366722 -0.058905 -2.353166 -0.824739 -0.960732 -0.257282 -0.543353 -0.341292 -4.196811 -0.159986 -1.201830 18.131626 -0.457379 -1.586894 -0.293624 4.098798 0.828074 3.489712 21.058285 1.000000 0.000000 0.000000 0.000000 0.000000 0.000000 0.000000 0.000000 0.000000 0.000000 
-0.584107 -0.915856 0.372324 -0.136287 -0.180161 0.110241 1.696221 -1.324549 -2.636645 2.882479 0.325580 -2.136764 1.820490 -1.084742 -0.575641 0.087956 -6.667820 0.263206 -1.416260 18.952075 1.139288 0.078290 0.002258 0.440382 0.678145 0.052181 -0.337204 -8.775805 1.561648 0.952585 3.074818 -0.436393 0.223669 0.219962 1.461484 -3.330079 0.128701 1.055419 4.876379 -0.484592 1.640329 0.638001 0.506307 1.557728 10.130651 0.158870 0.632456 0.236933 0.589832 -1.338536 1.016197 0.747447 0.296906 0.511134 -0.560838 5.524192 -1.728138 -1.264939 3.918566 0.507762 -0.631833 -29.421001 1.531918 0.508282 4.249199 12.672793 -0.747694 2.406173 -0.307979 0.919763 -6.830124 -2.432411 0.626658 -6.763584 -3.424959 -1.287588 -0.565447 -0.244167 1.097223 -14.208586 -1.575251 -1.216181 -4.166100 -0.053578 0.480480 0.050363 -2.474284 -0.621989 0.643894 7.304063 0.375820 1.000000 0.000000 0.000000 0.000000 0.000000 0.000000 0.000000 0.000000 0.000000 
-1.055530 -1.253347 -0.162586 -0.090688 1.878046 0.229083 1.258960 -0.686190 -3.745189 3.728089 0.436338 -1.313334 1.571095 -0.889321 -0.711147 -0.288898 -2.556976 1.085824 -2.269379 15.387358 0.932912 0.285681 -0.374253 -2.181517 0.754794 -0.645725 -0.215329 -8.728746 1.498591 0.676391 1.373878 0.286126 -1.635048 0.430039 3.304483 -2.197719 -0.146038 1.736244 5.562252 -0.527146 -0.162137 -0.255322 0.165551 -1.253231 -179.314472 -1.957487 0.476428 0.102570 -0.300749 3.709167 -1.112075 -0.462725 -0.883016 -0.244787 0.150854 -3.364015 1.090791 0.525837 -2.622834 -0.686563 0.690241 22.084961 -0.972580 -0.470293 -1.833741 52.178263 -2.592571 2.479918 -0.117100 0.532567 4.387681 1.506624 -0.335780 0.920136 0.760659 -1.656073 -0.248668 -0.422164 1.096214 -20.141593 -2.163096 -1.941358 -13.213921 1.266658 -0.369658 0.050012 -0.905830 -0.268517 1.963009 25.290846 1.281232 -1.106808 1.000000 0.000000 0.000000 0.000000 0.000000 0.000000 0.000000 0.000000 
1.561392 1.713944 -2.349084 -1.249317 5.076262 1.422203 1.170983 -0.705550 -1.692803 1.334026 0.095302 -1.112447 1.576333 -0.907090 -0.547061 -0.363465 5.040670 -0.122301 0.996437 -6.778998 -0.685103 -1.196291 0.354449 -0.432500 0.305032 -2.526014 2.425949 3.831219 -0.804351 -0.318686 -3.073575 1.686885 -0.374420 -0.213167 1.586687 -1.051293 0.137830 0.275804 1.945837 -0.223288 -0.232239 0.552991 -0.149624 -0.368684 175.613045 1.893109 -0.643511 -0.392212 -0.272287 3.386492 -0.138454 0.346225 -1.684073 0.761551 0.272959 -0.030155 0.048119 0.170211 -1.678722 -0.273672 -0.384187 26.611634 -1.857886 -0.406769 0.858157 18.902301 -1.016520 3.203474 -0.576202 0.752451 1.597145 0.513105 0.037806 -4.485655 -3.679141 -0.121287 -0.246872 1.395997 -1.076353 19.413812 2.002417 2.294810 -36.357217 2.246806 1.727542 0.715891 -0.716849 -0.042179 -0.160992 -4.447809 -0.238961 -0.121109 -0.053757 1.000000 0.000000 0.000000 0.000000 0.000000 0.000000 0.000000 
-1.904519 -1.381647 0.541436 0.240346 0.671427 -0.653725 -1.409622 1.472773 0.911582 0.372549 0.063929 3.683541 4.358857 -1.228336 -1.597934 -0.627820 2.861963 0.161035 0.097245 -11.833095 -0.046060 2.231030 -0.154741 0.775424 -1.378489 3.499352 -2.187041 -7.727845 1.588212 0.887235 2.638416 -1.192846 -0.207607 0.503088 0.308658 -0.516222 0.553325 -3.114032 3.611229 -0.128829 1.852390 0.225366 0.177738 0.927872 70.321757 0.762705 -0.431629 -0.855223 -0.072718 -7.767675 0.720879 -0.050058 1.824435 -1.153711 -0.534984 -0.229009 0.013100 0.075682 0.352352 -0.096060 0.518796 19.055007 -1.321990 -0.138410 -5.235841 34.697199 -1.729966 5.312465 -1.652845 0.222543 14.398117 6.115123 -1.865735 23.270569 16.925236 3.837962 1.826014 -4.026336 -0.275694 -17.262247 -1.590287 -2.919382 64.622964 -3.706461 -3.407318 -1.245553 1.358527 -0.094144 -2.563202 -30.108150 -1.411988 3.579765 -0.284075 -0.686916 1.000000 0.000000 0.000000 0.000000 0.000000 0.000000 
0.418312 0.933588 1.094090 0.895117 -2.858841 0.874354 -2.601567 1.570814 4.286007 -3.240002 -0.080219 6.464867 2.289671 0.328995 -0.423100 -0.458844 1.491287 -0.162252 0.355681 -0.543848 -0.152895 -0.290769 1.280211 -4.469313 -0.042358 -3.306634 2.149633 4.869137 -0.839806 -0.132417 0.630488 -0.567369 1.413631 -0.006708 -0.735809 1.935533 -0.987779 -0.069107 -4.353778 0.445998 -0.620270 -0.144937 -0.383401 1.391056 274.179265 2.960367 -1.266318 -0.330563 0.138286 -1.035610 0.011262 0.144818 0.953508 -0.142329 -0.963807 5.961268 -2.380453 -0.440618 2.826604 0.568852 -0.072384 50.085953 -2.767138 -0.996664 0.612613 -11.594084 0.581796 -1.437445 0.276719 -0.559359 -23.668927 -9.467993 2.027710 -4.392862 -1.430463 -1.924790 -0.622432 -1.698794 1.401588 -21.465260 -2.729754 -1.727067 41.442460 -3.956663 0.271107 -0.505562 -3.937322 -1.134355 -0.936257 1.133461 0.082169 0.407079 -1.233011 -0.261405 -0.010385 1.000000 0.000000 0.000000 0.000000 0.000000 
1.391452 1.192417 0.326078 -0.299603 -1.139068 -1.070186 -0.932992 0.223630 3.481573 -7.477045 -0.944727 5.387961 5.259192 -1.876573 -1.135521 -0.083881 -6.326975 -1.720777 2.259726 -19.350781 -1.236516 -0.341851 0.678625 2.094370 -0.315765 1.219622 -0.761283 10.029361 -1.855239 -1.668612 -6.533269 1.860402 1.303317 -1.226492 -2.690691 3.037287 0.992000 0.165935 -1.968383 0.175508 -1.266467 -2.448867 -0.764878 0.088581 -80.916968 -0.856313 0.658096 -0.634619 0.188849 -4.365577 1.392663 0.754662 -0.129426 0.171696 -0.308310 2.325226 -0.610973 -0.583509 -0.138403 -0.282897 -0.261049 0.512770 0.227138 -0.055200 -2.535600 12.750008 -0.540308 -2.370011 0.272225 -0.849701 0.200424 0.764013 -0.389107 3.983603 2.674516 1.155424 0.408391 -1.045117 0.220523 -3.386519 -0.595399 -0.212062 40.350959 -3.213060 -0.618888 -0.604198 -0.561328 -0.294444 -1.189087 -9.476293 -0.402692 -1.174176 1.812900 2.769091 1.106646 2.698063 1.000000 0.000000 0.000000 0.000000 
0.658217 0.003522 -1.120090 -1.369777 4.271613 -1.404764 3.577001 -2.812583 -2.277857 -2.434377 -0.797560 -0.090578 4.816970 -2.620269 -2.306115 -1.069880 9.614114 1.074813 -0.034682 -24.271230 -1.196338 0.552847 -0.769130 4.075964 -0.221536 3.771213 -2.349275 -7.729168 1.131735 -0.125112 -6.421163 2.452159 -0.275070 -0.916077 -0.497215 0.093199 3.788723 1.343212 10.183681 -0.901536 -2.583887 -4.125478 -1.538636 -0.527618 16.855543 0.189177 0.176290 2.206106 0.589832 -1.099273 0.410686 0.603796 0.652391 0.132466 -0.946998 3.573377 -1.157497 -1.056227 4.831002 0.985623 -0.775784 -9.955428 0.448535 0.152952 2.826188 6.149165 -0.384674 1.633222 -0.214910 0.535708 11.851971 5.591458 -1.876344 21.821978 14.319277 4.156489 1.819092 -2.489902 -1.236403 1.128547 0.023685 -0.427108 51.073213 -3.649089 -1.158455 -0.651818 0.031659 -0.146921 -3.359354 -21.349154 -1.034507 -1.924916 0.603364 6.269821 2.442167 5.863181 1.717312 1.000000 0.000000 0.000000 
-0.640775 -0.628367 -0.542307 -0.264417 2.231348 0.164811 0.882484 -0.400798 -2.933633 2.868068 0.378288 1.370109 4.083914 -1.507654 -1.603591 -0.972666 5.086143 1.069108 -1.234680 3.723353 0.168169 -0.017141 -0.551593 1.700307 -0.259059 2.106773 -1.401461 -8.613067 1.694442 0.789892 1.489117 0.218895 -1.158965 0.222042 1.824186 -2.178669 -0.556591 0.260493 2.074987 -0.204733 0.007452 0.770591 0.334282 0.223513 -35.715553 -0.379369 0.282145 0.860223 0.143892 1.549815 -0.426842 0.170617 -0.059064 -0.032057 -0.096077 -0.965773 0.249019 -0.006992 -0.384375 0.138074 -0.055068 -10.291296 0.365734 0.196116 4.900672 -25.469989 1.135981 1.950934 -0.235702 0.870565 -2.189569 -1.781322 0.457589 5.665105 4.615023 -0.589637 0.123843 -0.744358 1.583991 -25.736174 -2.538478 -2.945302 39.829352 -3.009600 -0.676124 -0.460635 -1.812634 -0.441929 1.191128 21.860456 1.043814 0.147288 -0.728001 6.764319 1.215470 3.941818 0.904593 1.102041 1.000000 0.000000 
-0.741794 -0.271970 -0.720883 -0.135408 1.063510 1.169054 -2.328390 2.504019 -0.158999 5.572942 1.252138 -0.178803 -8.456356 4.203844 3.122992 0.638540 1.882281 -0.190317 0.174388 16.833049 0.310410 -2.075391 0.137981 -0.069145 0.142916 -1.925301 1.459000 8.973647 -1.536146 -0.629642 -0.602599 0.019324 0.042731 0.118714 -0.965138 0.607824 -0.826555 0.061306 -4.721923 0.343874 -2.008881 1.507291 0.102366 -0.571056 -23.851283 -0.264440 0.168247 0.459183 -0.107677 6.377452 -0.810508 -0.256524 -1.560355 0.873236 1.278947 -2.011199 0.379788 1.060427 0.852526 -0.154081 0.571208 -31.112442 1.673852 0.638767 -0.349071 -22.891004 1.155560 -1.127996 -0.118291 -0.389745 -12.385598 -5.078258 1.050161 2.288396 2.024360 -0.142628 0.080839 0.480846 -1.229031 18.447826 1.748961 2.365046 -2.009134 -0.774928 1.852192 0.434131 0.194957 0.226749 3.894618 30.402340 1.381145 0.955793 -2.992322 -4.109169 -2.008561 -3.890210 -1.642975 0.279197 0.210669 1.000000 
0.673699 2.432639 0.503815 -1.882711 -1.032493 -0.732958 -0.275907 -0.099032 -0.493222 -0.602852 0.245767 0.351582 -0.752341 -1.394283 0.177487 -0.317656 -0.782746 -1.267279 -1.883192 -0.326643 -0.236098 0.732163 0.894798 0.137988 0.104790 0.900672 0.683922 0.342842 1.293667 0.262704 -0.324997 0.744572 0.757902 -0.870665 0.709381 1.016416 0.539432 -0.762918 0.896667 0.556017 0.521333 -0.504721 -0.067452 0.057572 -1.507321 0.439144 0.165074 -0.410910 -1.451417 -0.087584 0.450136 -1.119945 2.258564 0.778904 0.388943 0.954706 0.675654 -0.780269 0.082027 1.567013 2.209176 0.554576 -0.120094 0.537473 -0.195487 1.401400 -0.899533 -0.458294 -0.086462 -0.178355 1.215993 0.486664 -0.068475 -0.725406 1.771775 0.839228 -0.470181 -0.842443 0.369438 1.812458 0.744844 -0.906323 0.351635 -0.345369 -0.385241 -1.487572 -1.511812 -1.279772 -1.005174 -0.917894 -0.744599 -0.401222 -1.651564 0.446826 0.955769 -0.540821 0.226930 -0.216280 0.204149 0.153672 
0.000000 -2.574780 -0.903376 1.469771 0.182259 1.860329 0.887319 -1.908125 1.515121 -0.062995 -0.533913 -0.214341 -1.293523 0.335495 0.571183 -0.464316 1.326774 1.547537 1.961288 -0.064262 0.319550 -1.597527 -0.850374 0.394302 1.385162 -0.913770 -0.466333 1.543695 -2.210114 -0.403025 0.569565 -0.940462 1.136436 -1.264435 -0.295165 0.448808 -1.072619 0.877744 -2.843250 1.209560 0.044410 -1.035888 -0.901057 1.657224 0.643319 -1.135699 0.525212 0.658763 2.878498 0.307452 -1.876320 2.221322 -1.529729 0.752561 -0.135758 -1.632132 1.994693 0.537738 -1.014823 -0.216663 -1.000171 -0.075901 -1.075879 0.897620 1.884761 -2.079019 -0.272661 0.612968 0.245273 0.594057 0.064718 0.031941 0.920803 1.798050 -0.919318 -0.392446 0.346741 -0.458486 -0.134145 -1.553750 0.189203 -0.504883 -1.340907 -0.224484 0.490648 1.600492 0.716589 -0.119415 1.629718 1.642795 -0.385256 -0.061590 1.233660 -0.721924 0.112626 2.170507 -0.108400 -0.194908 -0.413226 0.860921 
0.000000 0.000000 -1.220016 1.313690 -1.896377 0.649050 -0.026369 -3.824136 -0.373081 -1.561268 0.207800 0.940069 -1.845291 -1.854330 0.511707 -2.136014 1.501951 -0.424662 -1.332217 0.680254 -0.341095 -1.039744 0.101752 0.068707 1.973872 -0.254086 -1.901336 4.005287 -1.470462 0.409941 -1.298964 1.058414 2.003466 -3.242491 0.514283 2.304958 0.888550 -0.637604 -1.239196 2.452118 2.199344 -2.387658 -1.617999 4.501343 -1.731671 -1.193591 3.087070 0.736378 2.180159 1.923872 -1.686975 -0.110421 1.985333 3.426759 0.677113 1.066978 5.081597 -0.701011 -1.066391 1.865372 2.379118 -0.685240 -1.456275 4.205313 2.329949 -0.710530 -1.846365 1.131053 1.222452 -0.256729 2.288257 0.865669 0.802279 2.303803 2.830155 1.582850 0.409433 -4.753141 -0.456960 0.585761 2.461348 -1.258110 -0.183778 -0.459661 0.673412 0.706145 -1.297957 -2.478204 -0.282156 0.895131 -1.824373 -1.381674 -2.504268 -0.895634 2.447025 3.683611 -0.397125 0.401575 0.514137 1.406013 
0.000000 0.000000 0.000000 -3.251002 -1.412571 1.979674 1.677546 1.303369 1.322445 0.745183 0.019486 0.601628 -0.083670 0.179199 0.313037 1.086866 -0.165894 1.043657 0.687233 -1.678081 1.484097 -0.516286 0.765996 -2.248423 0.578993 1.386325 0.437203 -2.512442 -0.013607 -0.124365 1.160208 0.348672 -0.624607 1.404791 -0.474334 -0.949773 -0.864018 0.277496 -1.722036 1.136870 -2.269404 0.454112 -0.060394 -0.573888 1.778486 0.471848 0.294166 0.681244 1.099494 0.266422 0.038465 0.878413 -1.355921 -0.996446 0.489573 -0.739916 1.238767 0.838701 -0.653465 0.956704 -0.421098 0.791328 -0.764517 -2.948890 1.177748 0.688554 1.291650 -0.058671 -2.330947 -0.304924 -1.362613 -0.368276 -0.582062 -0.888374 -0.099560 -1.206622 -1.331751 2.575885 1.092525 0.223550 -0.731233 0.147873 -0.642823 0.803617 -1.243689 -0.090011 0.094034 0.997155 0.036575 -1.765066 0.744687 -0.546070 0.636396 0.830840 -0.803164 -1.994628 -0.386989 -1.906818 0.498204 -0.224284 
0.000000 0.000000 0.000000 0.000000 -0.935565 0.782448 -0.170653 0.251906 0.316823 -2.460998 -0.859059 1.737009 1.105399 -1.028385 -0.038101 -0.135671 3.024621 0.341594 -1.270781 2.067364 0.896272 0.208984 0.376541 -1.861461 0.593103 -1.394589 -1.883716 1.268894 0.022850 3.405807 -0.128806 0.507894 -0.490109 0.087293 0.989770 -0.613056 -1.291482 -1.300970 0.354687 0.223239 0.597546 1.640738 0.043807 1.008490 0.237078 1.172480 -0.557584 0.132636 1.156186 1.286137 0.108039 -0.948336 0.294695 0.636519 -0.991763 -0.875610 1.388339 -0.041768 -0.412166 0.738230 0.614266 0.943724 0.705089 0.854388 -0.246038 1.656276 0.808664 1.395814 0.256534 0.656515 -1.557182 1.104731 0.834761 1.985738 2.479003 0.821219 0.323219 -1.193536 1.386238 -0.789651 -0.352229 1.301219 1.443872 -0.368834 -0.855223 -0.453010 -0.707879 0.091548 1.833347 -0.835462 -1.355626 -1.258633 -0.123877 0.173765 1.758760 0.956114 -0.685451 -1.417226 0.793022 -0.569028 
0.000000 0.000000 0.000000 0.000000 0.000000 -1.719548 -0.018478 -0.745627 -2.287411 4.122289 1.291124 -2.669868 -1.956152 1.466030 -0.430980 1.879278 -3.851610 -1.390876 -0.696771 -4.810910 -2.074360 0.159296 -1.735640 0.794532 0.224627 3.607795 1.364359 -0.837759 0.703135 -5.562560 -2.051074 0.841014 1.289811 -0.668500 -3.224322 2.851573 2.854293 1.968503 -0.197045 -0.705322 -0.673140 -1.473794 -1.904466 -0.249334 -0.265707 -3.285549 1.908273 0.444425 0.188104 -2.495980 -0.288340 1.204196 0.369883 -0.997589 2.807573 3.997980 -0.768077 1.170837 1.905593 0.174215 -0.544321 -2.277224 -1.196809 -2.275711 1.202105 -4.860335 -3.401754 -2.300092 -1.097037 -2.124795 5.004811 -2.602126 -2.993074 -4.800834 -1.870319 -0.908178 -1.379884 0.243158 -1.844024 2.653119 2.340453 -2.733273 -1.470929 2.618493 2.610561 1.293021 1.875968 1.229564 -3.284027 1.502878 1.928251 2.739525 -1.548250 -1.087389 -2.407015 -1.905269 -0.088857 1.553149 -0.662823 -1.047037 
0.000000 0.000000 0.000000 0.000000 0.000000 0.000000 1.113414 -7.924504 -3.545628 16.265666 8.091886 -8.950862 -10.257242 4.202029 1.342708 0.466672 -17.531653 -4.284210 3.595661 -18.158262 -6.220776 -4.113084 -2.058610 6.870057 2.419050 12.569884 9.364252 -7.099957 -0.444716 -23.341034 -1.877808 1.222023 7.163245 -3.823822 -7.875904 5.701097 11.872584 7.084899 -3.452057 3.750478 -1.968256 -13.959493 -4.540896 0.248534 -1.426793 -12.339260 11.457774 1.635226 -3.136259 -3.786809 -0.933677 5.462090 2.653926 1.444960 10.653349 11.662058 1.159576 1.479927 -1.307792 -1.820498 0.114444 -9.110208 -8.292386 -3.068997 8.782513 -13.110008 -9.441923 -7.225274 -5.647460 -7.248102 16.958150 -7.822189 -8.642218 -12.600791 -11.620948 -4.420324 -1.974334 0.989249 -9.925872 6.827059 9.487799 -12.171852 -10.333557 5.688324 7.487511 4.835630 4.547004 -1.585495 -15.188664 4.569251 6.206100 6.810566 -4.561730 -2.523599 -9.733512 -1.212605 2.701990 10.351647 -2.903990 5.086283 
0.000000 0.000000 0.000000 0.000000 0.000000 0.000000 0.000000 -8.917325 -2.719255 19.412681 8.689029 -9.660648 -9.511056 5.011984 0.275659 -0.828382 -20.167973 -5.325018 4.781970 -20.476986 -6.328056 -3.967452 -0.095792 9.053785 3.033073 12.054161 9.103673 -9.382415 -0.612218 -23.954521 -1.305809 2.689891 7.529311 -4.892633 -7.422241 5.804791 14.569549 6.394421 -4.596869 2.766871 -2.255361 -15.597601 -3.016496 -0.212362 -2.410428 -13.913443 13.270869 3.207229 -5.939370 -4.794236 0.239301 4.307607 2.513344 2.077819 10.901962 12.829854 -1.288400 0.705925 -2.556710 -4.069273 0.718337 -12.743079 -8.206039 -2.761847 8.478288 -12.042895 -9.355369 -10.435865 -7.293698 -10.101251 19.917591 -9.183729 -9.351121 -12.410476 -13.948822 -3.146549 -0.619724 1.055237 -11.487612 7.518637 9.485060 -14.254109 -9.809028 7.265869 7.067975 6.232147 5.978719 -1.169947 -18.478444 4.796835 7.877108 6.971911 -5.730018 -3.237801 -11.074779 -1.495144 3.741644 11.705159 -4.483642 5.656188 
0.000000 0.000000 0.000000 0.000000 0.000000 0.000000 0.000000 0.000000 -1.104768 -1.869126 -0.836101 0.612662 0.700840 1.248989 0.815212 0.257610 2.282527 -1.537773 -1.136042 -1.491831 0.057029 0.603519 -0.553004 -0.653994 -0.100454 1.261593 -1.260711 0.015293 0.791415 0.595030 -2.473648 0.429246 2.003959 -1.259616 -1.401052 1.623259 -1.890529 0.359537 1.295980 -2.381950 1.696863 1.031012 -1.308283 0.275681 -0.068129 -2.041229 -0.281455 0.068477 2.544367 -1.205137 -0.724908 -0.073650 -0.340953 -1.097522 2.227681 2.763835 -0.161468 1.957674 0.255079 -0.064407 -1.064431 -1.921521 1.114361 -0.589011 0.232667 -1.934576 -1.238858 -1.282992 -1.721573 -0.536414 1.909185 -1.031369 -1.323282 -2.461775 -0.574739 0.779201 -1.110144 -0.050076 0.507080 1.399205 1.121820 -1.552946 -0.128105 2.994355 0.751143 1.869144 0.707656 3.211963 0.282176 -0.434460 1.230422 -0.479319 0.353952 0.959541 0.142624 0.935727 -0.757216 -1.777980 1.251033 0.374766 
0.000000 0.000000 0.000000 0.000000 0.000000 0.000000 0.000000 0.000000 0.000000 -2.691704 -2.883803 0.200972 0.272191 1.123717 2.857575 -3.965400 3.712845 -4.168564 -0.957325 -1.074594 -1.476316 2.069427 1.092061 1.374833 -0.637126 0.886729 -1.020975 4.360743 -0.148631 2.389924 -4.951415 -1.063277 6.266613 -7.682894 -0.751684 5.402170 -2.906694 -0.140512 2.550215 -5.352171 3.929894 -1.690715 -3.203300 2.353955 -3.298727 -4.522132 0.296324 -0.901862 5.707330 -2.352695 -3.846852 -0.605617 1.808635 0.933920 3.119480 4.097791 1.277101 2.738842 1.601696 1.580061 2.842844 -2.247657 2.229585 5.657256 -0.191842 -2.672870 -4.214034 -0.785614 2.572302 -0.644316 3.389365 0.477204 -0.681751 -0.734819 1.800926 4.284284 0.017555 -3.430303 -0.020678 3.838732 1.966438 -4.192837 2.161403 3.280265 1.591939 3.821928 -1.511402 1.192942 0.929697 0.110016 1.158449 -1.673224 0.261763 1.546201 2.743122 5.220243 -0.374702 -3.901001 1.527376 3.027327 
0.000000 0.000000 0.000000 0.000000 0.000000 0.000000 0.000000 0.000000 0.000000 0.000000 11.900725 3.260114 1.807486 -2.947655 -13.468248 29.888623 -7.834984 22.645441 3.577951 2.797659 13.562959 -11.431757 -10.339611 -12.891041 5.226111 -4.762434 -1.230723 -25.055274 3.550347 -5.598906 23.153450 7.986019 -31.834080 42.076012 -0.090808 -29.547277 3.063516 2.964801 -15.139867 23.212409 -15.410604 19.535393 15.149821 -14.278714 23.505442 23.407796 -6.769720 5.931017 -21.452562 9.562297 19.932112 4.011902 -15.800938 -11.916910 -13.523710 -19.878637 -8.249730 -7.193962 -10.266030 -10.219285 -25.324225 6.237450 -8.105365 -39.611764 2.660730 9.383155 24.378507 -1.235284 -26.266079 6.728910 -18.291370 -5.022712 1.387782 -4.752225 -14.420008 -23.349664 -4.958825 22.049231 7.228522 -21.204098 -10.534676 21.916279 -15.524403 -6.756128 -9.191255 -17.791753 13.200141 10.354782 3.392371 0.229087 -3.532809 7.193469 2.320252 -5.246022 -14.506439 -28.306775 -1.378442 11.426746 -4.709305 -18.195875 
0.000000 0.000000 0.000000 0.000000 0.000000 0.000000 0.000000 0.000000 0.000000 0.000000 0.000000 -0.821285 -1.541640 2.499452 1.143410 2.640005 -0.044407 -2.989639 -2.717196 -8.104480 -1.870238 1.971522 -4.444722 0.872976 1.229438 2.696467 2.769204 -2.093131 2.650130 -3.805016 -3.365815 0.557322 5.158799 -3.987058 -5.004982 4.311798 -0.541460 2.879025 -0.017326 -3.124039 1.720100 2.631688 -6.012326 0.777289 0.578967 -6.081338 -1.415730 -0.626869 3.713371 -5.750165 -1.541407 2.481315 0.553103 -2.607594 3.954117 5.866841 -0.760615 4.231551 2.943229 0.198281 -2.533056 -3.910527 1.028579 -5.358911 1.488538 -8.159283 -5.996788 -3.229976 -3.577801 -0.974864 8.083686 -2.677963 -3.900085 -8.816291 -2.963868 -0.160296 -1.014967 2.023102 1.348655 1.762142 3.475218 -5.632631 -2.631613 3.201209 1.719424 2.914469 3.015994 5.387650 0.204311 2.194962 1.967544 4.176613 2.221368 0.953190 -2.352000 0.184731 -0.814964 -2.776938 2.449645 -1.659822 
0.000000 0.000000 0.000000 0.000000 0.000000 0.000000 0.000000 0.000000 0.000000 0.000000 0.000000 0.000000 0.893791 -6.408647 0.924957 -10.980811 -2.532390 -1.647948 1.578196 9.928246 -0.660181 -0.147295 4.542907 3.056458 -0.739470 -3.740628 1.548561 8.408004 -3.600987 5.606782 1.849515 -0.662359 0.675151 -4.231619 5.990034 2.536582 2.713819 -4.005947 1.922769 1.293989 0.638516 -6.528881 1.639676 3.608082 -6.188808 4.156135 2.973286 -1.367081 -0.385781 5.037792 -0.208075 -3.885639 6.705757 7.971373 -2.472924 -3.615536 3.886876 -3.487535 0.146447 2.388399 10.740018 6.746943 1.001488 14.658852 -1.894426 9.026373 -0.700018 4.360921 9.848308 2.066429 -5.677088 4.960502 5.929367 10.880346 8.242076 4.093480 2.542637 -8.434721 -1.339476 1.632386 -1.353301 4.084820 6.727413 -8.729037 -1.101890 -3.132447 -6.782051 -13.236624 -0.654318 -1.510865 -5.277345 -2.986779 -4.128655 -1.107359 5.409922 5.669658 0.837447 3.191757 0.186348 2.423743 
0.000000 0.000000 0.000000 0.000000 0.000000 0.000000 0.000000 0.000000 0.000000 0.000000 0.000000 0.000000 0.000000 -14.829748 -1.577164 -10.194760 -3.806258 10.456289 12.365648 33.478871 5.146138 -9.760994 13.643661 -2.394996 -0.412226 -10.342542 -2.495900 15.558095 -11.219763 12.209297 16.388424 -2.738681 -18.408276 13.843273 20.201838 -13.678932 1.386727 -10.153774 -3.840009 16.856374 -7.849264 -12.056371 17.324832 -0.671782 -4.673744 27.241016 4.483239 0.901501 -10.726980 23.071553 6.268369 -6.636649 4.138127 13.174948 -17.501084 -27.035495 7.143808 -16.046549 -8.093992 4.524460 13.346879 22.846087 -4.688009 24.117785 -3.763047 30.348491 16.934629 14.712041 17.244418 10.522872 -33.593362 12.118937 17.246402 34.666342 17.947936 -1.076981 1.088421 -12.506582 -2.301528 -5.859118 -12.067978 25.165572 7.454167 -22.659637 -6.144832 -19.508156 -13.844769 -30.506492 2.776942 -3.695301 -13.651565 -11.089307 -10.260387 -5.735498 10.197036 -1.119196 3.627188 13.982910 -8.919086 2.836313 
0.000000 0.000000 0.000000 0.000000 0.000000 0.000000 0.000000 0.000000 0.000000 0.000000 0.000000 0.000000 0.000000 0.000000 6.313449 -23.913108 1.856682 -17.055720 -6.766249 -3.760770 -10.918037 8.785173 0.377235 10.946470 -4.732696 0.887505 7.748247 11.200033 2.292975 0.281504 -15.208287 -4.654407 23.429633 -26.957970 -2.865055 22.105053 4.721176 -0.505897 15.016067 -12.660345 11.808123 -9.486758 -13.186017 8.809901 -15.807559 -17.543420 -0.186887 -7.920627 9.904411 -8.587591 -9.499777 -2.159529 12.275247 7.696964 9.769863 15.285721 3.786149 6.732357 9.877653 2.833899 16.621053 -1.546883 7.176702 22.230613 -4.559473 -6.979031 -19.104606 3.452805 18.324560 -4.086574 15.316145 3.681546 0.523361 -1.963293 5.644417 14.724234 9.304832 -9.727087 -5.145815 10.952708 7.722799 -14.267826 12.035496 -3.321547 4.753213 12.396238 -9.118380 -8.275728 -3.346241 -1.505249 -1.966396 2.077958 3.145770 3.555286 4.254121 20.187804 0.849335 -3.821218 8.410388 10.798139 
0.000000 0.000000 0.000000 0.000000 0.000000 0.000000 0.000000 0.000000 0.000000 0.000000 0.000000 0.000000 0.000000 0.000000 0.000000 14.978242 -12.700464 -10.680881 -20.436992 -38.082164 1.543447 13.436090 -22.645125 5.059878 12.309326 8.477661 14.362704 -17.355532 11.548689 -7.921931 -6.209011 15.152149 19.081818 -17.464630 -24.332093 19.634785 4.674911 10.795959 -11.852231 -16.666369 3.041687 23.292242 -28.612580 9.856553 6.765854 -24.183435 1.327086 3.300547 16.885609 -28.612835 -0.958475 6.344562 13.156790 -4.708785 18.724969 33.133760 -2.536435 16.721307 13.546871 0.973372 -8.523949 -19.530807 7.858858 -36.046497 12.585331 -30.054229 -31.053433 -26.093026 -33.157664 -6.208632 44.035592 -16.701566 -19.482533 -46.349166 -7.619994 -4.673992 -12.818040 3.355213 18.288342 6.051634 18.824341 -24.733493 -9.131024 12.000438 1.921932 8.717102 21.781156 23.830778 -1.717043 9.669500 6.557307 21.311929 0.128171 3.174569 -6.106630 -6.051827 -11.718849 -15.672427 16.854006 -26.585691 
0.000000 0.000000 0.000000 0.000000 0.000000 0.000000 0.000000 0.000000 0.000000 0.000000 0.000000 0.000000 0.000000 0.000000 0.000000 0.000000 -0.844755 -0.687277 -3.386253 -0.466365 -0.945284 -0.106079 -2.946735 0.490662 2.054352 0.267117 0.569170 -0.935304 -0.516772 -0.084125 0.870814 1.016229 -0.485967 0.590897 -1.048024 0.497917 0.172160 -2.398858 1.627790 -0.099561 0.154005 0.601100 -4.120288 3.197534 -0.218519 0.491828 0.081249 0.939507 -1.864205 0.086384 1.163366 0.401479 3.853456 -0.598879 2.990406 3.062687 2.413986 -1.232855 -0.829203 -0.236918 0.808214 -0.547419 0.292278 -2.521015 0.696636 -0.337187 -2.329337 -1.077502 -0.660329 -0.517794 2.788998 -0.100520 -0.875524 -1.542648 0.421042 -0.750972 -0.205861 -0.306144 0.573227 -0.023865 -0.057963 -0.508892 -1.461639 -4.162517 -0.860319 -0.235573 0.481820 -0.327430 -3.056434 0.532525 -0.437128 0.913738 0.495926 -0.238972 -1.268877 2.169065 -1.064811 -0.451133 4.674870 -1.568679 
0.000000 0.000000 0.000000 0.000000 0.000000 0.000000 0.000000 0.000000 0.000000 0.000000 0.000000 0.000000 0.000000 0.000000 0.000000 0.000000 0.000000 -6.987807 22.381868 -29.070769 7.202348 19.142630 21.900118 2.910705 -23.555695 1.330215 6.046979 0.453973 17.264594 -4.763171 -23.442547 -3.158964 33.754500 -38.745534 -7.281753 20.182758 4.853980 42.359869 -25.038397 -18.639746 8.684011 9.143582 25.303974 -29.375621 1.523798 -36.572983 -0.728510 -13.682671 43.884227 -31.523015 -23.656706 0.330448 -36.767312 7.747131 -19.882642 -5.177533 -32.771161 31.772241 30.515215 6.462367 -10.681872 -11.727865 5.935110 10.184766 -1.131225 -25.113852 -4.658747 -4.069515 -9.470045 -2.318850 8.693611 -9.406208 -5.694193 -21.055573 -11.615016 11.781177 -3.093855 5.149940 4.953275 7.998535 20.391141 -23.092245 19.145850 65.685112 15.078517 16.646995 7.733753 22.130660 39.387094 -0.523024 11.993365 4.929227 -2.599318 6.823674 13.633365 -27.620325 4.285226 -11.261061 -46.121642 1.456087 
0.000000 0.000000 0.000000 0.000000 0.000000 0.000000 0.000000 0.000000 0.000000 0.000000 0.000000 0.000000 0.000000 0.000000 0.000000 0.000000 0.000000 0.000000 17.394337 -13.380817 4.271335 10.577683 16.976541 -0.005679 -17.689322 -3.832837 4.682452 -4.169454 9.872958 -4.343507 -7.525222 -6.094419 13.795476 -15.814388 0.662548 2.489997 0.603377 24.328591 -15.733366 -4.332034 5.909479 7.314205 20.455824 -19.115399 2.967812 -13.904490 -4.975949 -7.574452 18.417318 -14.824604 -13.358563 3.419781 -27.390848 1.816966 -16.963665 -11.793406 -23.146899 10.965093 19.137993 0.348251 -10.244321 -5.920031 3.182755 0.881977 -4.715823 -8.336758 1.496582 3.963379 -7.056593 -0.167443 -4.616178 -3.507753 -2.770358 -10.334502 -10.146627 1.958745 -2.796073 9.672681 0.782619 -1.881896 8.523119 -6.103972 9.929789 30.721937 6.440607 3.299198 2.436832 11.839870 26.095919 -1.879429 8.665882 -0.021771 5.191174 2.759524 4.101539 -22.107825 4.913841 -1.205912 -30.718116 1.220159 
0.000000 0.000000 0.000000 0.000000 0.000000 0.000000 0.000000 0.000000 0.000000 0.000000 0.000000 0.000000 0.000000 0.000000 0.000000 0.000000 0.000000 0.000000 0.000000 -0.476000 0.274650 2.673313 2.594214 -1.100746 -2.677493 3.972774 0.255484 1.574344 1.251859 -0.623938 -5.914853 -0.748908 5.142322 -5.430272 -0.817161 2.405210 4.499719 4.828358 -1.000242 -2.390359 -1.375765 -0.617985 3.088070 -3.549898 -1.122229 -5.211494 2.873612 -3.358449 9.380150 -2.544425 -3.070887 -2.388398 -0.183347 3.817660 -0.845258 3.712752 0.688172 6.210880 4.312823 7.622840 0.982820 4.251222 -0.658487 6.077202 1.788370 -5.362374 -2.436116 2.349815 4.192414 1.519302 1.769214 -0.837548 0.949965 0.081539 4.737202 2.846904 -0.177242 -4.328693 0.120093 2.891750 6.194372 -3.117432 4.777035 10.638268 5.159382 4.986617 -0.998519 -1.494747 4.343337 0.120886 -1.042315 -0.530906 -2.744470 1.610450 5.671751 0.197698 -1.482507 -2.406092 -5.564832 1.716307 
0.000000 0.000000 0.000000 0.000000 0.000000 0.000000 0.000000 0.000000 0.000000 0.000000 0.000000 0.000000 0.000000 0.000000 0.000000 0.000000 0.000000 0.000000 0.000000 0.000000 -7.433563 -39.575015 -43.441902 18.269245 38.721226 -72.004114 0.558218 -27.816374 -16.434869 7.488197 99.948051 8.862255 -80.690335 83.713338 11.897915 -38.757219 -76.963781 -76.024290 15.588680 39.674143 26.996987 16.581068 -53.507171 59.430894 20.973815 82.452170 -53.677602 53.270083 -154.513150 36.474473 44.857832 44.652489 -1.314333 -67.034826 10.116803 -64.461180 -14.190128 -104.922555 -63.217153 -128.868786 -20.047537 -75.772616 12.928006 -111.599255 -29.161390 83.841028 34.285998 -33.483693 -73.583662 -26.053440 -28.095979 16.444611 -20.824732 -11.349347 -84.577856 -51.662855 3.741391 79.278106 0.678262 -54.353540 -100.972115 48.353268 -79.389173 -177.604333 -85.766906 -85.097426 19.732144 28.444651 -63.788359 -0.741884 19.616972 12.080054 51.173012 -26.592628 -97.819832 -7.740277 23.165510 39.324279 90.131499 -32.008763 
0.000000 0.000000 0.000000 0.000000 0.000000 0.000000 0.000000 0.000000 0.000000 0.000000 0.000000 0.000000 0.000000 0.000000 0.000000 0.000000 0.000000 0.000000 0.000000 0.000000 0.000000 12.855069 13.182282 -6.250593 -12.093690 24.942816 -2.753390 16.192843 6.184844 -2.919560 -34.855538 -3.516188 26.246883 -30.718939 -3.531114 14.863109 27.108778 22.863394 1.298132 -15.386144 -9.519935 -10.110129 16.068472 -20.893210 -5.290129 -29.589016 17.868522 -21.434637 50.832669 -10.882158 -13.831622 -16.431417 1.876841 22.275752 -2.039489 23.364479 7.148569 35.670715 19.840594 43.715899 8.932168 23.513154 -6.199678 40.397566 12.188903 -29.080369 -11.548854 13.491175 30.805518 8.504307 9.483482 -2.408159 5.680969 4.056862 28.599445 19.779973 2.190963 -28.317057 -1.499720 18.357549 31.103729 -18.084351 24.310914 63.991097 29.989618 30.102676 -5.304675 -11.347494 19.529508 0.742441 -7.799453 -5.484986 -20.392442 8.942077 35.441564 9.224277 -7.219655 -12.861252 -29.931000 16.631584 
0.000000 0.000000 0.000000 0.000000 0.000000 0.000000 0.000000 0.000000 0.000000 0.000000 0.000000 0.000000 0.000000 0.000000 0.000000 0.000000 0.000000 0.000000 0.000000 0.000000 0.000000 0.000000 4.625315 -3.689725 -0.900507 1.538593 -1.759357 -2.804929 1.504799 -0.430389 -2.242590 -0.567101 -1.998417 -0.073832 -1.962364 1.849715 -0.197005 0.941319 0.712502 -5.014827 1.678282 -0.562395 -0.770690 -4.896568 0.184695 -2.073390 -1.075489 1.611143 3.973733 -1.275759 -1.732455 0.203834 -4.155821 0.132354 1.215204 2.104224 -2.662858 -0.839654 5.366917 -0.213189 -2.062251 -2.698126 0.926221 -1.015031 -1.303694 3.735850 -2.437266 -0.989210 -1.324121 -0.997358 -2.704288 -1.372007 -2.610176 -5.593402 2.746600 0.425071 -4.646696 -0.783534 -1.508790 2.712476 -1.689205 2.244976 4.105469 8.903684 1.323707 -1.142491 1.103843 3.217198 -1.167533 -2.196398 2.123892 -4.056676 1.821933 -1.716155 0.106300 -7.042266 -0.811331 -0.471096 -3.422997 1.673826 
0.000000 0.000000 0.000000 0.000000 0.000000 0.000000 0.000000 0.000000 0.000000 0.000000 0.000000 0.000000 0.000000 0.000000 0.000000 0.000000 0.000000 0.000000 0.000000 0.000000 0.000000 0.000000 0.000000 -1.058278 0.797622 5.140069 -8.361187 1.496118 -2.716669 3.225956 -3.167579 1.402304 -3.617360 -1.181390 -2.837663 2.064499 0.767733 -2.259404 2.021590 -6.669210 1.274354 -6.227877 -0.274759 -2.008436 0.658599 -3.094873 6.391392 -0.300604 2.973218 1.596147 -0.499909 -3.136227 -1.040349 2.277407 5.337777 7.518281 1.476642 1.752019 -1.632952 -0.458089 2.674850 -6.025451 -1.505220 6.548103 -0.046905 3.861548 3.936873 -5.965185 1.862368 -3.677676 0.907579 0.550149 1.236880 1.693193 -0.087689 5.168882 1.178891 -3.961961 -3.254085 6.568915 -3.847243 -3.147352 0.608609 11.955005 1.290373 4.708716 -1.770434 2.930465 -8.577539 -3.066873 3.402340 -4.708930 -3.559206 -2.094716 4.041459 0.794683 1.363914 -2.339300 -0.822017 5.641952 
0.000000 0.000000 0.000000 0.000000 0.000000 0.000000 0.000000 0.000000 0.000000 0.000000 0.000000 0.000000 0.000000 0.000000 0.000000 0.000000 0.000000 0.000000 0.000000 0.000000 0.000000 0.000000 0.000000 0.000000 5.083977 -5.748846 17.293070 2.226172 9.841590 -8.716517 1.703486 -1.643929 6.723189 2.128430 5.847811 -0.762533 1.897666 3.788326 2.424480 7.948629 -5.759583 8.145341 -2.346557 -2.991540 2.285076 1.635236 -13.574790 -0.761029 -1.788784 -3.412465 7.370665 4.636857 3.919111 -3.763835 -8.702168 -11.286418 -4.575190 -1.382924 5.843653 2.801952 -7.644808 10.097575 0.731405 -9.045080 6.524055 -9.545592 -12.654200 13.205970 -2.572229 8.988452 -1.541873 -5.739270 -7.614942 -10.253642 4.731926 -9.426428 -6.975541 2.565401 4.651981 -9.709485 6.959001 8.398558 -1.427492 -10.801861 2.135968 -9.173774 8.693235 -7.311908 13.966971 8.454424 -8.761125 5.806263 1.953720 5.484089 -2.873456 3.292422 -4.744038 7.556636 -0.005355 -6.016620 
0.000000 0.000000 0.000000 0.000000 0.000000 0.000000 0.000000 0.000000 0.000000 0.000000 0.000000 0.000000 0.000000 0.000000 0.000000 0.000000 0.000000 0.000000 0.000000 0.000000 0.000000 0.000000 0.000000 0.000000 0.000000 -6.485097 27.057852 4.888732 13.075100 -15.037519 -2.229561 -5.352125 17.736638 -3.189730 4.677299 -0.714856 9.778273 10.465544 3.194113 13.600778 -10.452382 12.617706 0.290457 -3.084871 1.457583 -1.233293 -16.431206 -7.810077 3.190815 -5.792530 4.556448 5.086915 8.256657 0.139168 -14.940302 -14.596199 -0.657143 8.509062 6.961249 13.561503 -8.279280 23.664355 -0.190296 -6.570602 8.627351 -22.717811 -16.625977 25.154942 8.288282 13.034778 0.835007 -6.667590 -5.783886 -8.490211 9.845696 -12.697058 -1.881665 1.729417 10.456599 -17.033885 15.271577 4.801654 -0.584006 -15.724489 3.764644 -3.794013 7.928386 -13.327320 27.555363 13.127963 -16.471167 13.287726 2.204143 12.283857 0.157114 9.469831 -9.325299 6.323198 -2.037561 -7.311641 
0.000000 0.000000 0.000000 0.000000 0.000000 0.000000 0.000000 0.000000 0.000000 0.000000 0.000000 0.000000 0.000000 0.000000 0.000000 0.000000 0.000000 0.000000 0.000000 0.000000 0.000000 0.000000 0.000000 0.000000 0.000000 0.000000 23.561666 8.683756 13.619341 -17.507912 -10.494201 -7.711018 18.040460 -3.472683 2.496455 2.213489 16.184973 10.871656 6.689832 11.843740 -11.664614 8.087681 1.327633 -9.086931 -0.442783 -3.394283 -17.452093 -13.187962 2.858943 -7.684895 5.942179 1.964978 5.777940 4.688613 -13.009002 -11.166601 -5.304942 15.423151 7.549655 17.287365 -3.288729 30.658419 0.773663 4.120398 -0.961965 -19.278133 -12.899261 25.316334 20.425638 11.746875 0.791160 -5.135401 -0.289745 -2.861585 15.744439 -3.055201 4.468556 -1.676845 7.652030 -12.797590 13.000287 4.721827 0.948975 -10.243570 5.492797 2.228760 0.151076 -12.434271 27.085318 6.309989 -20.199150 15.076365 5.673064 9.258529 5.757652 10.672290 -2.380406 5.757329 -7.075189 1.591072 
0.000000 0.000000 0.000000 0.000000 0.000000 0.000000 0.000000 0.000000 0.000000 0.000000 0.000000 0.000000 0.000000 0.000000 0.000000 0.000000 0.000000 0.000000 0.000000 0.000000 0.000000 0.000000 0.000000 0.000000 0.000000 0.000000 0.000000 1.403229 2.186189 -2.057429 0.904796 -0.438503 -2.313068 2.904721 -0.402564 3.665458 -4.188704 -2.118568 -2.469132 -0.648699 2.558393 2.041491 -3.646195 -6.839945 -3.209158 2.998218 -8.302154 3.135317 -3.971381 -3.238979 0.100282 0.048348 -4.483572 -5.577340 -2.001144 -3.890603 -8.764975 -5.173097 8.943922 -4.930601 1.023638 7.217194 5.816786 -5.876687 -11.747034 10.126366 -3.240185 -2.346186 -4.813642 4.044749 -8.158830 4.464473 2.123520 -2.768619 4.969800 5.020430 -2.975108 2.813734 -1.564073 2.468494 -2.615385 8.864832 5.852954 -6.650193 0.790743 -6.081523 -2.892336 3.331047 2.459105 -5.968931 -2.496562 2.825394 7.461731 -9.754079 -6.452117 -11.528768 6.305436 0.488095 -1.924950 -1.478244 
0.000000 0.000000 0.000000 0.000000 0.000000 0.000000 0.000000 0.000000 0.000000 0.000000 0.000000 0.000000 0.000000 0.000000 0.000000 0.000000 0.000000 0.000000 0.000000 0.000000 0.000000 0.000000 0.000000 0.000000 0.000000 0.000000 0.000000 0.000000 12.393368 -18.043919 -1.808282 -10.982451 -16.181912 26.203832 -4.352025 16.036219 -19.614952 -14.137306 -7.096664 3.002566 17.404775 12.663804 -19.901119 -39.525803 -18.838411 22.073292 -54.297884 15.035900 -38.996273 -21.466898 4.702473 4.038425 -32.727258 -27.167582 -8.615978 -25.429607 -61.311691 -30.732774 47.578540 -33.349228 7.998046 44.924286 35.777745 -29.471007 -84.653051 67.838894 -10.391592 -9.749067 -15.230844 16.661465 -45.310322 23.205588 16.231229 -10.269065 27.117597 32.956452 -6.803661 22.961979 -15.067874 10.348991 -24.766056 55.218080 29.069769 -50.840565 -2.019364 -32.942961 -30.793210 24.243541 11.288594 -45.199893 -14.876602 20.693764 61.382729 -57.061767 -35.039087 -67.324302 45.947413 8.028489 -13.295450 -0.664876 
0.000000 0.000000 0.000000 0.000000 0.000000 0.000000 0.000000 0.000000 0.000000 0.000000 0.000000 0.000000 0.000000 0.000000 0.000000 0.000000 0.000000 0.000000 0.000000 0.000000 0.000000 0.000000 0.000000 0.000000 0.000000 0.000000 0.000000 0.000000 0.000000 9.170574 19.347394 8.735615 -7.178180 -0.385706 3.036019 0.256204 -18.804223 -7.289301 -9.515892 -7.427631 6.121027 2.347404 -7.567732 -0.515151 -2.007904 7.432399 -0.824015 14.935827 1.928865 4.786451 -3.974499 -0.810638 6.485126 -16.950592 -1.502989 -2.455200 4.910233 -16.957221 6.783669 -10.838389 -1.769258 -4.989191 4.325939 -20.647166 3.963361 10.339557 -9.886394 -12.200871 -31.140865 7.140127 -15.473496 9.748586 -4.355718 -9.144519 -2.650941 -4.243175 -15.065095 3.276471 2.995813 4.889897 1.253354 7.692335 8.453977 -5.926951 0.803212 -14.922874 10.584791 0.430154 -4.931409 2.889603 4.714797 -7.557295 -8.828300 -10.596971 -19.445136 -14.168859 -2.473150 -1.886604 7.677717 -12.301881 
0.000000 0.000000 0.000000 0.000000 0.000000 0.000000 0.000000 0.000000 0.000000 0.000000 0.000000 0.000000 0.000000 0.000000 0.000000 0.000000 0.000000 0.000000 0.000000 0.000000 0.000000 0.000000 0.000000 0.000000 0.000000 0.000000 0.000000 0.000000 0.000000 0.000000 -2.086547 1.843776 5.255464 -4.032523 3.514994 -8.077496 16.416046 8.293873 4.646173 6.775170 -9.071741 -0.755891 11.616096 6.647832 3.796548 -5.085386 7.125350 -17.001954 10.378940 2.397989 4.559430 0.355879 3.438270 11.919956 0.623444 7.823401 8.838246 18.040826 -12.850772 14.636325 -4.374175 -6.092723 -7.629005 15.057497 13.317658 -21.755522 7.816684 8.537822 16.649856 -7.294539 17.802759 -8.479614 2.922703 6.609035 -6.016628 -4.050421 9.676741 -3.162868 7.764017 -5.682815 7.297974 -18.586726 -16.163646 15.348424 -3.041220 13.891375 5.464338 -5.132059 3.193225 7.660816 -1.282249 -0.441370 -9.648698 17.691934 15.281806 20.116999 -4.458689 0.866467 -1.058630 4.122559 
0.000000 0.000000 0.000000 0.000000 0.000000 0.000000 0.000000 0.000000 0.000000 0.000000 0.000000 0.000000 0.000000 0.000000 0.000000 0.000000 0.000000 0.000000 0.000000 0.000000 0.000000 0.000000 0.000000 0.000000 0.000000 0.000000 0.000000 0.000000 0.000000 0.000000 0.000000 5.444481 10.562238 -11.543949 10.181753 -23.038606 35.581505 14.554065 20.476678 9.985120 -15.826510 -6.044433 24.296801 19.183427 16.665163 -12.139085 21.361499 -36.466075 18.079142 14.093952 13.504200 0.825590 14.969854 25.340441 6.260848 19.174627 26.881324 34.997752 -41.199591 27.495548 -9.428584 -26.767591 -23.552333 35.218750 42.887081 -51.286626 20.543118 21.373328 33.303723 -20.633693 38.244185 -19.495706 -0.263749 12.533078 -24.209449 -16.731758 24.680121 -3.004749 15.883819 -16.783778 10.657543 -46.474684 -40.930923 41.252155 -8.965447 33.787762 17.232151 -12.662140 -4.361811 20.424276 3.061163 -10.662144 -30.059861 47.859388 34.843911 56.667552 -13.370135 4.115081 3.199875 13.547881 
0.000000 0.000000 0.000000 0.000000 0.000000 0.000000 0.000000 0.000000 0.000000 0.000000 0.000000 0.000000 0.000000 0.000000 0.000000 0.000000 0.000000 0.000000 0.000000 0.000000 0.000000 0.000000 0.000000 0.000000 0.000000 0.000000 0.000000 0.000000 0.000000 0.000000 0.000000 0.000000 5.521933 -4.865155 -0.057258 -2.386009 3.884964 -0.656964 3.544493 0.059688 -4.296170 -2.225882 3.795076 0.704842 4.799420 -9.626699 5.417462 -3.705042 9.361241 1.351205 -0.047718 -0.719622 4.350222 2.923474 -0.301074 7.135671 7.993456 5.171591 -3.517670 4.665597 -4.538349 -5.451459 -6.980136 2.234723 15.819830 -12.208110 -2.103081 6.122933 -0.842798 -2.028770 5.815165 -7.480122 -2.507644 -3.109362 -3.357747 -5.994631 -0.976467 -2.432779 1.340342 -3.865589 6.225384 -10.212415 -3.607868 12.869492 3.943365 6.463993 7.401280 -2.671834 -1.320891 5.580762 0.360951 -5.486129 -8.305492 7.248541 7.463947 11.277429 -8.444046 -0.009715 -1.219819 1.068452 
0.000000 0.000000 0.000000 0.000000 0.000000 0.000000 0.000000 0.000000 0.000000 0.000000 0.000000 0.000000 0.000000 0.000000 0.000000 0.000000 0.000000 0.000000 0.000000 0.000000 0.000000 0.000000 0.000000 0.000000 0.000000 0.000000 0.000000 0.000000 0.000000 0.000000 0.000000 0.000000 0.000000 -8.640692 4.813926 -17.500009 19.221430 -0.648900 34.231950 -7.003650 1.186426 -13.612549 8.225105 22.117661 23.742560 -3.899038 22.818650 -17.131039 -10.543282 24.186294 10.799851 -0.915178 19.599695 15.887389 12.590593 9.081512 25.475996 9.563184 -51.674650 3.779644 -1.107114 -38.993664 -24.577811 28.643709 37.192114 -26.947270 22.662642 11.587469 28.545471 -21.709678 21.205666 -6.984798 -13.898414 12.047576 -29.268709 -16.671347 27.196673 2.924006 0.523472 -16.598570 -14.544923 -28.817376 -30.912987 26.138187 -10.756396 23.554730 8.322111 -10.052181 -23.578796 16.304016 13.757954 -18.317659 -26.788329 42.485208 21.725785 54.368876 -11.686463 6.117855 14.369197 23.765317 
0.000000 0.000000 0.000000 0.000000 0.000000 0.000000 0.000000 0.000000 0.000000 0.000000 0.000000 0.000000 0.000000 0.000000 0.000000 0.000000 0.000000 0.000000 0.000000 0.000000 0.000000 0.000000 0.000000 0.000000 0.000000 0.000000 0.000000 0.000000 0.000000 0.000000 0.000000 0.000000 0.000000 0.000000 -4.511750 3.461200 -3.972127 -1.910808 -9.305414 0.317108 -2.072104 0.230087 -0.110597 -3.370402 -4.322790 -0.439952 -2.293822 3.177170 4.529653 -6.212046 -6.948982 -0.691365 -5.077965 -3.378583 -5.777692 0.893294 -1.842799 0.292658 10.600983 -0.655724 -2.799892 6.290600 4.571022 -7.725609 -6.081337 3.974131 -3.986054 -5.917112 -0.578326 4.116418 1.691477 1.462558 0.987186 -0.731120 6.090663 3.974490 -6.074944 -1.533213 0.549650 2.567064 3.328651 1.379376 6.617284 -1.725121 3.532861 -1.425910 -0.912566 2.496217 6.459019 2.400393 -0.866321 1.687736 5.974114 -7.214553 -3.774527 -5.952224 -2.140486 -1.641893 -2.155291 -1.783382 
0.000000 0.000000 0.000000 0.000000 0.000000 0.000000 0.000000 0.000000 0.000000 0.000000 0.000000 0.000000 0.000000 0.000000 0.000000 0.000000 0.000000 0.000000 0.000000 0.000000 0.000000 0.000000 0.000000 0.000000 0.000000 0.000000 0.000000 0.000000 0.000000 0.000000 0.000000 0.000000 0.000000 0.000000 0.000000 -5.444338 6.471613 1.375154 6.337864 5.883782 -1.194117 -0.832122 5.304137 12.839100 3.054064 4.832229 7.991797 -7.429771 -3.774791 2.743817 0.682632 1.675028 3.700295 5.959709 1.231403 -0.606431 9.682935 2.610170 -14.831004 4.666706 0.962493 -7.630538 -4.615597 7.165920 7.946223 -8.722504 10.534923 3.780412 14.958721 -6.580433 16.286710 -1.579947 -3.441101 9.488870 -6.572958 -2.594336 10.093043 2.984711 2.693720 -5.110916 -3.006934 -11.823668 -10.334266 -2.147354 -8.089419 8.180715 -1.895280 -1.765412 -0.375195 7.807790 5.591333 -0.811351 -3.763824 17.490293 7.081463 15.865504 -4.484832 -0.279107 4.774116 3.587625 
0.000000 0.000000 0.000000 0.000000 0.000000 0.000000 0.000000 0.000000 0.000000 0.000000 0.000000 0.000000 0.000000 0.000000 0.000000 0.000000 0.000000 0.000000 0.000000 0.000000 0.000000 0.000000 0.000000 0.000000 0.000000 0.000000 0.000000 0.000000 0.000000 0.000000 0.000000 0.000000 0.000000 0.000000 0.000000 0.000000 5.616638 3.503722 -13.045090 3.606272 -4.912973 -2.430733 6.352446 -11.010582 -4.844020 0.903018 -11.668975 -5.681540 8.120993 -5.007259 -7.667770 -0.405021 -9.719077 -1.565548 -7.995745 4.271262 -8.815505 13.443467 11.430970 3.347071 -6.744157 12.546962 5.834247 -3.260267 -18.543688 -1.062357 -4.474525 -4.368589 8.461111 4.998492 0.325604 6.521635 9.123576 3.530204 6.289943 8.210845 0.509777 -6.360945 3.906835 -0.443651 8.724482 2.673932 -0.772742 3.436560 6.794076 -1.108154 -2.163891 -1.048545 14.139659 -0.397377 -8.133541 4.307533 9.666299 -15.383421 -6.352263 -4.283208 7.941325 0.723982 -8.012503 5.337385 
0.000000 0.000000 0.000000 0.000000 0.000000 0.000000 0.000000 0.000000 0.000000 0.000000 0.000000 0.000000 0.000000 0.000000 0.000000 0.000000 0.000000 0.000000 0.000000 0.000000 0.000000 0.000000 0.000000 0.000000 0.000000 0.000000 0.000000 0.000000 0.000000 0.000000 0.000000 0.000000 0.000000 0.000000 0.000000 0.000000 0.000000 -1.694217 2.228456 -7.454462 2.768071 -4.144892 -2.373395 -12.438238 0.912326 1.393265 -10.256836 2.110204 -4.518738 2.825762 1.337201 -3.229802 0.188332 -2.984845 -2.018943 1.466581 -9.506081 3.077894 4.779576 -6.074907 -0.843232 4.115099 3.032753 2.009596 -14.372124 7.735841 -6.501650 -4.270741 -4.397043 2.680983 -18.200909 9.221274 7.231836 -3.327832 2.150202 4.504407 5.607231 -4.311533 -0.559392 1.100120 -6.513189 13.778745 2.201350 5.293617 4.384466 -4.774345 1.479444 -0.775083 -3.240813 -8.891983 -8.086303 -1.245382 -0.680997 -15.078573 -8.380033 -6.420665 8.427727 -0.094412 -2.949154 6.227720 
0.000000 0.000000 0.000000 0.000000 0.000000 0.000000 0.000000 0.000000 0.000000 0.000000 0.000000 0.000000 0.000000 0.000000 0.000000 0.000000 0.000000 0.000000 0.000000 0.000000 0.000000 0.000000 0.000000 0.000000 0.000000 0.000000 0.000000 0.000000 0.000000 0.000000 0.000000 0.000000 0.000000 0.000000 0.000000 0.000000 0.000000 0.000000 3.352036 -10.999495 0.337102 -6.498357 -1.208872 -18.281381 4.265476 0.756831 -15.790286 2.056830 -5.968578 5.191707 0.474741 -0.931193 0.000895 -4.248124 -1.565204 3.195847 -11.792467 8.586415 3.777263 -7.675133 -5.394104 4.234180 1.328062 0.615006 -21.423018 6.185332 -9.427737 -6.070432 -2.989082 3.223619 -23.981729 10.882042 7.314344 -6.611729 0.011826 3.390166 6.450352 -5.718818 0.232529 -1.362151 -8.861959 17.644979 -2.265066 7.879551 5.161834 -6.718726 3.973502 -2.003056 -3.681307 -7.419701 -10.786213 -2.257234 -0.957281 -18.851491 -12.902801 -5.500811 11.381494 1.728230 -1.852267 9.722668 
0.000000 0.000000 0.000000 0.000000 0.000000 0.000000 0.000000 0.000000 0.000000 0.000000 0.000000 0.000000 0.000000 0.000000 0.000000 0.000000 0.000000 0.000000 0.000000 0.000000 0.000000 0.000000 0.000000 0.000000 0.000000 0.000000 0.000000 0.000000 0.000000 0.000000 0.000000 0.000000 0.000000 0.000000 0.000000 0.000000 0.000000 0.000000 0.000000 -132.086256 -4.457148 -82.575206 -5.636416 -266.639474 33.140231 8.557806 -230.307378 22.739407 -50.802368 42.212340 -14.852513 -19.886991 -29.041591 -62.406706 -43.941228 50.273614 -180.188552 130.815609 102.474176 -95.313950 -80.260952 99.720720 44.097650 -13.108543 -320.638943 91.960232 -140.685749 -94.129467 -35.793906 61.968243 -316.025028 154.234840 118.554537 -84.497242 27.779200 70.044618 67.619576 -87.925540 8.477048 -8.061614 -84.408345 240.961972 -7.210295 105.539108 91.767848 -93.116757 42.054303 -20.532764 -7.554896 -105.610972 -160.999731 -17.228124 23.481186 -297.277458 -182.099312 -98.487850 161.421292 22.892175 -50.288307 128.946881 
0.000000 0.000000 0.000000 0.000000 0.000000 0.000000 0.000000 0.000000 0.000000 0.000000 0.000000 0.000000 0.000000 0.000000 0.000000 0.000000 0.000000 0.000000 0.000000 0.000000 0.000000 0.000000 0.000000 0.000000 0.000000 0.000000 0.000000 0.000000 0.000000 0.000000 0.000000 0.000000 0.000000 0.000000 0.000000 0.000000 0.000000 0.000000 0.000000 0.000000 3.231578 -0.022063 -2.095877 -0.235843 -5.856295 0.590325 -0.717416 -1.186284 -2.685403 -4.183375 5.688276 -0.602895 -2.739945 -1.457146 0.426187 2.562479 -1.935389 -4.657593 2.939745 -4.521513 6.092201 -3.185657 5.779053 0.368103 3.039480 7.381757 3.335015 0.585771 -4.862851 -2.611554 1.597245 -2.307979 0.528245 -0.645720 -2.484238 2.012819 -0.342416 2.028140 2.440520 4.992714 -0.419134 -8.467958 4.769568 6.378113 -4.883600 3.294069 1.672578 3.881896 -5.076325 -5.911691 -2.423381 0.804847 0.937650 -0.817963 3.923575 -0.848471 1.583634 -0.374120 0.204095 -2.541816 
0.000000 0.000000 0.000000 0.000000 0.000000 0.000000 0.000000 0.000000 0.000000 0.000000 0.000000 0.000000 0.000000 0.000000 0.000000 0.000000 0.000000 0.000000 0.000000 0.000000 0.000000 0.000000 0.000000 0.000000 0.000000 0.000000 0.000000 0.000000 0.000000 0.000000 0.000000 0.000000 0.000000 0.000000 0.000000 0.000000 0.000000 0.000000 0.000000 0.000000 0.000000 -2.719080 -2.672485 -1.096685 -9.242563 -0.782693 -0.105343 -0.947858 -5.422082 -7.437967 8.853929 -0.160416 0.110742 -3.021395 1.939502 10.536769 3.642872 0.411005 4.095467 -5.030701 10.318906 -5.616095 8.846245 0.210713 4.719126 10.182997 2.440007 2.218173 -6.013638 -6.845677 0.936564 -7.190815 0.452058 -1.089384 -4.150229 -0.620654 -0.963428 -0.697329 8.118514 5.126096 0.414552 -18.395765 7.855510 14.832363 -11.457698 9.293572 4.852112 3.364014 -8.399614 -7.381567 -8.643649 -1.347798 0.048295 -2.466307 8.729473 4.828213 1.057858 2.459863 2.888070 -3.753255 
0.000000 0.000000 0.000000 0.000000 0.000000 0.000000 0.000000 0.000000 0.000000 0.000000 0.000000 0.000000 0.000000 0.000000 0.000000 0.000000 0.000000 0.000000 0.000000 0.000000 0.000000 0.000000 0.000000 0.000000 0.000000 0.000000 0.000000 0.000000 0.000000 0.000000 0.000000 0.000000 0.000000 0.000000 0.000000 0.000000 0.000000 0.000000 0.000000 0.000000 0.000000 0.000000 11.116757 -1.947528 39.775604 9.336966 -9.403813 8.237697 8.698907 32.263386 -39.075398 6.212689 1.475996 3.911427 -6.044262 -32.932829 -12.391853 5.842596 -16.579808 10.808921 -43.919822 21.776725 -32.947085 -10.025215 -32.907902 -36.040562 -19.748031 -12.047174 24.079695 27.809592 -13.735686 36.866389 -3.800481 -0.281262 11.227769 3.260358 8.757804 -4.505364 -28.882298 -27.266603 -6.129068 79.189117 -36.085207 -56.166545 44.112386 -40.498332 -15.476460 -15.769738 33.239085 29.816306 26.494647 0.036677 -0.211836 -3.477036 -46.772472 -9.359129 2.577736 -6.529372 -8.423703 21.481040 
0.000000 0.000000 0.000000 0.000000 0.000000 0.000000 0.000000 0.000000 0.000000 0.000000 0.000000 0.000000 0.000000 0.000000 0.000000 0.000000 0.000000 0.000000 0.000000 0.000000 0.000000 0.000000 0.000000 0.000000 0.000000 0.000000 0.000000 0.000000 0.000000 0.000000 0.000000 0.000000 0.000000 0.000000 0.000000 0.000000 0.000000 0.000000 0.000000 0.000000 0.000000 0.000000 0.000000 5.962284 -2.332506 -9.795581 2.058947 -4.736267 1.098494 -0.807374 8.265554 2.485167 -10.275224 -1.112136 1.012408 5.677630 0.645692 -3.275640 -10.556964 -3.290783 -1.023359 -13.818751 -1.298898 -0.345451 16.240066 2.806490 14.048187 -3.115447 2.814456 -5.302354 14.968560 -13.268574 -5.771699 2.312098 -8.394044 0.448251 -6.452501 10.718669 0.682959 3.169272 2.836028 -25.371707 -4.738591 12.426319 -3.222380 6.427253 7.072236 5.023958 -10.259375 -0.100142 4.426512 -3.226654 0.882389 10.356903 12.236295 8.115301 -3.406623 4.911564 5.053522 -0.117549 
0.000000 0.000000 0.000000 0.000000 0.000000 0.000000 0.000000 0.000000 0.000000 0.000000 0.000000 0.000000 0.000000 0.000000 0.000000 0.000000 0.000000 0.000000 0.000000 0.000000 0.000000 0.000000 0.000000 0.000000 0.000000 0.000000 0.000000 0.000000 0.000000 0.000000 0.000000 0.000000 0.000000 0.000000 0.000000 0.000000 0.000000 0.000000 0.000000 0.000000 0.000000 0.000000 0.000000 0.000000 0.052054 -5.931030 -9.148956 -6.893946 -6.658628 1.832893 2.410061 1.809738 -14.736271 -5.343451 -0.093312 6.993350 -8.623414 5.170163 -13.989224 -10.889897 -8.882269 -4.773313 1.475911 -6.096219 -4.694489 5.752198 10.734998 -16.322299 12.422195 -0.305228 9.901709 -1.702848 -0.074852 4.815592 -5.211646 15.013742 -1.466282 8.416820 -2.793285 0.165361 1.515582 -16.632667 -15.175027 3.126549 2.418034 1.379047 4.208569 7.308297 -4.583751 -3.912260 -1.202948 1.791442 9.788055 -3.119043 2.311186 8.269131 8.487221 7.605096 6.685672 8.670113 
0.000000 0.000000 0.000000 0.000000 0.000000 0.000000 0.000000 0.000000 0.000000 0.000000 0.000000 0.000000 0.000000 0.000000 0.000000 0.000000 0.000000 0.000000 0.000000 0.000000 0.000000 0.000000 0.000000 0.000000 0.000000 0.000000 0.000000 0.000000 0.000000 0.000000 0.000000 0.000000 0.000000 0.000000 0.000000 0.000000 0.000000 0.000000 0.000000 0.000000 0.000000 0.000000 0.000000 0.000000 0.000000 552.383329 824.257993 625.856907 598.900317 -160.319437 -239.399472 -173.271201 1345.098601 486.245182 4.349441 -643.410782 777.912267 -457.998276 1268.233862 988.917939 802.807335 452.765001 -131.468026 555.575665 395.074165 -526.253521 -983.387311 1468.613324 -1109.468897 35.379141 -905.862271 181.773024 18.515732 -423.653357 485.954137 -1346.801692 148.238279 -776.010548 250.199306 -17.914917 -140.759910 1534.892315 1371.303205 -305.779427 -212.043392 -133.482630 -396.763503 -666.467230 432.205310 356.309046 106.784149 -150.376201 -882.304560 268.555937 -226.906496 -755.192864 -758.389036 -693.425178 -610.617579 -773.411834 
0.000000 0.000000 0.000000 0.000000 0.000000 0.000000 0.000000 0.000000 0.000000 0.000000 0.000000 0.000000 0.000000 0.000000 0.000000 0.000000 0.000000 0.000000 0.000000 0.000000 0.000000 0.000000 0.000000 0.000000 0.000000 0.000000 0.000000 0.000000 0.000000 0.000000 0.000000 0.000000 0.000000 0.000000 0.000000 0.000000 0.000000 0.000000 0.000000 0.000000 0.000000 0.000000 0.000000 0.000000 0.000000 0.000000 -61.430498 -38.712907 -46.077994 13.968379 -27.030055 -10.049459 -61.062574 -21.558713 -9.820664 19.555509 -53.982284 42.792474 -65.527535 -59.301327 -41.282643 11.684124 20.652536 -24.462602 -86.700153 29.729677 39.011260 -103.164223 94.345852 6.533608 43.621975 44.495733 22.981503 52.063471 0.235282 107.843518 23.522277 17.680121 -16.299931 3.713761 2.213941 -47.656417 -80.331005 -24.653766 17.142066 -7.401015 -11.851513 32.867407 3.685611 -22.041046 -14.295648 37.798208 63.915365 -43.696423 -19.689584 31.107885 66.980279 30.953552 25.975079 67.606873 
0.000000 0.000000 0.000000 0.000000 0.000000 0.000000 0.000000 0.000000 0.000000 0.000000 0.000000 0.000000 0.000000 0.000000 0.000000 0.000000 0.000000 0.000000 0.000000 0.000000 0.000000 0.000000 0.000000 0.000000 0.000000 0.000000 0.000000 0.000000 0.000000 0.000000 0.000000 0.000000 0.000000 0.000000 0.000000 0.000000 0.000000 0.000000 0.000000 0.000000 0.000000 0.000000 0.000000 0.000000 0.000000 0.000000 0.000000 1.757832 4.724103 1.516414 3.099769 -1.366465 0.107891 0.698334 -0.599038 -3.792442 -1.306872 -11.165443 3.351205 2.401138 0.540120 -1.733618 -2.469221 1.563701 6.956418 -0.064681 -2.262077 3.651536 -9.236080 2.686005 -3.417530 2.432720 -2.124781 -5.421233 2.794507 -2.524545 -3.240350 -2.026975 -2.015566 2.534904 -1.356080 11.489326 1.358038 -0.515519 3.960738 -3.743087 4.506848 -2.242012 -2.552441 -1.586813 1.970663 -1.181689 -8.158277 2.583921 -1.157495 -4.325217 -2.267876 -4.724499 -3.098019 -2.310059 
0.000000 0.000000 0.000000 0.000000 0.000000 0.000000 0.000000 0.000000 0.000000 0.000000 0.000000 0.000000 0.000000 0.000000 0.000000 0.000000 0.000000 0.000000 0.000000 0.000000 0.000000 0.000000 0.000000 0.000000 0.000000 0.000000 0.000000 0.000000 0.000000 0.000000 0.000000 0.000000 0.000000 0.000000 0.000000 0.000000 0.000000 0.000000 0.000000 0.000000 0.000000 0.000000 0.000000 0.000000 0.000000 0.000000 0.000000 0.000000 -23.468619 -8.276034 0.022212 9.143369 4.206700 -14.586426 6.971704 27.750755 10.389214 42.336262 -14.957209 -9.414857 0.378567 1.386395 8.814281 -12.785982 -19.976364 1.474809 7.239948 -15.584988 30.520547 -11.873095 2.001442 -20.000708 2.598494 14.674349 -20.015245 4.691187 5.168734 7.779389 15.915453 -15.802025 0.688865 -45.149399 -1.050305 11.830838 -22.756519 26.347694 -2.706160 8.024292 -0.748092 6.737109 -12.796180 -4.966925 27.639230 -10.634041 9.024509 24.550982 9.299369 21.308904 20.179702 3.703827 
0.000000 0.000000 0.000000 0.000000 0.000000 0.000000 0.000000 0.000000 0.000000 0.000000 0.000000 0.000000 0.000000 0.000000 0.000000 0.000000 0.000000 0.000000 0.000000 0.000000 0.000000 0.000000 0.000000 0.000000 0.000000 0.000000 0.000000 0.000000 0.000000 0.000000 0.000000 0.000000 0.000000 0.000000 0.000000 0.000000 0.000000 0.000000 0.000000 0.000000 0.000000 0.000000 0.000000 0.000000 0.000000 0.000000 0.000000 0.000000 0.000000 -0.712815 2.019516 0.649562 -1.831516 -7.364200 1.922304 6.034290 1.572608 -9.097690 0.094909 -1.168435 -0.931327 -4.625360 -0.795099 -4.570743 2.680905 -0.506354 -0.434496 -2.922444 -2.255099 0.514826 -2.626852 1.000384 -6.077451 -3.829766 -0.658291 2.639946 -5.589476 -1.455576 -0.848965 0.454565 -2.050181 5.893947 -1.232349 -3.573602 -0.108160 3.789425 6.707397 0.073941 -5.351431 -0.909277 0.584762 -3.932680 -3.035657 1.285537 -1.532376 3.854781 -0.442863 -5.288912 5.471470 -1.192063 
0.000000 0.000000 0.000000 0.000000 0.000000 0.000000 0.000000 0.000000 0.000000 0.000000 0.000000 0.000000 0.000000 0.000000 0.000000 0.000000 0.000000 0.000000 0.000000 0.000000 0.000000 0.000000 0.000000 0.000000 0.000000 0.000000 0.000000 0.000000 0.000000 0.000000 0.000000 0.000000 0.000000 0.000000 0.000000 0.000000 0.000000 0.000000 0.000000 0.000000 0.000000 0.000000 0.000000 0.000000 0.000000 0.000000 0.000000 0.000000 0.000000 0.000000 14.723571 -1.132725 -5.991984 -27.808990 7.890107 23.257809 -0.074887 -34.635957 -0.420678 -6.613819 -4.712291 -16.844226 -3.592030 -16.114653 10.348916 1.853399 -4.017186 -15.228168 -17.204154 5.692198 -14.404253 2.787201 -20.637097 -17.820253 -1.328704 15.510480 -22.533975 -10.436567 -3.761651 3.388759 -8.094109 27.378930 -10.656797 -6.299893 2.082035 12.877827 31.215334 4.892692 -21.772241 -6.089441 1.573556 -11.220005 -16.957657 1.544540 -2.551369 11.924021 3.478465 -18.755573 18.660002 -3.725762 
0.000000 0.000000 0.000000 0.000000 0.000000 0.000000 0.000000 0.000000 0.000000 0.000000 0.000000 0.000000 0.000000 0.000000 0.000000 0.000000 0.000000 0.000000 0.000000 0.000000 0.000000 0.000000 0.000000 0.000000 0.000000 0.000000 0.000000 0.000000 0.000000 0.000000 0.000000 0.000000 0.000000 0.000000 0.000000 0.000000 0.000000 0.000000 0.000000 0.000000 0.000000 0.000000 0.000000 0.000000 0.000000 0.000000 0.000000 0.000000 0.000000 0.000000 0.000000 12.012629 -3.024114 2.034396 -3.823111 -3.443278 4.023021 -15.426444 6.072949 3.733285 2.132464 -12.183352 -6.591332 -1.429094 5.274300 1.771830 0.048008 14.662984 -5.484541 -7.541837 -0.518524 -3.161582 -11.847745 -5.058278 1.215334 -14.749589 -4.181722 7.228272 -0.978070 -4.135314 -5.082890 3.929885 5.624351 -16.852486 -5.796115 -13.036585 -4.216592 -11.727900 -7.266696 2.209618 6.549493 -11.048312 -2.783191 12.713953 -4.627748 -1.184369 -11.385633 -5.982076 4.140948 -13.038375 
0.000000 0.000000 0.000000 0.000000 0.000000 0.000000 0.000000 0.000000 0.000000 0.000000 0.000000 0.000000 0.000000 0.000000 0.000000 0.000000 0.000000 0.000000 0.000000 0.000000 0.000000 0.000000 0.000000 0.000000 0.000000 0.000000 0.000000 0.000000 0.000000 0.000000 0.000000 0.000000 0.000000 0.000000 0.000000 0.000000 0.000000 0.000000 0.000000 0.000000 0.000000 0.000000 0.000000 0.000000 0.000000 0.000000 0.000000 0.000000 0.000000 0.000000 0.000000 0.000000 -5.145306 2.070420 -2.964248 -3.370828 -3.333021 -16.164449 1.606956 1.131547 1.354820 -6.352375 -4.530968 1.151756 6.696244 3.639747 2.564402 -0.107108 0.683819 -1.302343 2.409165 4.212992 -4.644194 -4.119028 4.631194 -2.552408 -7.872810 2.710110 -3.791762 3.660492 -5.393368 8.331325 2.785845 -6.210846 1.837551 -4.193925 0.619724 -4.248983 -6.443108 -0.551817 6.113987 -5.018274 -2.059582 6.556201 -1.544045 -0.314409 -7.639397 -4.949275 -3.006611 1.889670 
0.000000 0.000000 0.000000 0.000000 0.000000 0.000000 0.000000 0.000000 0.000000 0.000000 0.000000 0.000000 0.000000 0.000000 0.000000 0.000000 0.000000 0.000000 0.000000 0.000000 0.000000 0.000000 0.000000 0.000000 0.000000 0.000000 0.000000 0.000000 0.000000 0.000000 0.000000 0.000000 0.000000 0.000000 0.000000 0.000000 0.000000 0.000000 0.000000 0.000000 0.000000 0.000000 0.000000 0.000000 0.000000 0.000000 0.000000 0.000000 0.000000 0.000000 0.000000 0.000000 0.000000 31.910627 -8.003267 -24.516632 -10.237205 2.554195 9.882260 5.412331 7.983070 -0.430224 -3.487075 15.229217 4.856996 10.708810 0.153604 18.580503 -4.548873 -6.642778 11.200359 -2.329117 10.644835 -6.170401 8.336697 -22.224335 6.567704 7.777368 4.229954 2.780212 -6.630459 -7.269329 10.265541 6.849606 -2.801496 -20.573857 -18.501432 -5.849188 3.847136 1.900795 9.773566 3.999397 3.618248 11.433068 4.723309 -16.181057 -15.719720 7.890004 -24.754445 0.745806 
0.000000 0.000000 0.000000 0.000000 0.000000 0.000000 0.000000 0.000000 0.000000 0.000000 0.000000 0.000000 0.000000 0.000000 0.000000 0.000000 0.000000 0.000000 0.000000 0.000000 0.000000 0.000000 0.000000 0.000000 0.000000 0.000000 0.000000 0.000000 0.000000 0.000000 0.000000 0.000000 0.000000 0.000000 0.000000 0.000000 0.000000 0.000000 0.000000 0.000000 0.000000 0.000000 0.000000 0.000000 0.000000 0.000000 0.000000 0.000000 0.000000 0.000000 0.000000 0.000000 0.000000 0.000000 -5.980911 -10.416931 -2.417503 25.794251 -15.623731 6.596330 0.444051 19.648814 2.630207 10.220132 -2.199983 -6.362004 15.332650 -1.977801 22.221120 3.807410 0.454829 -1.943839 16.244153 24.764331 -11.133739 5.569301 13.920913 12.814493 0.501309 -3.018110 10.707845 -20.111756 1.518167 16.693722 7.091000 4.303641 -4.107532 2.360640 16.364508 -0.416286 -11.418557 7.291460 9.760390 -7.596863 7.866522 -1.989848 12.338657 13.595366 -8.198391 7.136756 
0.000000 0.000000 0.000000 0.000000 0.000000 0.000000 0.000000 0.000000 0.000000 0.000000 0.000000 0.000000 0.000000 0.000000 0.000000 0.000000 0.000000 0.000000 0.000000 0.000000 0.000000 0.000000 0.000000 0.000000 0.000000 0.000000 0.000000 0.000000 0.000000 0.000000 0.000000 0.000000 0.000000 0.000000 0.000000 0.000000 0.000000 0.000000 0.000000 0.000000 0.000000 0.000000 0.000000 0.000000 0.000000 0.000000 0.000000 0.000000 0.000000 0.000000 0.000000 0.000000 0.000000 0.000000 0.000000 -2.318902 6.199334 -16.144030 -0.705462 0.365796 3.393196 -5.721080 -1.348734 0.407419 3.934578 1.493955 6.807114 6.216429 -2.014358 -5.341553 4.006340 7.140457 -5.989712 0.372295 1.640720 -4.646436 2.384635 1.462788 -1.710578 2.812020 -4.125910 3.092507 5.166943 -15.946368 -3.319368 3.314978 -0.605032 -7.697585 -9.362714 -3.160401 1.627755 -4.558639 -6.531430 9.837061 -7.192540 0.995318 -3.804732 -11.650625 7.449589 -4.390070 
0.000000 0.000000 0.000000 0.000000 0.000000 0.000000 0.000000 0.000000 0.000000 0.000000 0.000000 0.000000 0.000000 0.000000 0.000000 0.000000 0.000000 0.000000 0.000000 0.000000 0.000000 0.000000 0.000000 0.000000 0.000000 0.000000 0.000000 0.000000 0.000000 0.000000 0.000000 0.000000 0.000000 0.000000 0.000000 0.000000 0.000000 0.000000 0.000000 0.000000 0.000000 0.000000 0.000000 0.000000 0.000000 0.000000 0.000000 0.000000 0.000000 0.000000 0.000000 0.000000 0.000000 0.000000 0.000000 0.000000 18.491614 -34.071033 1.273095 3.627267 7.929682 -15.068133 -2.004505 -2.054210 9.494839 3.203885 13.543603 14.374506 -3.426564 -14.520007 11.533027 14.382144 -16.931469 -0.635401 3.336769 -13.980483 4.963164 3.625990 -0.976792 2.862174 -9.465650 1.493555 14.202685 -34.779441 -11.625734 9.667142 -2.633566 -18.939760 -22.537140 -2.035602 5.015384 -14.513088 -10.953322 25.597935 -17.453463 5.907236 -12.323523 -22.821183 21.449180 -10.385062 
0.000000 0.000000 0.000000 0.000000 0.000000 0.000000 0.000000 0.000000 0.000000 0.000000 0.000000 0.000000 0.000000 0.000000 0.000000 0.000000 0.000000 0.000000 0.000000 0.000000 0.000000 0.000000 0.000000 0.000000 0.000000 0.000000 0.000000 0.000000 0.000000 0.000000 0.000000 0.000000 0.000000 0.000000 0.000000 0.000000 0.000000 0.000000 0.000000 0.000000 0.000000 0.000000 0.000000 0.000000 0.000000 0.000000 0.000000 0.000000 0.000000 0.000000 0.000000 0.000000 0.000000 0.000000 0.000000 0.000000 0.000000 -52.780387 15.971632 -7.792658 0.787569 -26.894757 -8.099738 -4.980679 11.181108 8.317209 -11.501875 9.064381 -30.617883 -5.779083 -4.693976 12.924780 -20.586229 -27.217231 19.959642 -9.002847 -13.301007 -14.404813 -1.710729 5.881938 -21.920266 44.439207 -1.089453 -40.988746 -1.494397 -11.096438 11.008212 -9.237059 -23.573474 -11.830774 13.768722 -10.712464 -27.055011 14.922170 -11.191511 -3.625222 -19.725982 -35.195088 2.749852 -14.243605 
0.000000 0.000000 0.000000 0.000000 0.000000 0.000000 0.000000 0.000000 0.000000 0.000000 0.000000 0.000000 0.000000 0.000000 0.000000 0.000000 0.000000 0.000000 0.000000 0.000000 0.000000 0.000000 0.000000 0.000000 0.000000 0.000000 0.000000 0.000000 0.000000 0.000000 0.000000 0.000000 0.000000 0.000000 0.000000 0.000000 0.000000 0.000000 0.000000 0.000000 0.000000 0.000000 0.000000 0.000000 0.000000 0.000000 0.000000 0.000000 0.000000 0.000000 0.000000 0.000000 0.000000 0.000000 0.000000 0.000000 0.000000 0.000000 1.828427 1.943919 -1.280476 1.096763 0.529562 -2.106329 2.822039 -3.535243 -1.712171 -2.306154 2.429350 0.291795 1.423017 2.608214 -2.252504 0.947368 1.335654 0.852683 -5.441505 -4.805653 -1.529938 1.483876 3.289609 1.603178 0.134933 0.361679 2.252947 1.312904 2.032699 2.226261 3.597926 5.697495 -1.446165 3.799284 3.167738 -5.544241 0.746433 3.702653 -1.131343 7.169426 -3.094071 2.973809 
0.000000 0.000000 0.000000 0.000000 0.000000 0.000000 0.000000 0.000000 0.000000 0.000000 0.000000 0.000000 0.000000 0.000000 0.000000 0.000000 0.000000 0.000000 0.000000 0.000000 0.000000 0.000000 0.000000 0.000000 0.000000 0.000000 0.000000 0.000000 0.000000 0.000000 0.000000 0.000000 0.000000 0.000000 0.000000 0.000000 0.000000 0.000000 0.000000 0.000000 0.000000 0.000000 0.000000 0.000000 0.000000 0.000000 0.000000 0.000000 0.000000 0.000000 0.000000 0.000000 0.000000 0.000000 0.000000 0.000000 0.000000 0.000000 0.000000 -13.463191 4.240114 -3.830008 2.821079 3.389041 -15.269707 18.801733 1.728658 14.002627 -20.768010 0.618027 -6.983967 -10.931089 4.858982 -11.374247 -4.396860 -0.101356 28.098693 18.644803 4.593248 -9.429021 -11.294838 -4.983909 -1.676748 2.874062 -8.990496 -11.696580 -9.820933 -5.119983 -12.600340 -24.917797 5.398251 -12.081509 -13.850100 21.625691 -5.288200 -15.902269 7.390198 -30.903939 17.213758 -16.453888 
0.000000 0.000000 0.000000 0.000000 0.000000 0.000000 0.000000 0.000000 0.000000 0.000000 0.000000 0.000000 0.000000 0.000000 0.000000 0.000000 0.000000 0.000000 0.000000 0.000000 0.000000 0.000000 0.000000 0.000000 0.000000 0.000000 0.000000 0.000000 0.000000 0.000000 0.000000 0.000000 0.000000 0.000000 0.000000 0.000000 0.000000 0.000000 0.000000 0.000000 0.000000 0.000000 0.000000 0.000000 0.000000 0.000000 0.000000 0.000000 0.000000 0.000000 0.000000 0.000000 0.000000 0.000000 0.000000 0.000000 0.000000 0.000000 0.000000 0.000000 9.535146 2.621820 0.212081 -2.496381 -12.897664 9.848274 9.877686 6.348797 1.028703 -3.136007 3.527857 -5.052409 -1.817479 7.098131 -5.010868 1.208945 5.833009 7.964489 -5.239894 -1.926595 4.705889 -13.891035 11.746725 4.540571 -10.549398 1.251370 -12.892152 -5.211332 -7.934899 1.908671 1.647949 0.426873 7.157027 6.953538 -5.873391 -1.973340 10.984406 1.553048 15.346851 -4.046268 
0.000000 0.000000 0.000000 0.000000 0.000000 0.000000 0.000000 0.000000 0.000000 0.000000 0.000000 0.000000 0.000000 0.000000 0.000000 0.000000 0.000000 0.000000 0.000000 0.000000 0.000000 0.000000 0.000000 0.000000 0.000000 0.000000 0.000000 0.000000 0.000000 0.000000 0.000000 0.000000 0.000000 0.000000 0.000000 0.000000 0.000000 0.000000 0.000000 0.000000 0.000000 0.000000 0.000000 0.000000 0.000000 0.000000 0.000000 0.000000 0.000000 0.000000 0.000000 0.000000 0.000000 0.000000 0.000000 0.000000 0.000000 0.000000 0.000000 0.000000 0.000000 0.063633 0.411908 1.403309 12.473159 -7.748073 -2.979371 5.272478 -4.371932 -0.314994 -3.944262 -0.771576 2.809500 -6.610042 -2.169639 -6.829981 2.110642 0.430495 4.931566 -3.309828 -2.199362 1.209755 -4.492792 1.410110 2.439478 -0.169725 3.696388 4.275301 4.857558 -4.948064 2.061984 -2.956056 -1.837417 2.286748 6.375382 -1.383334 -6.949206 -3.003542 -14.170909 -2.284729 
0.000000 0.000000 0.000000 0.000000 0.000000 0.000000 0.000000 0.000000 0.000000 0.000000 0.000000 0.000000 0.000000 0.000000 0.000000 0.000000 0.000000 0.000000 0.000000 0.000000 0.000000 0.000000 0.000000 0.000000 0.000000 0.000000 0.000000 0.000000 0.000000 0.000000 0.000000 0.000000 0.000000 0.000000 0.000000 0.000000 0.000000 0.000000 0.000000 0.000000 0.000000 0.000000 0.000000 0.000000 0.000000 0.000000 0.000000 0.000000 0.000000 0.000000 0.000000 0.000000 0.000000 0.000000 0.000000 0.000000 0.000000 0.000000 0.000000 0.000000 0.000000 0.000000 7.054545 10.049490 114.768323 -70.217863 -20.868180 47.638039 -35.989662 -5.922202 -29.348462 -5.178728 21.544236 -55.986618 -19.682664 -61.433749 20.655130 6.286774 39.725802 -32.629878 -15.049672 7.677609 -33.362653 8.627583 22.166240 4.965591 32.323337 37.620181 45.137999 -45.714610 14.719620 -23.463502 -11.404845 16.642871 54.617691 -5.791962 -62.052369 -24.308038 -120.153319 -21.348267 
0.000000 0.000000 0.000000 0.000000 0.000000 0.000000 0.000000 0.000000 0.000000 0.000000 0.000000 0.000000 0.000000 0.000000 0.000000 0.000000 0.000000 0.000000 0.000000 0.000000 0.000000 0.000000 0.000000 0.000000 0.000000 0.000000 0.000000 0.000000 0.000000 0.000000 0.000000 0.000000 0.000000 0.000000 0.000000 0.000000 0.000000 0.000000 0.000000 0.000000 0.000000 0.000000 0.000000 0.000000 0.000000 0.000000 0.000000 0.000000 0.000000 0.000000 0.000000 0.000000 0.000000 0.000000 0.000000 0.000000 0.000000 0.000000 0.000000 0.000000 0.000000 0.000000 0.000000 48.477344 308.445803 -192.764155 -94.967743 140.835787 -123.394925 -0.917309 -126.113163 -26.875991 84.947947 -184.594860 -49.757904 -183.320244 60.805573 13.750680 148.348306 -84.392410 -84.902159 50.008489 -132.322548 24.732695 61.185851 -26.721027 95.244836 108.205355 117.877152 -137.698570 68.528705 -96.318070 -63.193929 79.538782 166.983314 -63.496789 -187.924751 -104.074231 -380.824333 -64.332612 
0.000000 0.000000 0.000000 0.000000 0.000000 0.000000 0.000000 0.000000 0.000000 0.000000 0.000000 0.000000 0.000000 0.000000 0.000000 0.000000 0.000000 0.000000 0.000000 0.000000 0.000000 0.000000 0.000000 0.000000 0.000000 0.000000 0.000000 0.000000 0.000000 0.000000 0.000000 0.000000 0.000000 0.000000 0.000000 0.000000 0.000000 0.000000 0.000000 0.000000 0.000000 0.000000 0.000000 0.000000 0.000000 0.000000 0.000000 0.000000 0.000000 0.000000 0.000000 0.000000 0.000000 0.000000 0.000000 0.000000 0.000000 0.000000 0.000000 0.000000 0.000000 0.000000 0.000000 0.000000 6.960028 -3.925689 -4.456278 -8.547632 -7.503519 0.023399 -1.057353 5.674037 1.130876 -2.184990 -6.475879 15.054034 -12.091909 -13.646579 -7.909275 7.479013 12.837257 -4.463307 -18.057208 43.360445 0.769088 -5.687120 3.971989 7.200833 4.097516 12.199913 -5.578050 13.970748 -7.424253 -11.510497 14.075139 6.807012 15.660177 27.282731 -16.137485 12.088800 
0.000000 0.000000 0.000000 0.000000 0.000000 0.000000 0.000000 0.000000 0.000000 0.000000 0.000000 0.000000 0.000000 0.000000 0.000000 0.000000 0.000000 0.000000 0.000000 0.000000 0.000000 0.000000 0.000000 0.000000 0.000000 0.000000 0.000000 0.000000 0.000000 0.000000 0.000000 0.000000 0.000000 0.000000 0.000000 0.000000 0.000000 0.000000 0.000000 0.000000 0.000000 0.000000 0.000000 0.000000 0.000000 0.000000 0.000000 0.000000 0.000000 0.000000 0.000000 0.000000 0.000000 0.000000 0.000000 0.000000 0.000000 0.000000 0.000000 0.000000 0.000000 0.000000 0.000000 0.000000 0.000000 0.134779 -6.420583 -34.601568 -4.169209 -0.029733 10.233783 12.174009 2.151830 12.328909 -14.669266 45.435839 -35.836881 -33.466600 -20.947033 29.169318 31.684278 -18.126669 -32.588678 106.435703 -1.867124 -6.389305 9.870058 11.041643 0.441487 43.430018 -16.336811 36.937873 -17.533193 -28.815803 23.312882 21.539903 42.253088 71.862730 -16.892475 33.264019 
0.000000 0.000000 0.000000 0.000000 0.000000 0.000000 0.000000 0.000000 0.000000 0.000000 0.000000 0.000000 0.000000 0.000000 0.000000 0.000000 0.000000 0.000000 0.000000 0.000000 0.000000 0.000000 0.000000 0.000000 0.000000 0.000000 0.000000 0.000000 0.000000 0.000000 0.000000 0.000000 0.000000 0.000000 0.000000 0.000000 0.000000 0.000000 0.000000 0.000000 0.000000 0.000000 0.000000 0.000000 0.000000 0.000000 0.000000 0.000000 0.000000 0.000000 0.000000 0.000000 0.000000 0.000000 0.000000 0.000000 0.000000 0.000000 0.000000 0.000000 0.000000 0.000000 0.000000 0.000000 0.000000 0.000000 -126.251531 -703.808741 -74.417890 -3.895535 213.238492 245.178758 43.466627 257.456086 -295.235452 917.543707 -731.280329 -677.066544 -423.425616 589.831392 639.789295 -368.095229 -650.587803 2142.511581 -39.551611 -118.920380 201.230001 223.592707 10.945308 883.485293 -332.381549 746.852383 -349.517509 -584.273420 468.359948 440.203323 849.124295 1456.152035 -338.350099 670.852090 
0.000000 0.000000 0.000000 0.000000 0.000000 0.000000 0.000000 0.000000 0.000000 0.000000 0.000000 0.000000 0.000000 0.000000 0.000000 0.000000 0.000000 0.000000 0.000000 0.000000 0.000000 0.000000 0.000000 0.000000 0.000000 0.000000 0.000000 0.000000 0.000000 0.000000 0.000000 0.000000 0.000000 0.000000 0.000000 0.000000 0.000000 0.000000 0.000000 0.000000 0.000000 0.000000 0.000000 0.000000 0.000000 0.000000 0.000000 0.000000 0.000000 0.000000 0.000000 0.000000 0.000000 0.000000 0.000000 0.000000 0.000000 0.000000 0.000000 0.000000 0.000000 0.000000 0.000000 0.000000 0.000000 0.000000 0.000000 -15.177915 8.645138 -6.187628 3.763073 7.795605 -0.645320 2.937239 1.619924 11.726002 -14.112318 -12.249070 -4.160770 0.152377 4.316004 2.969205 -3.571638 17.901317 -3.753123 5.705692 4.930261 2.681264 6.212317 11.308357 -11.486696 10.463875 2.039274 -14.673753 4.540003 15.038319 7.946794 25.228292 -2.570110 10.974931 
0.000000 0.000000 0.000000 0.000000 0.000000 0.000000 0.000000 0.000000 0.000000 0.000000 0.000000 0.000000 0.000000 0.000000 0.000000 0.000000 0.000000 0.000000 0.000000 0.000000 0.000000 0.000000 0.000000 0.000000 0.000000 0.000000 0.000000 0.000000 0.000000 0.000000 0.000000 0.000000 0.000000 0.000000 0.000000 0.000000 0.000000 0.000000 0.000000 0.000000 0.000000 0.000000 0.000000 0.000000 0.000000 0.000000 0.000000 0.000000 0.000000 0.000000 0.000000 0.000000 0.000000 0.000000 0.000000 0.000000 0.000000 0.000000 0.000000 0.000000 0.000000 0.000000 0.000000 0.000000 0.000000 0.000000 0.000000 0.000000 34.202678 -12.800632 -2.155301 0.085081 1.945372 -10.686786 23.821249 -37.533466 13.607402 6.193149 33.253868 -32.239039 -40.740592 28.252670 30.893253 -83.111568 -14.633189 25.612330 8.175304 -10.249157 12.183344 -24.796968 -4.741259 -25.990603 18.712465 5.298603 -17.758077 10.662693 -42.078495 -34.280307 17.031727 -13.011118 
0.000000 0.000000 0.000000 0.000000 0.000000 0.000000 0.000000 0.000000 0.000000 0.000000 0.000000 0.000000 0.000000 0.000000 0.000000 0.000000 0.000000 0.000000 0.000000 0.000000 0.000000 0.000000 0.000000 0.000000 0.000000 0.000000 0.000000 0.000000 0.000000 0.000000 0.000000 0.000000 0.000000 0.000000 0.000000 0.000000 0.000000 0.000000 0.000000 0.000000 0.000000 0.000000 0.000000 0.000000 0.000000 0.000000 0.000000 0.000000 0.000000 0.000000 0.000000 0.000000 0.000000 0.000000 0.000000 0.000000 0.000000 0.000000 0.000000 0.000000 0.000000 0.000000 0.000000 0.000000 0.000000 0.000000 0.000000 0.000000 0.000000 12.267651 16.196026 -19.548094 7.852475 17.384284 -17.420833 -7.613814 2.924685 14.511685 11.358056 16.878049 6.029528 -31.162008 11.182745 23.927015 3.166623 3.187481 5.950731 -7.755195 -19.321725 14.170385 11.146526 -6.744773 -13.738063 21.043422 -3.941283 -10.110312 -8.256178 -8.667141 10.999707 -8.578723 
0.000000 0.000000 0.000000 0.000000 0.000000 0.000000 0.000000 0.000000 0.000000 0.000000 0.000000 0.000000 0.000000 0.000000 0.000000 0.000000 0.000000 0.000000 0.000000 0.000000 0.000000 0.000000 0.000000 0.000000 0.000000 0.000000 0.000000 0.000000 0.000000 0.000000 0.000000 0.000000 0.000000 0.000000 0.000000 0.000000 0.000000 0.000000 0.000000 0.000000 0.000000 0.000000 0.000000 0.000000 0.000000 0.000000 0.000000 0.000000 0.000000 0.000000 0.000000 0.000000 0.000000 0.000000 0.000000 0.000000 0.000000 0.000000 0.000000 0.000000 0.000000 0.000000 0.000000 0.000000 0.000000 0.000000 0.000000 0.000000 0.000000 0.000000 -0.580492 4.652731 -0.639273 10.482755 -0.205083 5.394773 -1.707687 -5.705417 -1.723920 4.612585 6.508668 4.100800 2.407456 3.261335 8.176529 0.231323 7.011927 -3.864131 -2.140441 1.044114 -8.056310 4.704216 -5.407462 -7.938987 -0.304236 4.578681 1.688441 2.736854 -1.653465 1.013790 
0.000000 0.000000 0.000000 0.000000 0.000000 0.000000 0.000000 0.000000 0.000000 0.000000 0.000000 0.000000 0.000000 0.000000 0.000000 0.000000 0.000000 0.000000 0.000000 0.000000 0.000000 0.000000 0.000000 0.000000 0.000000 0.000000 0.000000 0.000000 0.000000 0.000000 0.000000 0.000000 0.000000 0.000000 0.000000 0.000000 0.000000 0.000000 0.000000 0.000000 0.000000 0.000000 0.000000 0.000000 0.000000 0.000000 0.000000 0.000000 0.000000 0.000000 0.000000 0.000000 0.000000 0.000000 0.000000 0.000000 0.000000 0.000000 0.000000 0.000000 0.000000 0.000000 0.000000 0.000000 0.000000 0.000000 0.000000 0.000000 0.000000 0.000000 0.000000 -10.549363 -1.348546 -50.189701 8.180326 -22.212227 10.988624 19.461525 2.212797 -23.883590 -31.406004 -9.640435 -13.544849 -23.460513 -34.602678 -3.711222 -34.009453 15.637531 11.204528 -8.409976 33.336445 -18.743167 28.861158 29.450780 -1.982472 -14.054178 -7.297780 -11.389248 9.097309 5.089725 
0.000000 0.000000 0.000000 0.000000 0.000000 0.000000 0.000000 0.000000 0.000000 0.000000 0.000000 0.000000 0.000000 0.000000 0.000000 0.000000 0.000000 0.000000 0.000000 0.000000 0.000000 0.000000 0.000000 0.000000 0.000000 0.000000 0.000000 0.000000 0.000000 0.000000 0.000000 0.000000 0.000000 0.000000 0.000000 0.000000 0.000000 0.000000 0.000000 0.000000 0.000000 0.000000 0.000000 0.000000 0.000000 0.000000 0.000000 0.000000 0.000000 0.000000 0.000000 0.000000 0.000000 0.000000 0.000000 0.000000 0.000000 0.000000 0.000000 0.000000 0.000000 0.000000 0.000000 0.000000 0.000000 0.000000 0.000000 0.000000 0.000000 0.000000 0.000000 0.000000 -13.355985 -115.069883 27.774222 -45.369672 34.115567 40.773667 -4.728838 -59.574609 -68.059180 -19.541756 -32.929708 -71.835858 -69.191911 -23.135215 -86.463849 29.973980 26.079437 -19.062562 71.354215 -34.017391 81.667390 54.413583 -18.158030 -22.423454 -17.508513 -10.125001 26.655466 33.658990 
0.000000 0.000000 0.000000 0.000000 0.000000 0.000000 0.000000 0.000000 0.000000 0.000000 0.000000 0.000000 0.000000 0.000000 0.000000 0.000000 0.000000 0.000000 0.000000 0.000000 0.000000 0.000000 0.000000 0.000000 0.000000 0.000000 0.000000 0.000000 0.000000 0.000000 0.000000 0.000000 0.000000 0.000000 0.000000 0.000000 0.000000 0.000000 0.000000 0.000000 0.000000 0.000000 0.000000 0.000000 0.000000 0.000000 0.000000 0.000000 0.000000 0.000000 0.000000 0.000000 0.000000 0.000000 0.000000 0.000000 0.000000 0.000000 0.000000 0.000000 0.000000 0.000000 0.000000 0.000000 0.000000 0.000000 0.000000 0.000000 0.000000 0.000000 0.000000 0.000000 0.000000 -2.793590 -3.523860 2.137542 2.789804 4.042651 -2.436137 2.879896 7.438969 -19.737466 -3.305092 10.370820 -4.157958 -11.014596 -11.351804 2.420106 2.570258 2.102871 3.686639 11.202216 9.552204 -4.952158 1.743648 -9.322078 9.789107 19.520661 0.714864 8.371775 
0.000000 0.000000 0.000000 0.000000 0.000000 0.000000 0.000000 0.000000 0.000000 0.000000 0.000000 0.000000 0.000000 0.000000 0.000000 0.000000 0.000000 0.000000 0.000000 0.000000 0.000000 0.000000 0.000000 0.000000 0.000000 0.000000 0.000000 0.000000 0.000000 0.000000 0.000000 0.000000 0.000000 0.000000 0.000000 0.000000 0.000000 0.000000 0.000000 0.000000 0.000000 0.000000 0.000000 0.000000 0.000000 0.000000 0.000000 0.000000 0.000000 0.000000 0.000000 0.000000 0.000000 0.000000 0.000000 0.000000 0.000000 0.000000 0.000000 0.000000 0.000000 0.000000 0.000000 0.000000 0.000000 0.000000 0.000000 0.000000 0.000000 0.000000 0.000000 0.000000 0.000000 0.000000 5.601348 -3.916227 5.262767 -14.734233 2.540349 2.625868 -13.137072 29.327985 -1.822218 0.828664 4.090603 18.568655 16.863629 -4.679251 -7.419698 -7.720300 -3.968400 -10.900705 -20.055172 7.383513 1.377693 15.464408 -8.703433 -37.462427 1.079507 2.540791 
0.000000 0.000000 0.000000 0.000000 0.000000 0.000000 0.000000 0.000000 0.000000 0.000000 0.000000 0.000000 0.000000 0.000000 0.000000 0.000000 0.000000 0.000000 0.000000 0.000000 0.000000 0.000000 0.000000 0.000000 0.000000 0.000000 0.000000 0.000000 0.000000 0.000000 0.000000 0.000000 0.000000 0.000000 0.000000 0.000000 0.000000 0.000000 0.000000 0.000000 0.000000 0.000000 0.000000 0.000000 0.000000 0.000000 0.000000 0.000000 0.000000 0.000000 0.000000 0.000000 0.000000 0.000000 0.000000 0.000000 0.000000 0.000000 0.000000 0.000000 0.000000 0.000000 0.000000 0.000000 0.000000 0.000000 0.000000 0.000000 0.000000 0.000000 0.000000 0.000000 0.000000 0.000000 0.000000 -5.157378 29.846788 -24.428097 5.821651 24.785385 -17.128725 7.563920 -11.454674 30.564460 2.081018 11.226705 14.840227 -4.546598 -17.997474 -14.754276 3.976880 11.157165 -22.737306 3.486961 3.076555 5.357205 4.478517 -36.930633 3.341866 37.857305 
0.000000 0.000000 0.000000 0.000000 0.000000 0.000000 0.000000 0.000000 0.000000 0.000000 0.000000 0.000000 0.000000 0.000000 0.000000 0.000000 0.000000 0.000000 0.000000 0.000000 0.000000 0.000000 0.000000 0.000000 0.000000 0.000000 0.000000 0.000000 0.000000 0.000000 0.000000 0.000000 0.000000 0.000000 0.000000 0.000000 0.000000 0.000000 0.000000 0.000000 0.000000 0.000000 0.000000 0.000000 0.000000 0.000000 0.000000 0.000000 0.000000 0.000000 0.000000 0.000000 0.000000 0.000000 0.000000 0.000000 0.000000 0.000000 0.000000 0.000000 0.000000 0.000000 0.000000 0.000000 0.000000 0.000000 0.000000 0.000000 0.000000 0.000000 0.000000 0.000000 0.000000 0.000000 0.000000 0.000000 -126.911859 133.897102 4.634076 -125.837334 23.071463 -2.988711 67.643632 -211.061623 0.743037 -32.319056 -37.201413 25.134685 63.964669 65.055727 -1.631622 -97.827415 101.340810 23.494355 -44.551522 -23.618347 -75.792150 112.631395 -22.952820 -198.057168 
0.000000 0.000000 0.000000 0.000000 0.000000 0.000000 0.000000 0.000000 0.000000 0.000000 0.000000 0.000000 0.000000 0.000000 0.000000 0.000000 0.000000 0.000000 0.000000 0.000000 0.000000 0.000000 0.000000 0.000000 0.000000 0.000000 0.000000 0.000000 0.000000 0.000000 0.000000 0.000000 0.000000 0.000000 0.000000 0.000000 0.000000 0.000000 0.000000 0.000000 0.000000 0.000000 0.000000 0.000000 0.000000 0.000000 0.000000 0.000000 0.000000 0.000000 0.000000 0.000000 0.000000 0.000000 0.000000 0.000000 0.000000 0.000000 0.000000 0.000000 0.000000 0.000000 0.000000 0.000000 0.000000 0.000000 0.000000 0.000000 0.000000 0.000000 0.000000 0.000000 0.000000 0.000000 0.000000 0.000000 0.000000 -9.126583 0.171681 15.774112 -16.847012 31.071784 -4.502743 2.996779 17.979385 20.406336 22.480632 3.444161 -15.197389 0.673607 4.524681 -25.500928 -24.666029 19.814693 -1.742146 8.543767 -16.393788 -59.407107 -12.801979 6.887169 
0.000000 0.000000 0.000000 0.000000 0.000000 0.000000 0.000000 0.000000 0.000000 0.000000 0.000000 0.000000 0.000000 0.000000 0.000000 0.000000 0.000000 0.000000 0.000000 0.000000 0.000000 0.000000 0.000000 0.000000 0.000000 0.000000 0.000000 0.000000 0.000000 0.000000 0.000000 0.000000 0.000000 0.000000 0.000000 0.000000 0.000000 0.000000 0.000000 0.000000 0.000000 0.000000 0.000000 0.000000 0.000000 0.000000 0.000000 0.000000 0.000000 0.000000 0.000000 0.000000 0.000000 0.000000 0.000000 0.000000 0.000000 0.000000 0.000000 0.000000 0.000000 0.000000 0.000000 0.000000 0.000000 0.000000 0.000000 0.000000 0.000000 0.000000 0.000000 0.000000 0.000000 0.000000 0.000000 0.000000 0.000000 0.000000 5.596345 -30.914965 21.490816 17.096210 10.127126 7.675879 -3.424083 5.656054 4.195468 -18.511461 8.283044 -7.917121 -28.547630 3.067299 -7.645890 -11.048715 11.450871 22.706320 2.056925 14.916803 14.166162 -24.479994 
0.000000 0.000000 0.000000 0.000000 0.000000 0.000000 0.000000 0.000000 0.000000 0.000000 0.000000 0.000000 0.000000 0.000000 0.000000 0.000000 0.000000 0.000000 0.000000 0.000000 0.000000 0.000000 0.000000 0.000000 0.000000 0.000000 0.000000 0.000000 0.000000 0.000000 0.000000 0.000000 0.000000 0.000000 0.000000 0.000000 0.000000 0.000000 0.000000 0.000000 0.000000 0.000000 0.000000 0.000000 0.000000 0.000000 0.000000 0.000000 0.000000 0.000000 0.000000 0.000000 0.000000 0.000000 0.000000 0.000000 0.000000 0.000000 0.000000 0.000000 0.000000 0.000000 0.000000 0.000000 0.000000 0.000000 0.000000 0.000000 0.000000 0.000000 0.000000 0.000000 0.000000 0.000000 0.000000 0.000000 0.000000 0.000000 0.000000 -2.615800 -1.689763 24.106696 -0.708644 -7.157233 8.621035 8.316719 8.343043 -0.118692 -1.668998 -0.888944 -4.505655 -12.984298 -8.827714 8.541012 2.800274 10.805104 -10.825419 -26.146202 -2.046941 -8.629090 
0.000000 0.000000 0.000000 0.000000 0.000000 0.000000 0.000000 0.000000 0.000000 0.000000 0.000000 0.000000 0.000000 0.000000 0.000000 0.000000 0.000000 0.000000 0.000000 0.000000 0.000000 0.000000 0.000000 0.000000 0.000000 0.000000 0.000000 0.000000 0.000000 0.000000 0.000000 0.000000 0.000000 0.000000 0.000000 0.000000 0.000000 0.000000 0.000000 0.000000 0.000000 0.000000 0.000000 0.000000 0.000000 0.000000 0.000000 0.000000 0.000000 0.000000 0.000000 0.000000 0.000000 0.000000 0.000000 0.000000 0.000000 0.000000 0.000000 0.000000 0.000000 0.000000 0.000000 0.000000 0.000000 0.000000 0.000000 0.000000 0.000000 0.000000 0.000000 0.000000 0.000000 0.000000 0.000000 0.000000 0.000000 0.000000 0.000000 0.000000 38.742700 -153.288472 14.329609 36.730443 -59.490965 -63.758237 -65.228463 -11.801338 25.743897 -5.751891 3.060751 96.612373 65.471535 -77.420377 -8.191229 -57.250369 77.811671 196.753581 30.743883 36.097545 
0.000000 0.000000 0.000000 0.000000 0.000000 0.000000 0.000000 0.000000 0.000000 0.000000 0.000000 0.000000 0.000000 0.000000 0.000000 0.000000 0.000000 0.000000 0.000000 0.000000 0.000000 0.000000 0.000000 0.000000 0.000000 0.000000 0.000000 0.000000 0.000000 0.000000 0.000000 0.000000 0.000000 0.000000 0.000000 0.000000 0.000000 0.000000 0.000000 0.000000 0.000000 0.000000 0.000000 0.000000 0.000000 0.000000 0.000000 0.000000 0.000000 0.000000 0.000000 0.000000 0.000000 0.000000 0.000000 0.000000 0.000000 0.000000 0.000000 0.000000 0.000000 0.000000 0.000000 0.000000 0.000000 0.000000 0.000000 0.000000 0.000000 0.000000 0.000000 0.000000 0.000000 0.000000 0.000000 0.000000 0.000000 0.000000 0.000000 0.000000 0.000000 -72.513746 2.590972 43.467004 -26.358636 -14.453517 -18.177713 -5.181688 2.438749 2.727917 17.800538 33.285041 13.448277 -16.997202 -10.174747 -33.551499 37.166120 74.901530 5.488337 26.661175 
0.000000 0.000000 0.000000 0.000000 0.000000 0.000000 0.000000 0.000000 0.000000 0.000000 0.000000 0.000000 0.000000 0.000000 0.000000 0.000000 0.000000 0.000000 0.000000 0.000000 0.000000 0.000000 0.000000 0.000000 0.000000 0.000000 0.000000 0.000000 0.000000 0.000000 0.000000 0.000000 0.000000 0.000000 0.000000 0.000000 0.000000 0.000000 0.000000 0.000000 0.000000 0.000000 0.000000 0.000000 0.000000 0.000000 0.000000 0.000000 0.000000 0.000000 0.000000 0.000000 0.000000 0.000000 0.000000 0.000000 0.000000 0.000000 0.000000 0.000000 0.000000 0.000000 0.000000 0.000000 0.000000 0.000000 0.000000 0.000000 0.000000 0.000000 0.000000 0.000000 0.000000 0.000000 0.000000 0.000000 0.000000 0.000000 0.000000 0.000000 0.000000 0.000000 0.252016 1.963423 -2.826639 -5.175179 -3.443357 2.905205 6.929306 3.309355 0.576914 10.573063 5.789408 -4.060925 0.455775 -0.135797 3.023687 10.139058 1.444083 9.608900 
0.000000 0.000000 0.000000 0.000000 0.000000 0.000000 0.000000 0.000000 0.000000 0.000000 0.000000 0.000000 0.000000 0.000000 0.000000 0.000000 0.000000 0.000000 0.000000 0.000000 0.000000 0.000000 0.000000 0.000000 0.000000 0.000000 0.000000 0.000000 0.000000 0.000000 0.000000 0.000000 0.000000 0.000000 0.000000 0.000000 0.000000 0.000000 0.000000 0.000000 0.000000 0.000000 0.000000 0.000000 0.000000 0.000000 0.000000 0.000000 0.000000 0.000000 0.000000 0.000000 0.000000 0.000000 0.000000 0.000000 0.000000 0.000000 0.000000 0.000000 0.000000 0.000000 0.000000 0.000000 0.000000 0.000000 0.000000 0.000000 0.000000 0.000000 0.000000 0.000000 0.000000 0.000000 0.000000 0.000000 0.000000 0.000000 0.000000 0.000000 0.000000 0.000000 0.000000 23.148164 -34.586895 -74.773044 -46.485121 43.763681 95.255632 43.440632 12.871123 145.392472 81.762004 -55.260931 12.160931 -1.527483 46.475262 138.723321 19.378816 127.095810 
0.000000 0.000000 0.000000 0.000000 0.000000 0.000000 0.000000 0.000000 0.000000 0.000000 0.000000 0.000000 0.000000 0.000000 0.000000 0.000000 0.000000 0.000000 0.000000 0.000000 0.000000 0.000000 0.000000 0.000000 0.000000 0.000000 0.000000 0.000000 0.000000 0.000000 0.000000 0.000000 0.000000 0.000000 0.000000 0.000000 0.000000 0.000000 0.000000 0.000000 0.000000 0.000000 0.000000 0.000000 0.000000 0.000000 0.000000 0.000000 0.000000 0.000000 0.000000 0.000000 0.000000 0.000000 0.000000 0.000000 0.000000 0.000000 0.000000 0.000000 0.000000 0.000000 0.000000 0.000000 0.000000 0.000000 0.000000 0.000000 0.000000 0.000000 0.000000 0.000000 0.000000 0.000000 0.000000 0.000000 0.000000 0.000000 0.000000 0.000000 0.000000 0.000000 0.000000 0.000000 -23.891434 -68.738782 -33.909922 40.459083 68.157301 34.352690 6.085547 112.836036 73.818891 -48.970923 16.346975 11.083551 29.181367 98.668757 12.986050 95.007451 
0.000000 0.000000 0.000000 0.000000 0.000000 0.000000 0.000000 0.000000 0.000000 0.000000 0.000000 0.000000 0.000000 0.000000 0.000000 0.000000 0.000000 0.000000 0.000000 0.000000 0.000000 0.000000 0.000000 0.000000 0.000000 0.000000 0.000000 0.000000 0.000000 0.000000 0.000000 0.000000 0.000000 0.000000 0.000000 0.000000 0.000000 0.000000 0.000000 0.000000 0.000000 0.000000 0.000000 0.000000 0.000000 0.000000 0.000000 0.000000 0.000000 0.000000 0.000000 0.000000 0.000000 0.000000 0.000000 0.000000 0.000000 0.000000 0.000000 0.000000 0.000000 0.000000 0.000000 0.000000 0.000000 0.000000 0.000000 0.000000 0.000000 0.000000 0.000000 0.000000 0.000000 0.000000 0.000000 0.000000 0.000000 0.000000 0.000000 0.000000 0.000000 0.000000 0.000000 0.000000 0.000000 123.214197 42.530066 -80.329847 -118.345870 -35.657660 -30.541861 -178.198640 -120.371103 77.415690 -50.825850 -15.564710 -80.374173 -157.312633 -26.751064 -140.160357 
0.000000 0.000000 0.000000 0.000000 0.000000 0.000000 0.000000 0.000000 0.000000 0.000000 0.000000 0.000000 0.000000 0.000000 0.000000 0.000000 0.000000 0.000000 0.000000 0.000000 0.000000 0.000000 0.000000 0.000000 0.000000 0.000000 0.000000 0.000000 0.000000 0.000000 0.000000 0.000000 0.000000 0.000000 0.000000 0.000000 0.000000 0.000000 0.000000 0.000000 0.000000 0.000000 0.000000 0.000000 0.000000 0.000000 0.000000 0.000000 0.000000 0.000000 0.000000 0.000000 0.000000 0.000000 0.000000 0.000000 0.000000 0.000000 0.000000 0.000000 0.000000 0.000000 0.000000 0.000000 0.000000 0.000000 0.000000 0.000000 0.000000 0.000000 0.000000 0.000000 0.000000 0.000000 0.000000 0.000000 0.000000 0.000000 0.000000 0.000000 0.000000 0.000000 0.000000 0.000000 0.000000 0.000000 2.633035 -7.479627 -8.993351 -3.671296 1.007498 -5.758409 -10.960909 5.592029 -1.177417 3.410185 -2.497613 -22.953959 -1.140442 -5.089580 
0.000000 0.000000 0.000000 0.000000 0.000000 0.000000 0.000000 0.000000 0.000000 0.000000 0.000000 0.000000 0.000000 0.000000 0.000000 0.000000 0.000000 0.000000 0.000000 0.000000 0.000000 0.000000 0.000000 0.000000 0.000000 0.000000 0.000000 0.000000 0.000000 0.000000 0.000000 0.000000 0.000000 0.000000 0.000000 0.000000 0.000000 0.000000 0.000000 0.000000 0.000000 0.000000 0.000000 0.000000 0.000000 0.000000 0.000000 0.000000 0.000000 0.000000 0.000000 0.000000 0.000000 0.000000 0.000000 0.000000 0.000000 0.000000 0.000000 0.000000 0.000000 0.000000 0.000000 0.000000 0.000000 0.000000 0.000000 0.000000 0.000000 0.000000 0.000000 0.000000 0.000000 0.000000 0.000000 0.000000 0.000000 0.000000 0.000000 0.000000 0.000000 0.000000 0.000000 0.000000 0.000000 0.000000 0.000000 33.707897 15.054413 18.140138 -10.539768 9.579997 40.952370 -19.565240 14.082544 4.843785 -11.748303 58.161018 -8.305035 11.991227 
0.000000 0.000000 0.000000 0.000000 0.000000 0.000000 0.000000 0.000000 0.000000 0.000000 0.000000 0.000000 0.000000 0.000000 0.000000 0.000000 0.000000 0.000000 0.000000 0.000000 0.000000 0.000000 0.000000 0.000000 0.000000 0.000000 0.000000 0.000000 0.000000 0.000000 0.000000 0.000000 0.000000 0.000000 0.000000 0.000000 0.000000 0.000000 0.000000 0.000000 0.000000 0.000000 0.000000 0.000000 0.000000 0.000000 0.000000 0.000000 0.000000 0.000000 0.000000 0.000000 0.000000 0.000000 0.000000 0.000000 0.000000 0.000000 0.000000 0.000000 0.000000 0.000000 0.000000 0.000000 0.000000 0.000000 0.000000 0.000000 0.000000 0.000000 0.000000 0.000000 0.000000 0.000000 0.000000 0.000000 0.000000 0.000000 0.000000 0.000000 0.000000 0.000000 0.000000 0.000000 0.000000 0.000000 0.000000 0.000000 3.036969 2.906370 -2.846245 9.215303 7.699982 -12.943805 -4.310869 -2.998559 11.427199 34.162549 13.384493 1.681679 
0.000000 0.000000 0.000000 0.000000 0.000000 0.000000 0.000000 0.000000 0.000000 0.000000 0.000000 0.000000 0.000000 0.000000 0.000000 0.000000 0.000000 0.000000 0.000000 0.000000 0.000000 0.000000 0.000000 0.000000 0.000000 0.000000 0.000000 0.000000 0.000000 0.000000 0.000000 0.000000 0.000000 0.000000 0.000000 0.000000 0.000000 0.000000 0.000000 0.000000 0.000000 0.000000 0.000000 0.000000 0.000000 0.000000 0.000000 0.000000 0.000000 0.000000 0.000000 0.000000 0.000000 0.000000 0.000000 0.000000 0.000000 0.000000 0.000000 0.000000 0.000000 0.000000 0.000000 0.000000 0.000000 0.000000 0.000000 0.000000 0.000000 0.000000 0.000000 0.000000 0.000000 0.000000 0.000000 0.000000 0.000000 0.000000 0.000000 0.000000 0.000000 0.000000 0.000000 0.000000 0.000000 0.000000 0.000000 0.000000 0.000000 -0.604890 7.023074 2.191718 -6.003829 9.311345 2.813513 -3.297978 -9.854013 -27.461247 -20.415831 -0.242836 
0.000000 0.000000 0.000000 0.000000 0.000000 0.000000 0.000000 0.000000 0.000000 0.000000 0.000000 0.000000 0.000000 0.000000 0.000000 0.000000 0.000000 0.000000 0.000000 0.000000 0.000000 0.000000 0.000000 0.000000 0.000000 0.000000 0.000000 0.000000 0.000000 0.000000 0.000000 0.000000 0.000000 0.000000 0.000000 0.000000 0.000000 0.000000 0.000000 0.000000 0.000000 0.000000 0.000000 0.000000 0.000000 0.000000 0.000000 0.000000 0.000000 0.000000 0.000000 0.000000 0.000000 0.000000 0.000000 0.000000 0.000000 0.000000 0.000000 0.000000 0.000000 0.000000 0.000000 0.000000 0.000000 0.000000 0.000000 0.000000 0.000000 0.000000 0.000000 0.000000 0.000000 0.000000 0.000000 0.000000 0.000000 0.000000 0.000000 0.000000 0.000000 0.000000 0.000000 0.000000 0.000000 0.000000 0.000000 0.000000 0.000000 0.000000 -139.513073 -64.418024 103.866112 -163.885803 -43.106121 74.043680 184.230821 485.660070 391.958021 0.835022 
0.000000 0.000000 0.000000 0.000000 0.000000 0.000000 0.000000 0.000000 0.000000 0.000000 0.000000 0.000000 0.000000 0.000000 0.000000 0.000000 0.000000 0.000000 0.000000 0.000000 0.000000 0.000000 0.000000 0.000000 0.000000 0.000000 0.000000 0.000000 0.000000 0.000000 0.000000 0.000000 0.000000 0.000000 0.000000 0.000000 0.000000 0.000000 0.000000 0.000000 0.000000 0.000000 0.000000 0.000000 0.000000 0.000000 0.000000 0.000000 0.000000 0.000000 0.000000 0.000000 0.000000 0.000000 0.000000 0.000000 0.000000 0.000000 0.000000 0.000000 0.000000 0.000000 0.000000 0.000000 0.000000 0.000000 0.000000 0.000000 0.000000 0.000000 0.000000 0.000000 0.000000 0.000000 0.000000 0.000000 0.000000 0.000000 0.000000 0.000000 0.000000 0.000000 0.000000 0.000000 0.000000 0.000000 0.000000 0.000000 0.000000 0.000000 0.000000 -4.139955 -3.745855 4.376206 2.456115 -4.350356 -8.777511 -14.800488 -10.256090 -4.340228 
0.000000 0.000000 0.000000 0.000000 0.000000 0.000000 0.000000 0.000000 0.000000 0.000000 0.000000 0.000000 0.000000 0.000000 0.000000 0.000000 0.000000 0.000000 0.000000 0.000000 0.000000 0.000000 0.000000 0.000000 0.000000 0.000000 0.000000 0.000000 0.000000 0.000000 0.000000 0.000000 0.000000 0.000000 0.000000 0.000000 0.000000 0.000000 0.000000 0.000000 0.000000 0.000000 0.000000 0.000000 0.000000 0.000000 0.000000 0.000000 0.000000 0.000000 0.000000 0.000000 0.000000 0.000000 0.000000 0.000000 0.000000 0.000000 0.000000 0.000000 0.000000 0.000000 0.000000 0.000000 0.000000 0.000000 0.000000 0.000000 0.000000 0.000000 0.000000 0.000000 0.000000 0.000000 0.000000 0.000000 0.000000 0.000000 0.000000 0.000000 0.000000 0.000000 0.000000 0.000000 0.000000 0.000000 0.000000 0.000000 0.000000 0.000000 0.000000 0.000000 -5.107426 5.565993 1.417034 -4.699197 -25.723108 -26.274533 -22.662595 -4.909704 
0.000000 0.000000 0.000000 0.000000 0.000000 0.000000 0.000000 0.000000 0.000000 0.000000 0.000000 0.000000 0.000000 0.000000 0.000000 0.000000 0.000000 0.000000 0.000000 0.000000 0.000000 0.000000 0.000000 0.000000 0.000000 0.000000 0.000000 0.000000 0.000000 0.000000 0.000000 0.000000 0.000000 0.000000 0.000000 0.000000 0.000000 0.000000 0.000000 0.000000 0.000000 0.000000 0.000000 0.000000 0.000000 0.000000 0.000000 0.000000 0.000000 0.000000 0.000000 0.000000 0.000000 0.000000 0.000000 0.000000 0.000000 0.000000 0.000000 0.000000 0.000000 0.000000 0.000000 0.000000 0.000000 0.000000 0.000000 0.000000 0.000000 0.000000 0.000000 0.000000 0.000000 0.000000 0.000000 0.000000 0.000000 0.000000 0.000000 0.000000 0.000000 0.000000 0.000000 0.000000 0.000000 0.000000 0.000000 0.000000 0.000000 0.000000 0.000000 0.000000 0.000000 -1.190765 -1.830471 1.695025 3.953714 1.796389 11.885761 -3.290181 
0.000000 0.000000 0.000000 0.000000 0.000000 0.000000 0.000000 0.000000 0.000000 0.000000 0.000000 0.000000 0.000000 0.000000 0.000000 0.000000 0.000000 0.000000 0.000000 0.000000 0.000000 0.000000 0.000000 0.000000 0.000000 0.000000 0.000000 0.000000 0.000000 0.000000 0.000000 0.000000 0.000000 0.000000 0.000000 0.000000 0.000000 0.000000 0.000000 0.000000 0.000000 0.000000 0.000000 0.000000 0.000000 0.000000 0.000000 0.000000 0.000000 0.000000 0.000000 0.000000 0.000000 0.000000 0.000000 0.000000 0.000000 0.000000 0.000000 0.000000 0.000000 0.000000 0.000000 0.000000 0.000000 0.000000 0.000000 0.000000 0.000000 0.000000 0.000000 0.000000 0.000000 0.000000 0.000000 0.000000 0.000000 0.000000 0.000000 0.000000 0.000000 0.000000 0.000000 0.000000 0.000000 0.000000 0.000000 0.000000 0.000000 0.000000 0.000000 0.000000 0.000000 0.000000 6.827336 20.127733 3.058456 -20.808255 2.233148 18.762412 
0.000000 0.000000 0.000000 0.000000 0.000000 0.000000 0.000000 0.000000 0.000000 0.000000 0.000000 0.000000 0.000000 0.000000 0.000000 0.000000 0.000000 0.000000 0.000000 0.000000 0.000000 0.000000 0.000000 0.000000 0.000000 0.000000 0.000000 0.000000 0.000000 0.000000 0.000000 0.000000 0.000000 0.000000 0.000000 0.000000 0.000000 0.000000 0.000000 0.000000 0.000000 0.000000 0.000000 0.000000 0.000000 0.000000 0.000000 0.000000 0.000000 0.000000 0.000000 0.000000 0.000000 0.000000 0.000000 0.000000 0.000000 0.000000 0.000000 0.000000 0.000000 0.000000 0.000000 0.000000 0.000000 0.000000 0.000000 0.000000 0.000000 0.000000 0.000000 0.000000 0.000000 0.000000 0.000000 0.000000 0.000000 0.000000 0.000000 0.000000 0.000000 0.000000 0.000000 0.000000 0.000000 0.000000 0.000000 0.000000 0.000000 0.000000 0.000000 0.000000 0.000000 0.000000 0.000000 -10.982254 -27.867512 -18.111397 -23.053761 -10.012864 
0.000000 0.000000 0.000000 0.000000 0.000000 0.000000 0.000000 0.000000 0.000000 0.000000 0.000000 0.000000 0.000000 0.000000 0.000000 0.000000 0.000000 0.000000 0.000000 0.000000 0.000000 0.000000 0.000000 0.000000 0.000000 0.000000 0.000000 0.000000 0.000000 0.000000 0.000000 0.000000 0.000000 0.000000 0.000000 0.000000 0.000000 0.000000 0.000000 0.000000 0.000000 0.000000 0.000000 0.000000 0.000000 0.000000 0.000000 0.000000 0.000000 0.000000 0.000000 0.000000 0.000000 0.000000 0.000000 0.000000 0.000000 0.000000 0.000000 0.000000 0.000000 0.000000 0.000000 0.000000 0.000000 0.000000 0.000000 0.000000 0.000000 0.000000 0.000000 0.000000 0.000000 0.000000 0.000000 0.000000 0.000000 0.000000 0.000000 0.000000 0.000000 0.000000 0.000000 0.000000 0.000000 0.000000 0.000000 0.000000 0.000000 0.000000 0.000000 0.000000 0.000000 0.000000 0.000000 0.000000 83.016042 78.737529 31.814070 22.676838 
0.000000 0.000000 0.000000 0.000000 0.000000 0.000000 0.000000 0.000000 0.000000 0.000000 0.000000 0.000000 0.000000 0.000000 0.000000 0.000000 0.000000 0.000000 0.000000 0.000000 0.000000 0.000000 0.000000 0.000000 0.000000 0.000000 0.000000 0.000000 0.000000 0.000000 0.000000 0.000000 0.000000 0.000000 0.000000 0.000000 0.000000 0.000000 0.000000 0.000000 0.000000 0.000000 0.000000 0.000000 0.000000 0.000000 0.000000 0.000000 0.000000 0.000000 0.000000 0.000000 0.000000 0.000000 0.000000 0.000000 0.000000 0.000000 0.000000 0.000000 0.000000 0.000000 0.000000 0.000000 0.000000 0.000000 0.000000 0.000000 0.000000 0.000000 0.000000 0.000000 0.000000 0.000000 0.000000 0.000000 0.000000 0.000000 0.000000 0.000000 0.000000 0.000000 0.000000 0.000000 0.000000 0.000000 0.000000 0.000000 0.000000 0.000000 0.000000 0.000000 0.000000 0.000000 0.000000 0.000000 0.000000 25.380826 1.448873 -7.311039 
0.000000 0.000000 0.000000 0.000000 0.000000 0.000000 0.000000 0.000000 0.000000 0.000000 0.000000 0.000000 0.000000 0.000000 0.000000 0.000000 0.000000 0.000000 0.000000 0.000000 0.000000 0.000000 0.000000 0.000000 0.000000 0.000000 0.000000 0.000000 0.000000 0.000000 0.000000 0.000000 0.000000 0.000000 0.000000 0.000000 0.000000 0.000000 0.000000 0.000000 0.000000 0.000000 0.000000 0.000000 0.000000 0.000000 0.000000 0.000000 0.000000 0.000000 0.000000 0.000000 0.000000 0.000000 0.000000 0.000000 0.000000 0.000000 0.000000 0.000000 0.000000 0.000000 0.000000 0.000000 0.000000 0.000000 0.000000 0.000000 0.000000 0.000000 0.000000 0.000000 0.000000 0.000000 0.000000 0.000000 0.000000 0.000000 0.000000 0.000000 0.000000 0.000000 0.000000 0.000000 0.000000 0.000000 0.000000 0.000000 0.000000 0.000000 0.000000 0.000000 0.000000 0.000000 0.000000 0.000000 0.000000 0.000000 -20.213416 8.019542 
0.000000 0.000000 0.000000 0.000000 0.000000 0.000000 0.000000 0.000000 0.000000 0.000000 0.000000 0.000000 0.000000 0.000000 0.000000 0.000000 0.000000 0.000000 0.000000 0.000000 0.000000 0.000000 0.000000 0.000000 0.000000 0.000000 0.000000 0.000000 0.000000 0.000000 0.000000 0.000000 0.000000 0.000000 0.000000 0.000000 0.000000 0.000000 0.000000 0.000000 0.000000 0.000000 0.000000 0.000000 0.000000 0.000000 0.000000 0.000000 0.000000 0.000000 0.000000 0.000000 0.000000 0.000000 0.000000 0.000000 0.000000 0.000000 0.000000 0.000000 0.000000 0.000000 0.000000 0.000000 0.000000 0.000000 0.000000 0.000000 0.000000 0.000000 0.000000 0.000000 0.000000 0.000000 0.000000 0.000000 0.000000 0.000000 0.000000 0.000000 0.000000 0.000000 0.000000 0.000000 0.000000 0.000000 0.000000 0.000000 0.000000 0.000000 0.000000 0.000000 0.000000 0.000000 0.000000 0.000000 0.000000 0.000000 0.000000 15.342352 
0.189247
-0.601753
0.154164
0.113760
-0.247945
-0.216414
-0.195519
0.483986
0.706564
0.178717
-0.597785
0.286563
0.082181
-0.649786
-0.672431
0.315082
-0.065031
0.037091
-0.848656
-0.987717
0.341284
-0.400855
0.623865
-0.277839
-0.184660
-0.121374
-0.774082
-0.105177
-0.987922
-0.358697
0.010355
-0.126588
-0.444417
0.866578
0.121047
-0.087107
-0.220724
0.072758
-0.486040
0.527482
1.245852
-1.033533
0.058410
0.427817
-0.425798
-0.364032
0.286731
-0.367462
0.469867
-0.042258
-0.543047
-0.703030
0.723297
-0.300484
0.063198
0.471317
-1.089112
0.351250
-0.333593
-0.514592
-0.872970
0.140360
0.107189
-0.538289
0.161217
-0.264565
0.074007
0.196282
-0.072154
-0.332003
-0.538806
0.124038
0.147919
-0.861118
0.165537
-0.056229
0.235050
0.398136
-0.412052
1.222094
-0.515739
0.027928
0.826970
-0.506321
-0.076361
-0.393880
0.139340
-0.652988
0.495895
0.785397
-0.867495
0.452896
0.017990
1.149203
1.053741
0.595521
0.089135
0.561006
0.094105
0.120470
