200
1.000000 0.000000 0.000000 0.000000 0.000000 0.000000 0.000000 0.000000 0.000000 0.000000 0.000000 0.000000 0.000000 0.000000 0.000000 0.000000 0.000000 0.000000 0.000000 0.000000 0.000000 0.000000 0.000000 0.000000 0.000000 0.000000 0.000000 0.000000 0.000000 0.000000 0.000000 0.000000 0.000000 0.000000 0.000000 0.000000 0.000000 0.000000 0.000000 0.000000 0.000000 0.000000 0.000000 0.000000 0.000000 0.000000 0.000000 0.000000 0.000000 0.000000 0.000000 0.000000 0.000000 0.000000 0.000000 0.000000 0.000000 0.000000 0.000000 0.000000 0.000000 0.000000 0.000000 0.000000 0.000000 0.000000 0.000000 0.000000 0.000000 0.000000 0.000000 0.000000 0.000000 0.000000 0.000000 0.000000 0.000000 0.000000 0.000000 0.000000 0.000000 0.000000 0.000000 0.000000 0.000000 0.000000 0.000000 0.000000 0.000000 0.000000 0.000000 0.000000 0.000000 0.000000 0.000000 0.000000 0.000000 0.000000 0.000000 0.000000 0.000000 0.000000 0.000000 0.000000 0.000000 0.000000 0.000000 0.000000 0.000000 0.000000 0.000000 0.000000 0.000000 0.000000 0.000000 0.000000 0.000000 0.000000 0.000000 0.000000 0.000000 0.000000 0.000000 0.000000 0.000000 0.000000 0.000000 0.000000 0.000000 0.000000 0.000000 0.000000 0.000000 0.000000 0.000000 0.000000 0.000000 0.000000 0.000000 0.000000 0.000000 0.000000 0.000000 0.000000 0.000000 0.000000 0.000000 0.000000 0.000000 0.000000 0.000000 0.000000 0.000000 0.000000 0.000000 0.000000 0.000000 0.000000 0.000000 0.000000 0.000000 0.000000 0.000000 0.000000 0.000000 0.000000 0.000000 0.000000 0.000000 0.000000 0.000000 0.000000 0.000000 0.000000 0.000000 0.000000 0.000000 0.000000 0.000000 0.000000 0.000000 0.000000 0.000000 0.000000 0.000000 0.000000 0.000000 0.000000 0.000000 0.000000 0.000000 0.000000 0.000000 0.000000 0.000000 0.000000 0.000000 0.000000 0.000000 0.000000 
-0.252520 1.000000 0.000000 0.000000 0.000000 0.000000 0.000000 0.000000 0.000000 0.000000 0.000000 0.000000 0.000000 0.000000 0.000000 0.000000 0.000000 0.000000 0.000000 0.000000 0.000000 0.000000 0.000000 0.000000 0.000000 0.000000 0.000000 0.000000 0.000000 0.000000 0.000000 0.000000 0.000000 0.000000 0.000000 0.000000 0.000000 0.000000 0.000000 0.000000 0.000000 0.000000 0.000000 0.000000 0.000000 0.000000 0.000000 0.000000 0.000000 0.000000 0.000000 0.000000 0.000000 0.000000 0.000000 0.000000 0.000000 0.000000 0.000000 0.000000 0.000000 0.000000 0.000000 0.000000 0.000000 0.000000 0.000000 0.000000 0.000000 0.000000 0.000000 0.000000 0.000000 0.000000 0.000000 0.000000 0.000000 0.000000 0.000000 0.000000 0.000000 0.000000 0.000000 0.000000 0.000000 0.000000 0.000000 0.000000 0.000000 0.000000 0.000000 0.000000 0.000000 0.000000 0.000000 0.000000 0.000000 0.000000 0.000000 0.000000 0.000000 0.000000 0.000000 0.000000 0.000000 0.000000 0.000000 0.000000 0.000000 0.000000 0.000000 0.000000 0.000000 0.000000 0.000000 0.000000 0.000000 0.000000 0.000000 0.000000 0.000000 0.000000 0.000000 0.000000 0.000000 0.000000 0.000000 0.000000 0.000000 0.000000 0.000000 0.000000 0.000000 0.000000 0.000000 0.000000 0.000000 0.000000 0.000000 0.000000 0.000000 0.000000 0.000000 0.000000 0.000000 0.000000 0.000000 0.000000 0.000000 0.000000 0.000000 0.000000 0.000000 0.000000 0.000000 0.000000 0.000000 0.000000 0.000000 0.000000 0.000000 0.000000 0.000000 0.000000 0.000000 0.000000 0.000000 0.000000 0.000000 0.000000 0.000000 0.000000 0.000000 0.000000 0.000000 0.000000 0.000000 0.000000 0.000000 0.000000 0.000000 0.000000 0.000000 0.000000 0.000000 0.000000 0.000000 0.000000 0.000000 0.000000 0.000000 0.000000 0.000000 0.000000 0.000000 0.000000 0.000000 0.000000 0.000000 0.000000 
-1.738036 2.872895 1.000000 0.000000 0.000000 0.000000 0.000000 0.000000 0.000000 0.000000 0.000000 0.000000 0.000000 0.000000 0.000000 0.000000 0.000000 0.000000 0.000000 0.000000 0.000000 0.000000 0.000000 0.000000 0.000000 0.000000 0.000000 0.000000 0.000000 0.000000 0.000000 0.000000 0.000000 0.000000 0.000000 0.000000 0.000000 0.000000 0.000000 0.000000 0.000000 0.000000 0.000000 0.000000 0.000000 0.000000 0.000000 0.000000 0.000000 0.000000 0.000000 0.000000 0.000000 0.000000 0.000000 0.000000 0.000000 0.000000 0.000000 0.000000 0.000000 0.000000 0.000000 0.000000 0.000000 0.000000 0.000000 0.000000 0.000000 0.000000 0.000000 0.000000 0.000000 0.000000 0.000000 0.000000 0.000000 0.000000 0.000000 0.000000 0.000000 0.000000 0.000000 0.000000 0.000000 0.000000 0.000000 0.000000 0.000000 0.000000 0.000000 0.000000 0.000000 0.000000 0.000000 0.000000 0.000000 0.000000 0.000000 0.000000 0.000000 0.000000 0.000000 0.000000 0.000000 0.000000 0.000000 0.000000 0.000000 0.000000 0.000000 0.000000 0.000000 0.000000 0.000000 0.000000 0.000000 0.000000 0.000000 0.000000 0.000000 0.000000 0.000000 0.000000 0.000000 0.000000 0.000000 0.000000 0.000000 0.000000 0.000000 0.000000 0.000000 0.000000 0.000000 0.000000 0.000000 0.000000 0.000000 0.000000 0.000000 0.000000 0.000000 0.000000 0.000000 0.000000 0.000000 0.000000 0.000000 0.000000 0.000000 0.000000 0.000000 0.000000 0.000000 0.000000 0.000000 0.000000 0.000000 0.000000 0.000000 0.000000 0.000000 0.000000 0.000000 0.000000 0.000000 0.000000 0.000000 0.000000 0.000000 0.000000 0.000000 0.000000 0.000000 0.000000 0.000000 0.000000 0.000000 0.000000 0.000000 0.000000 0.000000 0.000000 0.000000 0.000000 0.000000 0.000000 0.000000 0.000000 0.000000 0.000000 0.000000 0.000000 0.000000 0.000000 0.000000 0.000000 0.000000 0.000000 
0.777604 4.771158 3.972411 1.000000 0.000000 0.000000 0.000000 0.000000 0.000000 0.000000 0.000000 0.000000 0.000000 0.000000 0.000000 0.000000 0.000000 0.000000 0.000000 0.000000 0.000000 0.000000 0.000000 0.000000 0.000000 0.000000 0.000000 0.000000 0.000000 0.000000 0.000000 0.000000 0.000000 0.000000 0.000000 0.000000 0.000000 0.000000 0.000000 0.000000 0.000000 0.000000 0.000000 0.000000 0.000000 0.000000 0.000000 0.000000 0.000000 0.000000 0.000000 0.000000 0.000000 0.000000 0.000000 0.000000 0.000000 0.000000 0.000000 0.000000 0.000000 0.000000 0.000000 0.000000 0.000000 0.000000 0.000000 0.000000 0.000000 0.000000 0.000000 0.000000 0.000000 0.000000 0.000000 0.000000 0.000000 0.000000 0.000000 0.000000 0.000000 0.000000 0.000000 0.000000 0.000000 0.000000 0.000000 0.000000 0.000000 0.000000 0.000000 0.000000 0.000000 0.000000 0.000000 0.000000 0.000000 0.000000 0.000000 0.000000 0.000000 0.000000 0.000000 0.000000 0.000000 0.000000 0.000000 0.000000 0.000000 0.000000 0.000000 0.000000 0.000000 0.000000 0.000000 0.000000 0.000000 0.000000 0.000000 0.000000 0.000000 0.000000 0.000000 0.000000 0.000000 0.000000 0.000000 0.000000 0.000000 0.000000 0.000000 0.000000 0.000000 0.000000 0.000000 0.000000 0.000000 0.000000 0.000000 0.000000 0.000000 0.000000 0.000000 0.000000 0.000000 0.000000 0.000000 0.000000 0.000000 0.000000 0.000000 0.000000 0.000000 0.000000 0.000000 0.000000 0.000000 0.000000 0.000000 0.000000 0.000000 0.000000 0.000000 0.000000 0.000000 0.000000 0.000000 0.000000 0.000000 0.000000 0.000000 0.000000 0.000000 0.000000 0.000000 0.000000 0.000000 0.000000 0.000000 0.000000 0.000000 0.000000 0.000000 0.000000 0.000000 0.000000 0.000000 0.000000 0.000000 0.000000 0.000000 0.000000 0.000000 0.000000 0.000000 0.000000 0.000000 0.000000 0.000000 0.000000 
-0.866349 5.635992 1.951406 -8.455579 1.000000 0.000000 0.000000 0.000000 0.000000 0.000000 0.000000 0.000000 0.000000 0.000000 0.000000 0.000000 0.000000 0.000000 0.000000 0.000000 0.000000 0.000000 0.000000 0.000000 0.000000 0.000000 0.000000 0.000000 0.000000 0.000000 0.000000 0.000000 0.000000 0.000000 0.000000 0.000000 0.000000 0.000000 0.000000 0.000000 0.000000 0.000000 0.000000 0.000000 0.000000 0.000000 0.000000 0.000000 0.000000 0.000000 0.000000 0.000000 0.000000 0.000000 0.000000 0.000000 0.000000 0.000000 0.000000 0.000000 0.000000 0.000000 0.000000 0.000000 0.000000 0.000000 0.000000 0.000000 0.000000 0.000000 0.000000 0.000000 0.000000 0.000000 0.000000 0.000000 0.000000 0.000000 0.000000 0.000000 0.000000 0.000000 0.000000 0.000000 0.000000 0.000000 0.000000 0.000000 0.000000 0.000000 0.000000 0.000000 0.000000 0.000000 0.000000 0.000000 0.000000 0.000000 0.000000 0.000000 0.000000 0.000000 0.000000 0.000000 0.000000 0.000000 0.000000 0.000000 0.000000 0.000000 0.000000 0.000000 0.000000 0.000000 0.000000 0.000000 0.000000 0.000000 0.000000 0.000000 0.000000 0.000000 0.000000 0.000000 0.000000 0.000000 0.000000 0.000000 0.000000 0.000000 0.000000 0.000000 0.000000 0.000000 0.000000 0.000000 0.000000 0.000000 0.000000 0.000000 0.000000 0.000000 0.000000 0.000000 0.000000 0.000000 0.000000 0.000000 0.000000 0.000000 0.000000 0.000000 0.000000 0.000000 0.000000 0.000000 0.000000 0.000000 0.000000 0.000000 0.000000 0.000000 0.000000 0.000000 0.000000 0.000000 0.000000 0.000000 0.000000 0.000000 0.000000 0.000000 0.000000 0.000000 0.000000 0.000000 0.000000 0.000000 0.000000 0.000000 0.000000 0.000000 0.000000 0.000000 0.000000 0.000000 0.000000 0.000000 0.000000 0.000000 0.000000 0.000000 0.000000 0.000000 0.000000 0.000000 0.000000 0.000000 0.000000 0.000000 
-1.109481 6.406359 4.717116 5.517605 -0.475773 1.000000 0.000000 0.000000 0.000000 0.000000 0.000000 0.000000 0.000000 0.000000 0.000000 0.000000 0.000000 0.000000 0.000000 0.000000 0.000000 0.000000 0.000000 0.000000 0.000000 0.000000 0.000000 0.000000 0.000000 0.000000 0.000000 0.000000 0.000000 0.000000 0.000000 0.000000 0.000000 0.000000 0.000000 0.000000 0.000000 0.000000 0.000000 0.000000 0.000000 0.000000 0.000000 0.000000 0.000000 0.000000 0.000000 0.000000 0.000000 0.000000 0.000000 0.000000 0.000000 0.000000 0.000000 0.000000 0.000000 0.000000 0.000000 0.000000 0.000000 0.000000 0.000000 0.000000 0.000000 0.000000 0.000000 0.000000 0.000000 0.000000 0.000000 0.000000 0.000000 0.000000 0.000000 0.000000 0.000000 0.000000 0.000000 0.000000 0.000000 0.000000 0.000000 0.000000 0.000000 0.000000 0.000000 0.000000 0.000000 0.000000 0.000000 0.000000 0.000000 0.000000 0.000000 0.000000 0.000000 0.000000 0.000000 0.000000 0.000000 0.000000 0.000000 0.000000 0.000000 0.000000 0.000000 0.000000 0.000000 0.000000 0.000000 0.000000 0.000000 0.000000 0.000000 0.000000 0.000000 0.000000 0.000000 0.000000 0.000000 0.000000 0.000000 0.000000 0.000000 0.000000 0.000000 0.000000 0.000000 0.000000 0.000000 0.000000 0.000000 0.000000 0.000000 0.000000 0.000000 0.000000 0.000000 0.000000 0.000000 0.000000 0.000000 0.000000 0.000000 0.000000 0.000000 0.000000 0.000000 0.000000 0.000000 0.000000 0.000000 0.000000 0.000000 0.000000 0.000000 0.000000 0.000000 0.000000 0.000000 0.000000 0.000000 0.000000 0.000000 0.000000 0.000000 0.000000 0.000000 0.000000 0.000000 0.000000 0.000000 0.000000 0.000000 0.000000 0.000000 0.000000 0.000000 0.000000 0.000000 0.000000 0.000000 0.000000 0.000000 0.000000 0.000000 0.000000 0.000000 0.000000 0.000000 0.000000 0.000000 0.000000 0.000000 0.000000 
2.102175 6.431470 6.499754 -2.045698 0.470004 4.875000 1.000000 0.000000 0.000000 0.000000 0.000000 0.000000 0.000000 0.000000 0.000000 0.000000 0.000000 0.000000 0.000000 0.000000 0.000000 0.000000 0.000000 0.000000 0.000000 0.000000 0.000000 0.000000 0.000000 0.000000 0.000000 0.000000 0.000000 0.000000 0.000000 0.000000 0.000000 0.000000 0.000000 0.000000 0.000000 0.000000 0.000000 0.000000 0.000000 0.000000 0.000000 0.000000 0.000000 0.000000 0.000000 0.000000 0.000000 0.000000 0.000000 0.000000 0.000000 0.000000 0.000000 0.000000 0.000000 0.000000 0.000000 0.000000 0.000000 0.000000 0.000000 0.000000 0.000000 0.000000 0.000000 0.000000 0.000000 0.000000 0.000000 0.000000 0.000000 0.000000 0.000000 0.000000 0.000000 0.000000 0.000000 0.000000 0.000000 0.000000 0.000000 0.000000 0.000000 0.000000 0.000000 0.000000 0.000000 0.000000 0.000000 0.000000 0.000000 0.000000 0.000000 0.000000 0.000000 0.000000 0.000000 0.000000 0.000000 0.000000 0.000000 0.000000 0.000000 0.000000 0.000000 0.000000 0.000000 0.000000 0.000000 0.000000 0.000000 0.000000 0.000000 0.000000 0.000000 0.000000 0.000000 0.000000 0.000000 0.000000 0.000000 0.000000 0.000000 0.000000 0.000000 0.000000 0.000000 0.000000 0.000000 0.000000 0.000000 0.000000 0.000000 0.000000 0.000000 0.000000 0.000000 0.000000 0.000000 0.000000 0.000000 0.000000 0.000000 0.000000 0.000000 0.000000 0.000000 0.000000 0.000000 0.000000 0.000000 0.000000 0.000000 0.000000 0.000000 0.000000 0.000000 0.000000 0.000000 0.000000 0.000000 0.000000 0.000000 0.000000 0.000000 0.000000 0.000000 0.000000 0.000000 0.000000 0.000000 0.000000 0.000000 0.000000 0.000000 0.000000 0.000000 0.000000 0.000000 0.000000 0.000000 0.000000 0.000000 0.000000 0.000000 0.000000 0.000000 0.000000 0.000000 0.000000 0.000000 0.000000 0.000000 0.000000 
-1.642122 0.139108 -0.299911 2.095687 -0.273949 -3.915705 -0.903603 1.000000 0.000000 0.000000 0.000000 0.000000 0.000000 0.000000 0.000000 0.000000 0.000000 0.000000 0.000000 0.000000 0.000000 0.000000 0.000000 0.000000 0.000000 0.000000 0.000000 0.000000 0.000000 0.000000 0.000000 0.000000 0.000000 0.000000 0.000000 0.000000 0.000000 0.000000 0.000000 0.000000 0.000000 0.000000 0.000000 0.000000 0.000000 0.000000 0.000000 0.000000 0.000000 0.000000 0.000000 0.000000 0.000000 0.000000 0.000000 0.000000 0.000000 0.000000 0.000000 0.000000 0.000000 0.000000 0.000000 0.000000 0.000000 0.000000 0.000000 0.000000 0.000000 0.000000 0.000000 0.000000 0.000000 0.000000 0.000000 0.000000 0.000000 0.000000 0.000000 0.000000 0.000000 0.000000 0.000000 0.000000 0.000000 0.000000 0.000000 0.000000 0.000000 0.000000 0.000000 0.000000 0.000000 0.000000 0.000000 0.000000 0.000000 0.000000 0.000000 0.000000 0.000000 0.000000 0.000000 0.000000 0.000000 0.000000 0.000000 0.000000 0.000000 0.000000 0.000000 0.000000 0.000000 0.000000 0.000000 0.000000 0.000000 0.000000 0.000000 0.000000 0.000000 0.000000 0.000000 0.000000 0.000000 0.000000 0.000000 0.000000 0.000000 0.000000 0.000000 0.000000 0.000000 0.000000 0.000000 0.000000 0.000000 0.000000 0.000000 0.000000 0.000000 0.000000 0.000000 0.000000 0.000000 0.000000 0.000000 0.000000 0.000000 0.000000 0.000000 0.000000 0.000000 0.000000 0.000000 0.000000 0.000000 0.000000 0.000000 0.000000 0.000000 0.000000 0.000000 0.000000 0.000000 0.000000 0.000000 0.000000 0.000000 0.000000 0.000000 0.000000 0.000000 0.000000 0.000000 0.000000 0.000000 0.000000 0.000000 0.000000 0.000000 0.000000 0.000000 0.000000 0.000000 0.000000 0.000000 0.000000 0.000000 0.000000 0.000000 0.000000 0.000000 0.000000 0.000000 0.000000 0.000000 0.000000 0.000000 0.000000 
-1.392754 -0.249757 -2.115191 -13.508919 1.456834 -7.894942 -1.525564 11.046429 1.000000 0.000000 0.000000 0.000000 0.000000 0.000000 0.000000 0.000000 0.000000 0.000000 0.000000 0.000000 0.000000 0.000000 0.000000 0.000000 0.000000 0.000000 0.000000 0.000000 0.000000 0.000000 0.000000 0.000000 0.000000 0.000000 0.000000 0.000000 0.000000 0.000000 0.000000 0.000000 0.000000 0.000000 0.000000 0.000000 0.000000 0.000000 0.000000 0.000000 0.000000 0.000000 0.000000 0.000000 0.000000 0.000000 0.000000 0.000000 0.000000 0.000000 0.000000 0.000000 0.000000 0.000000 0.000000 0.000000 0.000000 0.000000 0.000000 0.000000 0.000000 0.000000 0.000000 0.000000 0.000000 0.000000 0.000000 0.000000 0.000000 0.000000 0.000000 0.000000 0.000000 0.000000 0.000000 0.000000 0.000000 0.000000 0.000000 0.000000 0.000000 0.000000 0.000000 0.000000 0.000000 0.000000 0.000000 0.000000 0.000000 0.000000 0.000000 0.000000 0.000000 0.000000 0.000000 0.000000 0.000000 0.000000 0.000000 0.000000 0.000000 0.000000 0.000000 0.000000 0.000000 0.000000 0.000000 0.000000 0.000000 0.000000 0.000000 0.000000 0.000000 0.000000 0.000000 0.000000 0.000000 0.000000 0.000000 0.000000 0.000000 0.000000 0.000000 0.000000 0.000000 0.000000 0.000000 0.000000 0.000000 0.000000 0.000000 0.000000 0.000000 0.000000 0.000000 0.000000 0.000000 0.000000 0.000000 0.000000 0.000000 0.000000 0.000000 0.000000 0.000000 0.000000 0.000000 0.000000 0.000000 0.000000 0.000000 0.000000 0.000000 0.000000 0.000000 0.000000 0.000000 0.000000 0.000000 0.000000 0.000000 0.000000 0.000000 0.000000 0.000000 0.000000 0.000000 0.000000 0.000000 0.000000 0.000000 0.000000 0.000000 0.000000 0.000000 0.000000 0.000000 0.000000 0.000000 0.000000 0.000000 0.000000 0.000000 0.000000 0.000000 0.000000 0.000000 0.000000 0.000000 0.000000 0.000000 0.000000 
0.008995 -1.122711 -1.774832 -1.750795 0.141806 3.979444 0.825322 -5.012958 -0.480502 1.000000 0.000000 0.000000 0.000000 0.000000 0.000000 0.000000 0.000000 0.000000 0.000000 0.000000 0.000000 0.000000 0.000000 0.000000 0.000000 0.000000 0.000000 0.000000 0.000000 0.000000 0.000000 0.000000 0.000000 0.000000 0.000000 0.000000 0.000000 0.000000 0.000000 0.000000 0.000000 0.000000 0.000000 0.000000 0.000000 0.000000 0.000000 0.000000 0.000000 0.000000 0.000000 0.000000 0.000000 0.000000 0.000000 0.000000 0.000000 0.000000 0.000000 0.000000 0.000000 0.000000 0.000000 0.000000 0.000000 0.000000 0.000000 0.000000 0.000000 0.000000 0.000000 0.000000 0.000000 0.000000 0.000000 0.000000 0.000000 0.000000 0.000000 0.000000 0.000000 0.000000 0.000000 0.000000 0.000000 0.000000 0.000000 0.000000 0.000000 0.000000 0.000000 0.000000 0.000000 0.000000 0.000000 0.000000 0.000000 0.000000 0.000000 0.000000 0.000000 0.000000 0.000000 0.000000 0.000000 0.000000 0.000000 0.000000 0.000000 0.000000 0.000000 0.000000 0.000000 0.000000 0.000000 0.000000 0.000000 0.000000 0.000000 0.000000 0.000000 0.000000 0.000000 0.000000 0.000000 0.000000 0.000000 0.000000 0.000000 0.000000 0.000000 0.000000 0.000000 0.000000 0.000000 0.000000 0.000000 0.000000 0.000000 0.000000 0.000000 0.000000 0.000000 0.000000 0.000000 0.000000 0.000000 0.000000 0.000000 0.000000 0.000000 0.000000 0.000000 0.000000 0.000000 0.000000 0.000000 0.000000 0.000000 0.000000 0.000000 0.000000 0.000000 0.000000 0.000000 0.000000 0.000000 0.000000 0.000000 0.000000 0.000000 0.000000 0.000000 0.000000 0.000000 0.000000 0.000000 0.000000 0.000000 0.000000 0.000000 0.000000 0.000000 0.000000 0.000000 0.000000 0.000000 0.000000 0.000000 0.000000 0.000000 0.000000 0.000000 0.000000 0.000000 0.000000 0.000000 0.000000 0.000000 0.000000 
0.539623 1.583393 3.010692 0.968801 0.048013 12.629445 2.594990 -4.892661 -0.096145 24.433737 1.000000 0.000000 0.000000 0.000000 0.000000 0.000000 0.000000 0.000000 0.000000 0.000000 0.000000 0.000000 0.000000 0.000000 0.000000 0.000000 0.000000 0.000000 0.000000 0.000000 0.000000 0.000000 0.000000 0.000000 0.000000 0.000000 0.000000 0.000000 0.000000 0.000000 0.000000 0.000000 0.000000 0.000000 0.000000 0.000000 0.000000 0.000000 0.000000 0.000000 0.000000 0.000000 0.000000 0.000000 0.000000 0.000000 0.000000 0.000000 0.000000 0.000000 0.000000 0.000000 0.000000 0.000000 0.000000 0.000000 0.000000 0.000000 0.000000 0.000000 0.000000 0.000000 0.000000 0.000000 0.000000 0.000000 0.000000 0.000000 0.000000 0.000000 0.000000 0.000000 0.000000 0.000000 0.000000 0.000000 0.000000 0.000000 0.000000 0.000000 0.000000 0.000000 0.000000 0.000000 0.000000 0.000000 0.000000 0.000000 0.000000 0.000000 0.000000 0.000000 0.000000 0.000000 0.000000 0.000000 0.000000 0.000000 0.000000 0.000000 0.000000 0.000000 0.000000 0.000000 0.000000 0.000000 0.000000 0.000000 0.000000 0.000000 0.000000 0.000000 0.000000 0.000000 0.000000 0.000000 0.000000 0.000000 0.000000 0.000000 0.000000 0.000000 0.000000 0.000000 0.000000 0.000000 0.000000 0.000000 0.000000 0.000000 0.000000 0.000000 0.000000 0.000000 0.000000 0.000000 0.000000 0.000000 0.000000 0.000000 0.000000 0.000000 0.000000 0.000000 0.000000 0.000000 0.000000 0.000000 0.000000 0.000000 0.000000 0.000000 0.000000 0.000000 0.000000 0.000000 0.000000 0.000000 0.000000 0.000000 0.000000 0.000000 0.000000 0.000000 0.000000 0.000000 0.000000 0.000000 0.000000 0.000000 0.000000 0.000000 0.000000 0.000000 0.000000 0.000000 0.000000 0.000000 0.000000 0.000000 0.000000 0.000000 0.000000 0.000000 0.000000 0.000000 0.000000 0.000000 0.000000 0.000000 
-0.402571 2.771690 -0.157938 -12.875938 1.473497 -3.540305 -0.688681 7.851051 0.875107 14.542862 0.638122 1.000000 0.000000 0.000000 0.000000 0.000000 0.000000 0.000000 0.000000 0.000000 0.000000 0.000000 0.000000 0.000000 0.000000 0.000000 0.000000 0.000000 0.000000 0.000000 0.000000 0.000000 0.000000 0.000000 0.000000 0.000000 0.000000 0.000000 0.000000 0.000000 0.000000 0.000000 0.000000 0.000000 0.000000 0.000000 0.000000 0.000000 0.000000 0.000000 0.000000 0.000000 0.000000 0.000000 0.000000 0.000000 0.000000 0.000000 0.000000 0.000000 0.000000 0.000000 0.000000 0.000000 0.000000 0.000000 0.000000 0.000000 0.000000 0.000000 0.000000 0.000000 0.000000 0.000000 0.000000 0.000000 0.000000 0.000000 0.000000 0.000000 0.000000 0.000000 0.000000 0.000000 0.000000 0.000000 0.000000 0.000000 0.000000 0.000000 0.000000 0.000000 0.000000 0.000000 0.000000 0.000000 0.000000 0.000000 0.000000 0.000000 0.000000 0.000000 0.000000 0.000000 0.000000 0.000000 0.000000 0.000000 0.000000 0.000000 0.000000 0.000000 0.000000 0.000000 0.000000 0.000000 0.000000 0.000000 0.000000 0.000000 0.000000 0.000000 0.000000 0.000000 0.000000 0.000000 0.000000 0.000000 0.000000 0.000000 0.000000 0.000000 0.000000 0.000000 0.000000 0.000000 0.000000 0.000000 0.000000 0.000000 0.000000 0.000000 0.000000 0.000000 0.000000 0.000000 0.000000 0.000000 0.000000 0.000000 0.000000 0.000000 0.000000 0.000000 0.000000 0.000000 0.000000 0.000000 0.000000 0.000000 0.000000 0.000000 0.000000 0.000000 0.000000 0.000000 0.000000 0.000000 0.000000 0.000000 0.000000 0.000000 0.000000 0.000000 0.000000 0.000000 0.000000 0.000000 0.000000 0.000000 0.000000 0.000000 0.000000 0.000000 0.000000 0.000000 0.000000 0.000000 0.000000 0.000000 0.000000 0.000000 0.000000 0.000000 0.000000 0.000000 0.000000 0.000000 0.000000 0.000000 
2.105197 -8.342836 -4.570353 11.645563 -1.458409 14.188894 3.114217 -16.528504 -1.407087 -11.652376 -0.582841 2.432100 1.000000 0.000000 0.000000 0.000000 0.000000 0.000000 0.000000 0.000000 0.000000 0.000000 0.000000 0.000000 0.000000 0.000000 0.000000 0.000000 0.000000 0.000000 0.000000 0.000000 0.000000 0.000000 0.000000 0.000000 0.000000 0.000000 0.000000 0.000000 0.000000 0.000000 0.000000 0.000000 0.000000 0.000000 0.000000 0.000000 0.000000 0.000000 0.000000 0.000000 0.000000 0.000000 0.000000 0.000000 0.000000 0.000000 0.000000 0.000000 0.000000 0.000000 0.000000 0.000000 0.000000 0.000000 0.000000 0.000000 0.000000 0.000000 0.000000 0.000000 0.000000 0.000000 0.000000 0.000000 0.000000 0.000000 0.000000 0.000000 0.000000 0.000000 0.000000 0.000000 0.000000 0.000000 0.000000 0.000000 0.000000 0.000000 0.000000 0.000000 0.000000 0.000000 0.000000 0.000000 0.000000 0.000000 0.000000 0.000000 0.000000 0.000000 0.000000 0.000000 0.000000 0.000000 0.000000 0.000000 0.000000 0.000000 0.000000 0.000000 0.000000 0.000000 0.000000 0.000000 0.000000 0.000000 0.000000 0.000000 0.000000 0.000000 0.000000 0.000000 0.000000 0.000000 0.000000 0.000000 0.000000 0.000000 0.000000 0.000000 0.000000 0.000000 0.000000 0.000000 0.000000 0.000000 0.000000 0.000000 0.000000 0.000000 0.000000 0.000000 0.000000 0.000000 0.000000 0.000000 0.000000 0.000000 0.000000 0.000000 0.000000 0.000000 0.000000 0.000000 0.000000 0.000000 0.000000 0.000000 0.000000 0.000000 0.000000 0.000000 0.000000 0.000000 0.000000 0.000000 0.000000 0.000000 0.000000 0.000000 0.000000 0.000000 0.000000 0.000000 0.000000 0.000000 0.000000 0.000000 0.000000 0.000000 0.000000 0.000000 0.000000 0.000000 0.000000 0.000000 0.000000 0.000000 0.000000 0.000000 0.000000 0.000000 0.000000 0.000000 0.000000 0.000000 0.000000 0.000000 
-1.949389 -2.890660 -2.392088 -0.141044 -0.072698 3.290837 0.688223 -1.876710 -0.000454 28.672163 1.157412 -5.441893 -1.267028 1.000000 0.000000 0.000000 0.000000 0.000000 0.000000 0.000000 0.000000 0.000000 0.000000 0.000000 0.000000 0.000000 0.000000 0.000000 0.000000 0.000000 0.000000 0.000000 0.000000 0.000000 0.000000 0.000000 0.000000 0.000000 0.000000 0.000000 0.000000 0.000000 0.000000 0.000000 0.000000 0.000000 0.000000 0.000000 0.000000 0.000000 0.000000 0.000000 0.000000 0.000000 0.000000 0.000000 0.000000 0.000000 0.000000 0.000000 0.000000 0.000000 0.000000 0.000000 0.000000 0.000000 0.000000 0.000000 0.000000 0.000000 0.000000 0.000000 0.000000 0.000000 0.000000 0.000000 0.000000 0.000000 0.000000 0.000000 0.000000 0.000000 0.000000 0.000000 0.000000 0.000000 0.000000 0.000000 0.000000 0.000000 0.000000 0.000000 0.000000 0.000000 0.000000 0.000000 0.000000 0.000000 0.000000 0.000000 0.000000 0.000000 0.000000 0.000000 0.000000 0.000000 0.000000 0.000000 0.000000 0.000000 0.000000 0.000000 0.000000 0.000000 0.000000 0.000000 0.000000 0.000000 0.000000 0.000000 0.000000 0.000000 0.000000 0.000000 0.000000 0.000000 0.000000 0.000000 0.000000 0.000000 0.000000 0.000000 0.000000 0.000000 0.000000 0.000000 0.000000 0.000000 0.000000 0.000000 0.000000 0.000000 0.000000 0.000000 0.000000 0.000000 0.000000 0.000000 0.000000 0.000000 0.000000 0.000000 0.000000 0.000000 0.000000 0.000000 0.000000 0.000000 0.000000 0.000000 0.000000 0.000000 0.000000 0.000000 0.000000 0.000000 0.000000 0.000000 0.000000 0.000000 0.000000 0.000000 0.000000 0.000000 0.000000 0.000000 0.000000 0.000000 0.000000 0.000000 0.000000 0.000000 0.000000 0.000000 0.000000 0.000000 0.000000 0.000000 0.000000 0.000000 0.000000 0.000000 0.000000 0.000000 0.000000 0.000000 0.000000 0.000000 0.000000 0.000000 
-0.024657 -1.522209 -0.559302 0.978288 -0.109851 3.131481 0.517263 -1.949729 -0.162009 14.270976 0.605813 -1.415320 -0.509226 0.824649 1.000000 0.000000 0.000000 0.000000 0.000000 0.000000 0.000000 0.000000 0.000000 0.000000 0.000000 0.000000 0.000000 0.000000 0.000000 0.000000 0.000000 0.000000 0.000000 0.000000 0.000000 0.000000 0.000000 0.000000 0.000000 0.000000 0.000000 0.000000 0.000000 0.000000 0.000000 0.000000 0.000000 0.000000 0.000000 0.000000 0.000000 0.000000 0.000000 0.000000 0.000000 0.000000 0.000000 0.000000 0.000000 0.000000 0.000000 0.000000 0.000000 0.000000 0.000000 0.000000 0.000000 0.000000 0.000000 0.000000 0.000000 0.000000 0.000000 0.000000 0.000000 0.000000 0.000000 0.000000 0.000000 0.000000 0.000000 0.000000 0.000000 0.000000 0.000000 0.000000 0.000000 0.000000 0.000000 0.000000 0.000000 0.000000 0.000000 0.000000 0.000000 0.000000 0.000000 0.000000 0.000000 0.000000 0.000000 0.000000 0.000000 0.000000 0.000000 0.000000 0.000000 0.000000 0.000000 0.000000 0.000000 0.000000 0.000000 0.000000 0.000000 0.000000 0.000000 0.000000 0.000000 0.000000 0.000000 0.000000 0.000000 0.000000 0.000000 0.000000 0.000000 0.000000 0.000000 0.000000 0.000000 0.000000 0.000000 0.000000 0.000000 0.000000 0.000000 0.000000 0.000000 0.000000 0.000000 0.000000 0.000000 0.000000 0.000000 0.000000 0.000000 0.000000 0.000000 0.000000 0.000000 0.000000 0.000000 0.000000 0.000000 0.000000 0.000000 0.000000 0.000000 0.000000 0.000000 0.000000 0.000000 0.000000 0.000000 0.000000 0.000000 0.000000 0.000000 0.000000 0.000000 0.000000 0.000000 0.000000 0.000000 0.000000 0.000000 0.000000 0.000000 0.000000 0.000000 0.000000 0.000000 0.000000 0.000000 0.000000 0.000000 0.000000 0.000000 0.000000 0.000000 0.000000 0.000000 0.000000 0.000000 0.000000 0.000000 0.000000 0.000000 0.000000 
0.561931 0.023180 -0.530162 -3.861283 0.415162 -1.374368 -0.282181 1.330405 0.111215 4.676765 0.234245 1.383906 -0.098623 0.516359 0.294948 1.000000 0.000000 0.000000 0.000000 0.000000 0.000000 0.000000 0.000000 0.000000 0.000000 0.000000 0.000000 0.000000 0.000000 0.000000 0.000000 0.000000 0.000000 0.000000 0.000000 0.000000 0.000000 0.000000 0.000000 0.000000 0.000000 0.000000 0.000000 0.000000 0.000000 0.000000 0.000000 0.000000 0.000000 0.000000 0.000000 0.000000 0.000000 0.000000 0.000000 0.000000 0.000000 0.000000 0.000000 0.000000 0.000000 0.000000 0.000000 0.000000 0.000000 0.000000 0.000000 0.000000 0.000000 0.000000 0.000000 0.000000 0.000000 0.000000 0.000000 0.000000 0.000000 0.000000 0.000000 0.000000 0.000000 0.000000 0.000000 0.000000 0.000000 0.000000 0.000000 0.000000 0.000000 0.000000 0.000000 0.000000 0.000000 0.000000 0.000000 0.000000 0.000000 0.000000 0.000000 0.000000 0.000000 0.000000 0.000000 0.000000 0.000000 0.000000 0.000000 0.000000 0.000000 0.000000 0.000000 0.000000 0.000000 0.000000 0.000000 0.000000 0.000000 0.000000 0.000000 0.000000 0.000000 0.000000 0.000000 0.000000 0.000000 0.000000 0.000000 0.000000 0.000000 0.000000 0.000000 0.000000 0.000000 0.000000 0.000000 0.000000 0.000000 0.000000 0.000000 0.000000 0.000000 0.000000 0.000000 0.000000 0.000000 0.000000 0.000000 0.000000 0.000000 0.000000 0.000000 0.000000 0.000000 0.000000 0.000000 0.000000 0.000000 0.000000 0.000000 0.000000 0.000000 0.000000 0.000000 0.000000 0.000000 0.000000 0.000000 0.000000 0.000000 0.000000 0.000000 0.000000 0.000000 0.000000 0.000000 0.000000 0.000000 0.000000 0.000000 0.000000 0.000000 0.000000 0.000000 0.000000 0.000000 0.000000 0.000000 0.000000 0.000000 0.000000 0.000000 0.000000 0.000000 0.000000 0.000000 0.000000 0.000000 0.000000 0.000000 0.000000 
0.191251 3.198062 1.956045 -5.298932 0.653097 1.406900 0.294662 2.536258 0.357406 53.157971 2.214874 -5.562943 -2.346372 2.710712 3.156618 1.662171 1.000000 0.000000 0.000000 0.000000 0.000000 0.000000 0.000000 0.000000 0.000000 0.000000 0.000000 0.000000 0.000000 0.000000 0.000000 0.000000 0.000000 0.000000 0.000000 0.000000 0.000000 0.000000 0.000000 0.000000 0.000000 0.000000 0.000000 0.000000 0.000000 0.000000 0.000000 0.000000 0.000000 0.000000 0.000000 0.000000 0.000000 0.000000 0.000000 0.000000 0.000000 0.000000 0.000000 0.000000 0.000000 0.000000 0.000000 0.000000 0.000000 0.000000 0.000000 0.000000 0.000000 0.000000 0.000000 0.000000 0.000000 0.000000 0.000000 0.000000 0.000000 0.000000 0.000000 0.000000 0.000000 0.000000 0.000000 0.000000 0.000000 0.000000 0.000000 0.000000 0.000000 0.000000 0.000000 0.000000 0.000000 0.000000 0.000000 0.000000 0.000000 0.000000 0.000000 0.000000 0.000000 0.000000 0.000000 0.000000 0.000000 0.000000 0.000000 0.000000 0.000000 0.000000 0.000000 0.000000 0.000000 0.000000 0.000000 0.000000 0.000000 0.000000 0.000000 0.000000 0.000000 0.000000 0.000000 0.000000 0.000000 0.000000 0.000000 0.000000 0.000000 0.000000 0.000000 0.000000 0.000000 0.000000 0.000000 0.000000 0.000000 0.000000 0.000000 0.000000 0.000000 0.000000 0.000000 0.000000 0.000000 0.000000 0.000000 0.000000 0.000000 0.000000 0.000000 0.000000 0.000000 0.000000 0.000000 0.000000 0.000000 0.000000 0.000000 0.000000 0.000000 0.000000 0.000000 0.000000 0.000000 0.000000 0.000000 0.000000 0.000000 0.000000 0.000000 0.000000 0.000000 0.000000 0.000000 0.000000 0.000000 0.000000 0.000000 0.000000 0.000000 0.000000 0.000000 0.000000 0.000000 0.000000 0.000000 0.000000 0.000000 0.000000 0.000000 0.000000 0.000000 0.000000 0.000000 0.000000 0.000000 0.000000 0.000000 0.000000 
-0.103775 0.665547 -0.480068 -5.556831 0.636706 1.413359 0.286768 -0.637234 -0.012767 -13.260346 -0.562167 -2.434741 0.027224 -1.873434 -4.824777 -1.325866 -1.173889 1.000000 0.000000 0.000000 0.000000 0.000000 0.000000 0.000000 0.000000 0.000000 0.000000 0.000000 0.000000 0.000000 0.000000 0.000000 0.000000 0.000000 0.000000 0.000000 0.000000 0.000000 0.000000 0.000000 0.000000 0.000000 0.000000 0.000000 0.000000 0.000000 0.000000 0.000000 0.000000 0.000000 0.000000 0.000000 0.000000 0.000000 0.000000 0.000000 0.000000 0.000000 0.000000 0.000000 0.000000 0.000000 0.000000 0.000000 0.000000 0.000000 0.000000 0.000000 0.000000 0.000000 0.000000 0.000000 0.000000 0.000000 0.000000 0.000000 0.000000 0.000000 0.000000 0.000000 0.000000 0.000000 0.000000 0.000000 0.000000 0.000000 0.000000 0.000000 0.000000 0.000000 0.000000 0.000000 0.000000 0.000000 0.000000 0.000000 0.000000 0.000000 0.000000 0.000000 0.000000 0.000000 0.000000 0.000000 0.000000 0.000000 0.000000 0.000000 0.000000 0.000000 0.000000 0.000000 0.000000 0.000000 0.000000 0.000000 0.000000 0.000000 0.000000 0.000000 0.000000 0.000000 0.000000 0.000000 0.000000 0.000000 0.000000 0.000000 0.000000 0.000000 0.000000 0.000000 0.000000 0.000000 0.000000 0.000000 0.000000 0.000000 0.000000 0.000000 0.000000 0.000000 0.000000 0.000000 0.000000 0.000000 0.000000 0.000000 0.000000 0.000000 0.000000 0.000000 0.000000 0.000000 0.000000 0.000000 0.000000 0.000000 0.000000 0.000000 0.000000 0.000000 0.000000 0.000000 0.000000 0.000000 0.000000 0.000000 0.000000 0.000000 0.000000 0.000000 0.000000 0.000000 0.000000 0.000000 0.000000 0.000000 0.000000 0.000000 0.000000 0.000000 0.000000 0.000000 0.000000 0.000000 0.000000 0.000000 0.000000 0.000000 0.000000 0.000000 0.000000 0.000000 0.000000 0.000000 0.000000 0.000000 0.000000 0.000000 
-1.450515 -1.864481 -1.737707 1.371234 -0.222977 -2.128970 -0.327665 0.701214 -0.071881 -45.112028 -1.924664 11.641122 3.169803 -0.565349 4.651296 -0.056935 0.988825 -0.612677 1.000000 0.000000 0.000000 0.000000 0.000000 0.000000 0.000000 0.000000 0.000000 0.000000 0.000000 0.000000 0.000000 0.000000 0.000000 0.000000 0.000000 0.000000 0.000000 0.000000 0.000000 0.000000 0.000000 0.000000 0.000000 0.000000 0.000000 0.000000 0.000000 0.000000 0.000000 0.000000 0.000000 0.000000 0.000000 0.000000 0.000000 0.000000 0.000000 0.000000 0.000000 0.000000 0.000000 0.000000 0.000000 0.000000 0.000000 0.000000 0.000000 0.000000 0.000000 0.000000 0.000000 0.000000 0.000000 0.000000 0.000000 0.000000 0.000000 0.000000 0.000000 0.000000 0.000000 0.000000 0.000000 0.000000 0.000000 0.000000 0.000000 0.000000 0.000000 0.000000 0.000000 0.000000 0.000000 0.000000 0.000000 0.000000 0.000000 0.000000 0.000000 0.000000 0.000000 0.000000 0.000000 0.000000 0.000000 0.000000 0.000000 0.000000 0.000000 0.000000 0.000000 0.000000 0.000000 0.000000 0.000000 0.000000 0.000000 0.000000 0.000000 0.000000 0.000000 0.000000 0.000000 0.000000 0.000000 0.000000 0.000000 0.000000 0.000000 0.000000 0.000000 0.000000 0.000000 0.000000 0.000000 0.000000 0.000000 0.000000 0.000000 0.000000 0.000000 0.000000 0.000000 0.000000 0.000000 0.000000 0.000000 0.000000 0.000000 0.000000 0.000000 0.000000 0.000000 0.000000 0.000000 0.000000 0.000000 0.000000 0.000000 0.000000 0.000000 0.000000 0.000000 0.000000 0.000000 0.000000 0.000000 0.000000 0.000000 0.000000 0.000000 0.000000 0.000000 0.000000 0.000000 0.000000 0.000000 0.000000 0.000000 0.000000 0.000000 0.000000 0.000000 0.000000 0.000000 0.000000 0.000000 0.000000 0.000000 0.000000 0.000000 0.000000 0.000000 0.000000 0.000000 0.000000 0.000000 0.000000 0.000000 0.000000 
1.134813 1.476589 1.090826 -1.353683 0.193040 2.000689 0.504953 -1.299770 -0.123443 -23.350876 -0.899411 6.652677 1.632112 -0.887642 -0.188900 0.107732 -0.424155 0.143090 0.066872 1.000000 0.000000 0.000000 0.000000 0.000000 0.000000 0.000000 0.000000 0.000000 0.000000 0.000000 0.000000 0.000000 0.000000 0.000000 0.000000 0.000000 0.000000 0.000000 0.000000 0.000000 0.000000 0.000000 0.000000 0.000000 0.000000 0.000000 0.000000 0.000000 0.000000 0.000000 0.000000 0.000000 0.000000 0.000000 0.000000 0.000000 0.000000 0.000000 0.000000 0.000000 0.000000 0.000000 0.000000 0.000000 0.000000 0.000000 0.000000 0.000000 0.000000 0.000000 0.000000 0.000000 0.000000 0.000000 0.000000 0.000000 0.000000 0.000000 0.000000 0.000000 0.000000 0.000000 0.000000 0.000000 0.000000 0.000000 0.000000 0.000000 0.000000 0.000000 0.000000 0.000000 0.000000 0.000000 0.000000 0.000000 0.000000 0.000000 0.000000 0.000000 0.000000 0.000000 0.000000 0.000000 0.000000 0.000000 0.000000 0.000000 0.000000 0.000000 0.000000 0.000000 0.000000 0.000000 0.000000 0.000000 0.000000 0.000000 0.000000 0.000000 0.000000 0.000000 0.000000 0.000000 0.000000 0.000000 0.000000 0.000000 0.000000 0.000000 0.000000 0.000000 0.000000 0.000000 0.000000 0.000000 0.000000 0.000000 0.000000 0.000000 0.000000 0.000000 0.000000 0.000000 0.000000 0.000000 0.000000 0.000000 0.000000 0.000000 0.000000 0.000000 0.000000 0.000000 0.000000 0.000000 0.000000 0.000000 0.000000 0.000000 0.000000 0.000000 0.000000 0.000000 0.000000 0.000000 0.000000 0.000000 0.000000 0.000000 0.000000 0.000000 0.000000 0.000000 0.000000 0.000000 0.000000 0.000000 0.000000 0.000000 0.000000 0.000000 0.000000 0.000000 0.000000 0.000000 0.000000 0.000000 0.000000 0.000000 0.000000 0.000000 0.000000 0.000000 0.000000 0.000000 0.000000 0.000000 0.000000 0.000000 
-1.285948 3.803767 3.160091 -6.763480 0.842418 -2.338433 -0.494787 10.614499 1.040134 79.294807 3.290055 -10.019434 -3.928186 5.797266 8.837106 2.572926 2.222797 -0.535900 5.666323 -14.258689 1.000000 0.000000 0.000000 0.000000 0.000000 0.000000 0.000000 0.000000 0.000000 0.000000 0.000000 0.000000 0.000000 0.000000 0.000000 0.000000 0.000000 0.000000 0.000000 0.000000 0.000000 0.000000 0.000000 0.000000 0.000000 0.000000 0.000000 0.000000 0.000000 0.000000 0.000000 0.000000 0.000000 0.000000 0.000000 0.000000 0.000000 0.000000 0.000000 0.000000 0.000000 0.000000 0.000000 0.000000 0.000000 0.000000 0.000000 0.000000 0.000000 0.000000 0.000000 0.000000 0.000000 0.000000 0.000000 0.000000 0.000000 0.000000 0.000000 0.000000 0.000000 0.000000 0.000000 0.000000 0.000000 0.000000 0.000000 0.000000 0.000000 0.000000 0.000000 0.000000 0.000000 0.000000 0.000000 0.000000 0.000000 0.000000 0.000000 0.000000 0.000000 0.000000 0.000000 0.000000 0.000000 0.000000 0.000000 0.000000 0.000000 0.000000 0.000000 0.000000 0.000000 0.000000 0.000000 0.000000 0.000000 0.000000 0.000000 0.000000 0.000000 0.000000 0.000000 0.000000 0.000000 0.000000 0.000000 0.000000 0.000000 0.000000 0.000000 0.000000 0.000000 0.000000 0.000000 0.000000 0.000000 0.000000 0.000000 0.000000 0.000000 0.000000 0.000000 0.000000 0.000000 0.000000 0.000000 0.000000 0.000000 0.000000 0.000000 0.000000 0.000000 0.000000 0.000000 0.000000 0.000000 0.000000 0.000000 0.000000 0.000000 0.000000 0.000000 0.000000 0.000000 0.000000 0.000000 0.000000 0.000000 0.000000 0.000000 0.000000 0.000000 0.000000 0.000000 0.000000 0.000000 0.000000 0.000000 0.000000 0.000000 0.000000 0.000000 0.000000 0.000000 0.000000 0.000000 0.000000 0.000000 0.000000 0.000000 0.000000 0.000000 0.000000 0.000000 0.000000 0.000000 0.000000 0.000000 0.000000 
1.689220 -2.476610 -0.878988 -3.464099 0.423138 2.879819 0.598946 2.118107 0.163170 -10.425276 -0.448829 3.990197 0.805551 -0.018793 1.490479 0.196307 0.171527 0.196228 2.082109 -4.894778 0.285061 1.000000 0.000000 0.000000 0.000000 0.000000 0.000000 0.000000 0.000000 0.000000 0.000000 0.000000 0.000000 0.000000 0.000000 0.000000 0.000000 0.000000 0.000000 0.000000 0.000000 0.000000 0.000000 0.000000 0.000000 0.000000 0.000000 0.000000 0.000000 0.000000 0.000000 0.000000 0.000000 0.000000 0.000000 0.000000 0.000000 0.000000 0.000000 0.000000 0.000000 0.000000 0.000000 0.000000 0.000000 0.000000 0.000000 0.000000 0.000000 0.000000 0.000000 0.000000 0.000000 0.000000 0.000000 0.000000 0.000000 0.000000 0.000000 0.000000 0.000000 0.000000 0.000000 0.000000 0.000000 0.000000 0.000000 0.000000 0.000000 0.000000 0.000000 0.000000 0.000000 0.000000 0.000000 0.000000 0.000000 0.000000 0.000000 0.000000 0.000000 0.000000 0.000000 0.000000 0.000000 0.000000 0.000000 0.000000 0.000000 0.000000 0.000000 0.000000 0.000000 0.000000 0.000000 0.000000 0.000000 0.000000 0.000000 0.000000 0.000000 0.000000 0.000000 0.000000 0.000000 0.000000 0.000000 0.000000 0.000000 0.000000 0.000000 0.000000 0.000000 0.000000 0.000000 0.000000 0.000000 0.000000 0.000000 0.000000 0.000000 0.000000 0.000000 0.000000 0.000000 0.000000 0.000000 0.000000 0.000000 0.000000 0.000000 0.000000 0.000000 0.000000 0.000000 0.000000 0.000000 0.000000 0.000000 0.000000 0.000000 0.000000 0.000000 0.000000 0.000000 0.000000 0.000000 0.000000 0.000000 0.000000 0.000000 0.000000 0.000000 0.000000 0.000000 0.000000 0.000000 0.000000 0.000000 0.000000 0.000000 0.000000 0.000000 0.000000 0.000000 0.000000 0.000000 0.000000 0.000000 0.000000 0.000000 0.000000 0.000000 0.000000 0.000000 0.000000 0.000000 0.000000 0.000000 0.000000 
-0.326194 -3.373440 -3.166829 -8.111960 0.819492 -6.953214 -1.278856 9.838172 0.907217 -4.213628 -0.192220 0.681385 0.073714 0.346274 1.977828 0.529515 0.646975 -0.295619 10.040549 -25.020340 -0.632807 21.720079 1.000000 0.000000 0.000000 0.000000 0.000000 0.000000 0.000000 0.000000 0.000000 0.000000 0.000000 0.000000 0.000000 0.000000 0.000000 0.000000 0.000000 0.000000 0.000000 0.000000 0.000000 0.000000 0.000000 0.000000 0.000000 0.000000 0.000000 0.000000 0.000000 0.000000 0.000000 0.000000 0.000000 0.000000 0.000000 0.000000 0.000000 0.000000 0.000000 0.000000 0.000000 0.000000 0.000000 0.000000 0.000000 0.000000 0.000000 0.000000 0.000000 0.000000 0.000000 0.000000 0.000000 0.000000 0.000000 0.000000 0.000000 0.000000 0.000000 0.000000 0.000000 0.000000 0.000000 0.000000 0.000000 0.000000 0.000000 0.000000 0.000000 0.000000 0.000000 0.000000 0.000000 0.000000 0.000000 0.000000 0.000000 0.000000 0.000000 0.000000 0.000000 0.000000 0.000000 0.000000 0.000000 0.000000 0.000000 0.000000 0.000000 0.000000 0.000000 0.000000 0.000000 0.000000 0.000000 0.000000 0.000000 0.000000 0.000000 0.000000 0.000000 0.000000 0.000000 0.000000 0.000000 0.000000 0.000000 0.000000 0.000000 0.000000 0.000000 0.000000 0.000000 0.000000 0.000000 0.000000 0.000000 0.000000 0.000000 0.000000 0.000000 0.000000 0.000000 0.000000 0.000000 0.000000 0.000000 0.000000 0.000000 0.000000 0.000000 0.000000 0.000000 0.000000 0.000000 0.000000 0.000000 0.000000 0.000000 0.000000 0.000000 0.000000 0.000000 0.000000 0.000000 0.000000 0.000000 0.000000 0.000000 0.000000 0.000000 0.000000 0.000000 0.000000 0.000000 0.000000 0.000000 0.000000 0.000000 0.000000 0.000000 0.000000 0.000000 0.000000 0.000000 0.000000 0.000000 0.000000 0.000000 0.000000 0.000000 0.000000 0.000000 0.000000 0.000000 0.000000 0.000000 0.000000 
1.406428 5.465031 7.695420 10.574887 -0.923545 6.927532 1.267245 -3.446655 -0.284076 24.673665 1.090003 2.200108 -0.344673 1.747838 4.757548 1.485639 1.140379 -0.444341 0.774873 0.439820 0.691445 -6.929640 -0.268069 1.000000 0.000000 0.000000 0.000000 0.000000 0.000000 0.000000 0.000000 0.000000 0.000000 0.000000 0.000000 0.000000 0.000000 0.000000 0.000000 0.000000 0.000000 0.000000 0.000000 0.000000 0.000000 0.000000 0.000000 0.000000 0.000000 0.000000 0.000000 0.000000 0.000000 0.000000 0.000000 0.000000 0.000000 0.000000 0.000000 0.000000 0.000000 0.000000 0.000000 0.000000 0.000000 0.000000 0.000000 0.000000 0.000000 0.000000 0.000000 0.000000 0.000000 0.000000 0.000000 0.000000 0.000000 0.000000 0.000000 0.000000 0.000000 0.000000 0.000000 0.000000 0.000000 0.000000 0.000000 0.000000 0.000000 0.000000 0.000000 0.000000 0.000000 0.000000 0.000000 0.000000 0.000000 0.000000 0.000000 0.000000 0.000000 0.000000 0.000000 0.000000 0.000000 0.000000 0.000000 0.000000 0.000000 0.000000 0.000000 0.000000 0.000000 0.000000 0.000000 0.000000 0.000000 0.000000 0.000000 0.000000 0.000000 0.000000 0.000000 0.000000 0.000000 0.000000 0.000000 0.000000 0.000000 0.000000 0.000000 0.000000 0.000000 0.000000 0.000000 0.000000 0.000000 0.000000 0.000000 0.000000 0.000000 0.000000 0.000000 0.000000 0.000000 0.000000 0.000000 0.000000 0.000000 0.000000 0.000000 0.000000 0.000000 0.000000 0.000000 0.000000 0.000000 0.000000 0.000000 0.000000 0.000000 0.000000 0.000000 0.000000 0.000000 0.000000 0.000000 0.000000 0.000000 0.000000 0.000000 0.000000 0.000000 0.000000 0.000000 0.000000 0.000000 0.000000 0.000000 0.000000 0.000000 0.000000 0.000000 0.000000 0.000000 0.000000 0.000000 0.000000 0.000000 0.000000 0.000000 0.000000 0.000000 0.000000 0.000000 0.000000 0.000000 0.000000 0.000000 0.000000 
-1.437413 1.054272 1.205688 0.181674 0.009366 5.564510 1.203396 -1.231256 0.078340 27.101827 1.116921 4.680910 0.678146 1.776107 5.680042 0.855450 1.209676 -0.806856 -6.416002 16.679125 -0.789955 -3.241164 -0.161231 -2.820094 1.000000 0.000000 0.000000 0.000000 0.000000 0.000000 0.000000 0.000000 0.000000 0.000000 0.000000 0.000000 0.000000 0.000000 0.000000 0.000000 0.000000 0.000000 0.000000 0.000000 0.000000 0.000000 0.000000 0.000000 0.000000 0.000000 0.000000 0.000000 0.000000 0.000000 0.000000 0.000000 0.000000 0.000000 0.000000 0.000000 0.000000 0.000000 0.000000 0.000000 0.000000 0.000000 0.000000 0.000000 0.000000 0.000000 0.000000 0.000000 0.000000 0.000000 0.000000 0.000000 0.000000 0.000000 0.000000 0.000000 0.000000 0.000000 0.000000 0.000000 0.000000 0.000000 0.000000 0.000000 0.000000 0.000000 0.000000 0.000000 0.000000 0.000000 0.000000 0.000000 0.000000 0.000000 0.000000 0.000000 0.000000 0.000000 0.000000 0.000000 0.000000 0.000000 0.000000 0.000000 0.000000 0.000000 0.000000 0.000000 0.000000 0.000000 0.000000 0.000000 0.000000 0.000000 0.000000 0.000000 0.000000 0.000000 0.000000 0.000000 0.000000 0.000000 0.000000 0.000000 0.000000 0.000000 0.000000 0.000000 0.000000 0.000000 0.000000 0.000000 0.000000 0.000000 0.000000 0.000000 0.000000 0.000000 0.000000 0.000000 0.000000 0.000000 0.000000 0.000000 0.000000 0.000000 0.000000 0.000000 0.000000 0.000000 0.000000 0.000000 0.000000 0.000000 0.000000 0.000000 0.000000 0.000000 0.000000 0.000000 0.000000 0.000000 0.000000 0.000000 0.000000 0.000000 0.000000 0.000000 0.000000 0.000000 0.000000 0.000000 0.000000 0.000000 0.000000 0.000000 0.000000 0.000000 0.000000 0.000000 0.000000 0.000000 0.000000 0.000000 0.000000 0.000000 0.000000 0.000000 0.000000 0.000000 0.000000 0.000000 0.000000 0.000000 0.000000 0.000000 
1.052157 0.226429 -0.306509 -6.108301 0.675756 0.855320 0.240672 0.300275 0.028731 23.786006 0.977554 0.207630 -0.884920 2.242747 5.440971 1.954896 1.566709 -0.609661 8.331268 -19.570542 0.730053 5.517841 0.280539 3.118470 -0.512478 1.000000 0.000000 0.000000 0.000000 0.000000 0.000000 0.000000 0.000000 0.000000 0.000000 0.000000 0.000000 0.000000 0.000000 0.000000 0.000000 0.000000 0.000000 0.000000 0.000000 0.000000 0.000000 0.000000 0.000000 0.000000 0.000000 0.000000 0.000000 0.000000 0.000000 0.000000 0.000000 0.000000 0.000000 0.000000 0.000000 0.000000 0.000000 0.000000 0.000000 0.000000 0.000000 0.000000 0.000000 0.000000 0.000000 0.000000 0.000000 0.000000 0.000000 0.000000 0.000000 0.000000 0.000000 0.000000 0.000000 0.000000 0.000000 0.000000 0.000000 0.000000 0.000000 0.000000 0.000000 0.000000 0.000000 0.000000 0.000000 0.000000 0.000000 0.000000 0.000000 0.000000 0.000000 0.000000 0.000000 0.000000 0.000000 0.000000 0.000000 0.000000 0.000000 0.000000 0.000000 0.000000 0.000000 0.000000 0.000000 0.000000 0.000000 0.000000 0.000000 0.000000 0.000000 0.000000 0.000000 0.000000 0.000000 0.000000 0.000000 0.000000 0.000000 0.000000 0.000000 0.000000 0.000000 0.000000 0.000000 0.000000 0.000000 0.000000 0.000000 0.000000 0.000000 0.000000 0.000000 0.000000 0.000000 0.000000 0.000000 0.000000 0.000000 0.000000 0.000000 0.000000 0.000000 0.000000 0.000000 0.000000 0.000000 0.000000 0.000000 0.000000 0.000000 0.000000 0.000000 0.000000 0.000000 0.000000 0.000000 0.000000 0.000000 0.000000 0.000000 0.000000 0.000000 0.000000 0.000000 0.000000 0.000000 0.000000 0.000000 0.000000 0.000000 0.000000 0.000000 0.000000 0.000000 0.000000 0.000000 0.000000 0.000000 0.000000 0.000000 0.000000 0.000000 0.000000 0.000000 0.000000 0.000000 0.000000 0.000000 0.000000 0.000000 0.000000 
-0.531642 -3.445658 -2.847954 -2.030576 0.142335 -2.769212 -0.387063 4.841019 0.589989 -9.715198 -0.437930 2.307343 0.994343 -0.193007 0.673027 -0.370491 0.114195 0.023501 2.941830 -6.878548 -0.773722 11.483309 0.486821 0.526612 -0.877435 0.518797 1.000000 0.000000 0.000000 0.000000 0.000000 0.000000 0.000000 0.000000 0.000000 0.000000 0.000000 0.000000 0.000000 0.000000 0.000000 0.000000 0.000000 0.000000 0.000000 0.000000 0.000000 0.000000 0.000000 0.000000 0.000000 0.000000 0.000000 0.000000 0.000000 0.000000 0.000000 0.000000 0.000000 0.000000 0.000000 0.000000 0.000000 0.000000 0.000000 0.000000 0.000000 0.000000 0.000000 0.000000 0.000000 0.000000 0.000000 0.000000 0.000000 0.000000 0.000000 0.000000 0.000000 0.000000 0.000000 0.000000 0.000000 0.000000 0.000000 0.000000 0.000000 0.000000 0.000000 0.000000 0.000000 0.000000 0.000000 0.000000 0.000000 0.000000 0.000000 0.000000 0.000000 0.000000 0.000000 0.000000 0.000000 0.000000 0.000000 0.000000 0.000000 0.000000 0.000000 0.000000 0.000000 0.000000 0.000000 0.000000 0.000000 0.000000 0.000000 0.000000 0.000000 0.000000 0.000000 0.000000 0.000000 0.000000 0.000000 0.000000 0.000000 0.000000 0.000000 0.000000 0.000000 0.000000 0.000000 0.000000 0.000000 0.000000 0.000000 0.000000 0.000000 0.000000 0.000000 0.000000 0.000000 0.000000 0.000000 0.000000 0.000000 0.000000 0.000000 0.000000 0.000000 0.000000 0.000000 0.000000 0.000000 0.000000 0.000000 0.000000 0.000000 0.000000 0.000000 0.000000 0.000000 0.000000 0.000000 0.000000 0.000000 0.000000 0.000000 0.000000 0.000000 0.000000 0.000000 0.000000 0.000000 0.000000 0.000000 0.000000 0.000000 0.000000 0.000000 0.000000 0.000000 0.000000 0.000000 0.000000 0.000000 0.000000 0.000000 0.000000 0.000000 0.000000 0.000000 0.000000 0.000000 0.000000 0.000000 0.000000 0.000000 0.000000 
-0.647024 5.300139 3.087380 -11.760425 1.443585 -5.875388 -1.311807 12.155541 1.047344 17.297931 0.807624 6.131921 0.429258 1.846617 6.165014 1.456401 1.185907 -0.566347 -2.815844 8.367492 0.023185 -5.196750 -0.217189 -2.761285 1.103794 -0.795654 -0.452817 1.000000 0.000000 0.000000 0.000000 0.000000 0.000000 0.000000 0.000000 0.000000 0.000000 0.000000 0.000000 0.000000 0.000000 0.000000 0.000000 0.000000 0.000000 0.000000 0.000000 0.000000 0.000000 0.000000 0.000000 0.000000 0.000000 0.000000 0.000000 0.000000 0.000000 0.000000 0.000000 0.000000 0.000000 0.000000 0.000000 0.000000 0.000000 0.000000 0.000000 0.000000 0.000000 0.000000 0.000000 0.000000 0.000000 0.000000 0.000000 0.000000 0.000000 0.000000 0.000000 0.000000 0.000000 0.000000 0.000000 0.000000 0.000000 0.000000 0.000000 0.000000 0.000000 0.000000 0.000000 0.000000 0.000000 0.000000 0.000000 0.000000 0.000000 0.000000 0.000000 0.000000 0.000000 0.000000 0.000000 0.000000 0.000000 0.000000 0.000000 0.000000 0.000000 0.000000 0.000000 0.000000 0.000000 0.000000 0.000000 0.000000 0.000000 0.000000 0.000000 0.000000 0.000000 0.000000 0.000000 0.000000 0.000000 0.000000 0.000000 0.000000 0.000000 0.000000 0.000000 0.000000 0.000000 0.000000 0.000000 0.000000 0.000000 0.000000 0.000000 0.000000 0.000000 0.000000 0.000000 0.000000 0.000000 0.000000 0.000000 0.000000 0.000000 0.000000 0.000000 0.000000 0.000000 0.000000 0.000000 0.000000 0.000000 0.000000 0.000000 0.000000 0.000000 0.000000 0.000000 0.000000 0.000000 0.000000 0.000000 0.000000 0.000000 0.000000 0.000000 0.000000 0.000000 0.000000 0.000000 0.000000 0.000000 0.000000 0.000000 0.000000 0.000000 0.000000 0.000000 0.000000 0.000000 0.000000 0.000000 0.000000 0.000000 0.000000 0.000000 0.000000 0.000000 0.000000 0.000000 0.000000 0.000000 0.000000 0.000000 0.000000 
-1.162950 0.803160 1.041059 -6.320886 0.736720 -0.916481 -0.155224 7.277636 0.798830 52.607454 2.193577 -10.451493 -3.082363 2.666337 1.003194 0.936279 0.309969 -0.022598 1.797435 -5.854840 0.398053 -0.042103 0.037641 -1.603597 0.762325 -0.152858 -0.348762 -1.600125 1.000000 0.000000 0.000000 0.000000 0.000000 0.000000 0.000000 0.000000 0.000000 0.000000 0.000000 0.000000 0.000000 0.000000 0.000000 0.000000 0.000000 0.000000 0.000000 0.000000 0.000000 0.000000 0.000000 0.000000 0.000000 0.000000 0.000000 0.000000 0.000000 0.000000 0.000000 0.000000 0.000000 0.000000 0.000000 0.000000 0.000000 0.000000 0.000000 0.000000 0.000000 0.000000 0.000000 0.000000 0.000000 0.000000 0.000000 0.000000 0.000000 0.000000 0.000000 0.000000 0.000000 0.000000 0.000000 0.000000 0.000000 0.000000 0.000000 0.000000 0.000000 0.000000 0.000000 0.000000 0.000000 0.000000 0.000000 0.000000 0.000000 0.000000 0.000000 0.000000 0.000000 0.000000 0.000000 0.000000 0.000000 0.000000 0.000000 0.000000 0.000000 0.000000 0.000000 0.000000 0.000000 0.000000 0.000000 0.000000 0.000000 0.000000 0.000000 0.000000 0.000000 0.000000 0.000000 0.000000 0.000000 0.000000 0.000000 0.000000 0.000000 0.000000 0.000000 0.000000 0.000000 0.000000 0.000000 0.000000 0.000000 0.000000 0.000000 0.000000 0.000000 0.000000 0.000000 0.000000 0.000000 0.000000 0.000000 0.000000 0.000000 0.000000 0.000000 0.000000 0.000000 0.000000 0.000000 0.000000 0.000000 0.000000 0.000000 0.000000 0.000000 0.000000 0.000000 0.000000 0.000000 0.000000 0.000000 0.000000 0.000000 0.000000 0.000000 0.000000 0.000000 0.000000 0.000000 0.000000 0.000000 0.000000 0.000000 0.000000 0.000000 0.000000 0.000000 0.000000 0.000000 0.000000 0.000000 0.000000 0.000000 0.000000 0.000000 0.000000 0.000000 0.000000 0.000000 0.000000 0.000000 0.000000 0.000000 0.000000 
-1.005011 0.802630 0.222439 2.010162 -0.304855 -2.060872 -0.281423 2.533054 0.324780 63.385513 2.623663 -3.719516 -2.313406 4.783894 9.397605 2.928908 2.542466 -1.008883 -0.898181 3.306927 0.637374 -7.422390 -0.433744 0.844544 -0.598130 1.028306 1.272119 -0.372149 -88.927787 1.000000 0.000000 0.000000 0.000000 0.000000 0.000000 0.000000 0.000000 0.000000 0.000000 0.000000 0.000000 0.000000 0.000000 0.000000 0.000000 0.000000 0.000000 0.000000 0.000000 0.000000 0.000000 0.000000 0.000000 0.000000 0.000000 0.000000 0.000000 0.000000 0.000000 0.000000 0.000000 0.000000 0.000000 0.000000 0.000000 0.000000 0.000000 0.000000 0.000000 0.000000 0.000000 0.000000 0.000000 0.000000 0.000000 0.000000 0.000000 0.000000 0.000000 0.000000 0.000000 0.000000 0.000000 0.000000 0.000000 0.000000 0.000000 0.000000 0.000000 0.000000 0.000000 0.000000 0.000000 0.000000 0.000000 0.000000 0.000000 0.000000 0.000000 0.000000 0.000000 0.000000 0.000000 0.000000 0.000000 0.000000 0.000000 0.000000 0.000000 0.000000 0.000000 0.000000 0.000000 0.000000 0.000000 0.000000 0.000000 0.000000 0.000000 0.000000 0.000000 0.000000 0.000000 0.000000 0.000000 0.000000 0.000000 0.000000 0.000000 0.000000 0.000000 0.000000 0.000000 0.000000 0.000000 0.000000 0.000000 0.000000 0.000000 0.000000 0.000000 0.000000 0.000000 0.000000 0.000000 0.000000 0.000000 0.000000 0.000000 0.000000 0.000000 0.000000 0.000000 0.000000 0.000000 0.000000 0.000000 0.000000 0.000000 0.000000 0.000000 0.000000 0.000000 0.000000 0.000000 0.000000 0.000000 0.000000 0.000000 0.000000 0.000000 0.000000 0.000000 0.000000 0.000000 0.000000 0.000000 0.000000 0.000000 0.000000 0.000000 0.000000 0.000000 0.000000 0.000000 0.000000 0.000000 0.000000 0.000000 0.000000 0.000000 0.000000 0.000000 0.000000 0.000000 0.000000 0.000000 0.000000 0.000000 0.000000 
-2.490762 -4.201561 -2.120008 5.854693 -0.751916 4.937196 1.119458 -3.022951 -0.123947 16.593788 0.628648 0.280993 0.249144 1.037901 2.656641 -0.070536 0.578343 -0.221326 -11.280289 28.917456 -0.857428 -10.531507 -0.580119 0.147131 -1.037221 2.042678 2.804494 2.873366 -116.713956 1.318377 1.000000 0.000000 0.000000 0.000000 0.000000 0.000000 0.000000 0.000000 0.000000 0.000000 0.000000 0.000000 0.000000 0.000000 0.000000 0.000000 0.000000 0.000000 0.000000 0.000000 0.000000 0.000000 0.000000 0.000000 0.000000 0.000000 0.000000 0.000000 0.000000 0.000000 0.000000 0.000000 0.000000 0.000000 0.000000 0.000000 0.000000 0.000000 0.000000 0.000000 0.000000 0.000000 0.000000 0.000000 0.000000 0.000000 0.000000 0.000000 0.000000 0.000000 0.000000 0.000000 0.000000 0.000000 0.000000 0.000000 0.000000 0.000000 0.000000 0.000000 0.000000 0.000000 0.000000 0.000000 0.000000 0.000000 0.000000 0.000000 0.000000 0.000000 0.000000 0.000000 0.000000 0.000000 0.000000 0.000000 0.000000 0.000000 0.000000 0.000000 0.000000 0.000000 0.000000 0.000000 0.000000 0.000000 0.000000 0.000000 0.000000 0.000000 0.000000 0.000000 0.000000 0.000000 0.000000 0.000000 0.000000 0.000000 0.000000 0.000000 0.000000 0.000000 0.000000 0.000000 0.000000 0.000000 0.000000 0.000000 0.000000 0.000000 0.000000 0.000000 0.000000 0.000000 0.000000 0.000000 0.000000 0.000000 0.000000 0.000000 0.000000 0.000000 0.000000 0.000000 0.000000 0.000000 0.000000 0.000000 0.000000 0.000000 0.000000 0.000000 0.000000 0.000000 0.000000 0.000000 0.000000 0.000000 0.000000 0.000000 0.000000 0.000000 0.000000 0.000000 0.000000 0.000000 0.000000 0.000000 0.000000 0.000000 0.000000 0.000000 0.000000 0.000000 0.000000 0.000000 0.000000 0.000000 0.000000 0.000000 0.000000 0.000000 0.000000 0.000000 0.000000 0.000000 0.000000 0.000000 0.000000 0.000000 
-2.115668 -4.544754 -1.509688 14.199743 -1.681557 3.498090 0.673534 -4.005786 -0.287163 22.653146 0.923049 -2.475893 -0.736666 1.088058 1.321055 0.355224 0.425241 -0.156152 -7.586880 18.833889 -0.599719 -6.642809 -0.322227 -1.197627 0.107256 0.445264 0.826676 2.187593 -4.007602 0.050487 8.737072 1.000000 0.000000 0.000000 0.000000 0.000000 0.000000 0.000000 0.000000 0.000000 0.000000 0.000000 0.000000 0.000000 0.000000 0.000000 0.000000 0.000000 0.000000 0.000000 0.000000 0.000000 0.000000 0.000000 0.000000 0.000000 0.000000 0.000000 0.000000 0.000000 0.000000 0.000000 0.000000 0.000000 0.000000 0.000000 0.000000 0.000000 0.000000 0.000000 0.000000 0.000000 0.000000 0.000000 0.000000 0.000000 0.000000 0.000000 0.000000 0.000000 0.000000 0.000000 0.000000 0.000000 0.000000 0.000000 0.000000 0.000000 0.000000 0.000000 0.000000 0.000000 0.000000 0.000000 0.000000 0.000000 0.000000 0.000000 0.000000 0.000000 0.000000 0.000000 0.000000 0.000000 0.000000 0.000000 0.000000 0.000000 0.000000 0.000000 0.000000 0.000000 0.000000 0.000000 0.000000 0.000000 0.000000 0.000000 0.000000 0.000000 0.000000 0.000000 0.000000 0.000000 0.000000 0.000000 0.000000 0.000000 0.000000 0.000000 0.000000 0.000000 0.000000 0.000000 0.000000 0.000000 0.000000 0.000000 0.000000 0.000000 0.000000 0.000000 0.000000 0.000000 0.000000 0.000000 0.000000 0.000000 0.000000 0.000000 0.000000 0.000000 0.000000 0.000000 0.000000 0.000000 0.000000 0.000000 0.000000 0.000000 0.000000 0.000000 0.000000 0.000000 0.000000 0.000000 0.000000 0.000000 0.000000 0.000000 0.000000 0.000000 0.000000 0.000000 0.000000 0.000000 0.000000 0.000000 0.000000 0.000000 0.000000 0.000000 0.000000 0.000000 0.000000 0.000000 0.000000 0.000000 0.000000 0.000000 0.000000 0.000000 0.000000 0.000000 0.000000 0.000000 0.000000 0.000000 0.000000 0.000000 
2.018953 4.813556 5.247428 6.227347 -0.546165 5.503874 1.108696 -7.286730 -0.690323 9.517496 0.364064 -3.086844 -0.898727 0.281177 -0.188951 0.320998 0.233978 -0.046067 -0.745182 1.506463 0.421711 -4.528060 -0.228550 0.198085 0.300026 -0.331874 -0.621561 -0.137574 -17.300328 0.189363 -2.158204 -0.237476 1.000000 0.000000 0.000000 0.000000 0.000000 0.000000 0.000000 0.000000 0.000000 0.000000 0.000000 0.000000 0.000000 0.000000 0.000000 0.000000 0.000000 0.000000 0.000000 0.000000 0.000000 0.000000 0.000000 0.000000 0.000000 0.000000 0.000000 0.000000 0.000000 0.000000 0.000000 0.000000 0.000000 0.000000 0.000000 0.000000 0.000000 0.000000 0.000000 0.000000 0.000000 0.000000 0.000000 0.000000 0.000000 0.000000 0.000000 0.000000 0.000000 0.000000 0.000000 0.000000 0.000000 0.000000 0.000000 0.000000 0.000000 0.000000 0.000000 0.000000 0.000000 0.000000 0.000000 0.000000 0.000000 0.000000 0.000000 0.000000 0.000000 0.000000 0.000000 0.000000 0.000000 0.000000 0.000000 0.000000 0.000000 0.000000 0.000000 0.000000 0.000000 0.000000 0.000000 0.000000 0.000000 0.000000 0.000000 0.000000 0.000000 0.000000 0.000000 0.000000 0.000000 0.000000 0.000000 0.000000 0.000000 0.000000 0.000000 0.000000 0.000000 0.000000 0.000000 0.000000 0.000000 0.000000 0.000000 0.000000 0.000000 0.000000 0.000000 0.000000 0.000000 0.000000 0.000000 0.000000 0.000000 0.000000 0.000000 0.000000 0.000000 0.000000 0.000000 0.000000 0.000000 0.000000 0.000000 0.000000 0.000000 0.000000 0.000000 0.000000 0.000000 0.000000 0.000000 0.000000 0.000000 0.000000 0.000000 0.000000 0.000000 0.000000 0.000000 0.000000 0.000000 0.000000 0.000000 0.000000 0.000000 0.000000 0.000000 0.000000 0.000000 0.000000 0.000000 0.000000 0.000000 0.000000 0.000000 0.000000 0.000000 0.000000 0.000000 0.000000 0.000000 0.000000 0.000000 0.000000 
2.322032 3.071084 2.563621 -2.813470 0.437429 3.539199 0.859745 -2.619646 -0.129519 -36.494753 -1.506581 1.245827 1.340507 -3.069090 -6.248517 -1.777347 -1.555060 0.540170 0.564438 -2.555737 -0.563867 7.157521 0.355226 -3.342307 1.286893 -2.005103 -1.751318 -1.869701 71.243747 -0.801830 2.037709 0.313299 1.999044 1.000000 0.000000 0.000000 0.000000 0.000000 0.000000 0.000000 0.000000 0.000000 0.000000 0.000000 0.000000 0.000000 0.000000 0.000000 0.000000 0.000000 0.000000 0.000000 0.000000 0.000000 0.000000 0.000000 0.000000 0.000000 0.000000 0.000000 0.000000 0.000000 0.000000 0.000000 0.000000 0.000000 0.000000 0.000000 0.000000 0.000000 0.000000 0.000000 0.000000 0.000000 0.000000 0.000000 0.000000 0.000000 0.000000 0.000000 0.000000 0.000000 0.000000 0.000000 0.000000 0.000000 0.000000 0.000000 0.000000 0.000000 0.000000 0.000000 0.000000 0.000000 0.000000 0.000000 0.000000 0.000000 0.000000 0.000000 0.000000 0.000000 0.000000 0.000000 0.000000 0.000000 0.000000 0.000000 0.000000 0.000000 0.000000 0.000000 0.000000 0.000000 0.000000 0.000000 0.000000 0.000000 0.000000 0.000000 0.000000 0.000000 0.000000 0.000000 0.000000 0.000000 0.000000 0.000000 0.000000 0.000000 0.000000 0.000000 0.000000 0.000000 0.000000 0.000000 0.000000 0.000000 0.000000 0.000000 0.000000 0.000000 0.000000 0.000000 0.000000 0.000000 0.000000 0.000000 0.000000 0.000000 0.000000 0.000000 0.000000 0.000000 0.000000 0.000000 0.000000 0.000000 0.000000 0.000000 0.000000 0.000000 0.000000 0.000000 0.000000 0.000000 0.000000 0.000000 0.000000 0.000000 0.000000 0.000000 0.000000 0.000000 0.000000 0.000000 0.000000 0.000000 0.000000 0.000000 0.000000 0.000000 0.000000 0.000000 0.000000 0.000000 0.000000 0.000000 0.000000 0.000000 0.000000 0.000000 0.000000 0.000000 0.000000 0.000000 0.000000 0.000000 0.000000 0.000000 
1.588402 1.298295 2.684574 -1.712038 0.338356 5.806665 1.170419 -1.658313 -0.031057 1.695249 0.111266 7.079223 1.497459 0.205562 2.849078 0.076165 0.369477 -0.801594 -3.420665 8.780556 -0.595420 -0.610262 0.032864 -2.287801 1.061596 -1.148420 -1.142032 -1.526186 35.129077 -0.407113 -15.076673 -1.750229 0.755141 0.754036 1.000000 0.000000 0.000000 0.000000 0.000000 0.000000 0.000000 0.000000 0.000000 0.000000 0.000000 0.000000 0.000000 0.000000 0.000000 0.000000 0.000000 0.000000 0.000000 0.000000 0.000000 0.000000 0.000000 0.000000 0.000000 0.000000 0.000000 0.000000 0.000000 0.000000 0.000000 0.000000 0.000000 0.000000 0.000000 0.000000 0.000000 0.000000 0.000000 0.000000 0.000000 0.000000 0.000000 0.000000 0.000000 0.000000 0.000000 0.000000 0.000000 0.000000 0.000000 0.000000 0.000000 0.000000 0.000000 0.000000 0.000000 0.000000 0.000000 0.000000 0.000000 0.000000 0.000000 0.000000 0.000000 0.000000 0.000000 0.000000 0.000000 0.000000 0.000000 0.000000 0.000000 0.000000 0.000000 0.000000 0.000000 0.000000 0.000000 0.000000 0.000000 0.000000 0.000000 0.000000 0.000000 0.000000 0.000000 0.000000 0.000000 0.000000 0.000000 0.000000 0.000000 0.000000 0.000000 0.000000 0.000000 0.000000 0.000000 0.000000 0.000000 0.000000 0.000000 0.000000 0.000000 0.000000 0.000000 0.000000 0.000000 0.000000 0.000000 0.000000 0.000000 0.000000 0.000000 0.000000 0.000000 0.000000 0.000000 0.000000 0.000000 0.000000 0.000000 0.000000 0.000000 0.000000 0.000000 0.000000 0.000000 0.000000 0.000000 0.000000 0.000000 0.000000 0.000000 0.000000 0.000000 0.000000 0.000000 0.000000 0.000000 0.000000 0.000000 0.000000 0.000000 0.000000 0.000000 0.000000 0.000000 0.000000 0.000000 0.000000 0.000000 0.000000 0.000000 0.000000 0.000000 0.000000 0.000000 0.000000 0.000000 0.000000 0.000000 0.000000 0.000000 0.000000 
-0.752753 -2.918117 -3.492609 0.956196 -0.253480 -5.309882 -1.121420 -2.218667 -0.376759 -29.099758 -1.200570 2.836594 0.903369 -2.208651 -3.967635 -0.260181 -0.687099 0.448267 -4.196394 10.781798 0.227830 -9.439137 -0.480400 5.358328 -1.794235 2.950488 1.879502 2.531062 -52.880311 0.605327 11.662997 1.309970 0.589501 -0.386206 -0.005498 1.000000 0.000000 0.000000 0.000000 0.000000 0.000000 0.000000 0.000000 0.000000 0.000000 0.000000 0.000000 0.000000 0.000000 0.000000 0.000000 0.000000 0.000000 0.000000 0.000000 0.000000 0.000000 0.000000 0.000000 0.000000 0.000000 0.000000 0.000000 0.000000 0.000000 0.000000 0.000000 0.000000 0.000000 0.000000 0.000000 0.000000 0.000000 0.000000 0.000000 0.000000 0.000000 0.000000 0.000000 0.000000 0.000000 0.000000 0.000000 0.000000 0.000000 0.000000 0.000000 0.000000 0.000000 0.000000 0.000000 0.000000 0.000000 0.000000 0.000000 0.000000 0.000000 0.000000 0.000000 0.000000 0.000000 0.000000 0.000000 0.000000 0.000000 0.000000 0.000000 0.000000 0.000000 0.000000 0.000000 0.000000 0.000000 0.000000 0.000000 0.000000 0.000000 0.000000 0.000000 0.000000 0.000000 0.000000 0.000000 0.000000 0.000000 0.000000 0.000000 0.000000 0.000000 0.000000 0.000000 0.000000 0.000000 0.000000 0.000000 0.000000 0.000000 0.000000 0.000000 0.000000 0.000000 0.000000 0.000000 0.000000 0.000000 0.000000 0.000000 0.000000 0.000000 0.000000 0.000000 0.000000 0.000000 0.000000 0.000000 0.000000 0.000000 0.000000 0.000000 0.000000 0.000000 0.000000 0.000000 0.000000 0.000000 0.000000 0.000000 0.000000 0.000000 0.000000 0.000000 0.000000 0.000000 0.000000 0.000000 0.000000 0.000000 0.000000 0.000000 0.000000 0.000000 0.000000 0.000000 0.000000 0.000000 0.000000 0.000000 0.000000 0.000000 0.000000 0.000000 0.000000 0.000000 0.000000 0.000000 0.000000 0.000000 0.000000 0.000000 0.000000 
-0.030744 3.033262 2.113071 -12.134202 1.452602 -6.284426 -1.366533 13.485024 1.298996 62.746895 2.681858 -2.394932 -2.304162 4.010482 7.888193 2.626131 1.934096 -0.515968 5.090693 -11.419316 0.497108 3.116355 0.150858 -0.578748 0.689182 -0.651955 -0.837491 -1.413113 -18.407350 0.207173 -2.611430 -0.263866 1.410744 0.187184 0.333474 73.251325 1.000000 0.000000 0.000000 0.000000 0.000000 0.000000 0.000000 0.000000 0.000000 0.000000 0.000000 0.000000 0.000000 0.000000 0.000000 0.000000 0.000000 0.000000 0.000000 0.000000 0.000000 0.000000 0.000000 0.000000 0.000000 0.000000 0.000000 0.000000 0.000000 0.000000 0.000000 0.000000 0.000000 0.000000 0.000000 0.000000 0.000000 0.000000 0.000000 0.000000 0.000000 0.000000 0.000000 0.000000 0.000000 0.000000 0.000000 0.000000 0.000000 0.000000 0.000000 0.000000 0.000000 0.000000 0.000000 0.000000 0.000000 0.000000 0.000000 0.000000 0.000000 0.000000 0.000000 0.000000 0.000000 0.000000 0.000000 0.000000 0.000000 0.000000 0.000000 0.000000 0.000000 0.000000 0.000000 0.000000 0.000000 0.000000 0.000000 0.000000 0.000000 0.000000 0.000000 0.000000 0.000000 0.000000 0.000000 0.000000 0.000000 0.000000 0.000000 0.000000 0.000000 0.000000 0.000000 0.000000 0.000000 0.000000 0.000000 0.000000 0.000000 0.000000 0.000000 0.000000 0.000000 0.000000 0.000000 0.000000 0.000000 0.000000 0.000000 0.000000 0.000000 0.000000 0.000000 0.000000 0.000000 0.000000 0.000000 0.000000 0.000000 0.000000 0.000000 0.000000 0.000000 0.000000 0.000000 0.000000 0.000000 0.000000 0.000000 0.000000 0.000000 0.000000 0.000000 0.000000 0.000000 0.000000 0.000000 0.000000 0.000000 0.000000 0.000000 0.000000 0.000000 0.000000 0.000000 0.000000 0.000000 0.000000 0.000000 0.000000 0.000000 0.000000 0.000000 0.000000 0.000000 0.000000 0.000000 0.000000 0.000000 0.000000 0.000000 0.000000 
2.177562 -3.000155 -0.795897 -3.581310 0.429975 3.425347 0.807860 2.523304 0.347240 13.892258 0.614361 5.665540 0.628554 1.933244 6.211300 1.390488 1.244050 -0.800591 5.556255 -13.265096 -0.198403 10.368727 0.506318 -1.784694 0.469727 -1.057622 -0.408223 -1.244266 -52.331698 0.574335 -16.603049 -1.963450 -3.459713 -1.270738 -0.810857 145.135538 2.009749 1.000000 0.000000 0.000000 0.000000 0.000000 0.000000 0.000000 0.000000 0.000000 0.000000 0.000000 0.000000 0.000000 0.000000 0.000000 0.000000 0.000000 0.000000 0.000000 0.000000 0.000000 0.000000 0.000000 0.000000 0.000000 0.000000 0.000000 0.000000 0.000000 0.000000 0.000000 0.000000 0.000000 0.000000 0.000000 0.000000 0.000000 0.000000 0.000000 0.000000 0.000000 0.000000 0.000000 0.000000 0.000000 0.000000 0.000000 0.000000 0.000000 0.000000 0.000000 0.000000 0.000000 0.000000 0.000000 0.000000 0.000000 0.000000 0.000000 0.000000 0.000000 0.000000 0.000000 0.000000 0.000000 0.000000 0.000000 0.000000 0.000000 0.000000 0.000000 0.000000 0.000000 0.000000 0.000000 0.000000 0.000000 0.000000 0.000000 0.000000 0.000000 0.000000 0.000000 0.000000 0.000000 0.000000 0.000000 0.000000 0.000000 0.000000 0.000000 0.000000 0.000000 0.000000 0.000000 0.000000 0.000000 0.000000 0.000000 0.000000 0.000000 0.000000 0.000000 0.000000 0.000000 0.000000 0.000000 0.000000 0.000000 0.000000 0.000000 0.000000 0.000000 0.000000 0.000000 0.000000 0.000000 0.000000 0.000000 0.000000 0.000000 0.000000 0.000000 0.000000 0.000000 0.000000 0.000000 0.000000 0.000000 0.000000 0.000000 0.000000 0.000000 0.000000 0.000000 0.000000 0.000000 0.000000 0.000000 0.000000 0.000000 0.000000 0.000000 0.000000 0.000000 0.000000 0.000000 0.000000 0.000000 0.000000 0.000000 0.000000 0.000000 0.000000 0.000000 0.000000 0.000000 0.000000 0.000000 0.000000 0.000000 0.000000 0.000000 
-0.103048 -2.049086 -1.633480 1.690706 -0.248376 -6.481187 -1.447237 5.233245 0.343957 0.369125 0.079203 -4.523386 -1.332969 0.672299 -0.949896 0.373063 -0.425696 0.039865 6.392193 -17.030203 1.334535 -1.263611 -0.016345 0.076139 0.302409 -0.940100 -1.274342 -3.917989 -15.822926 0.176789 -7.127758 -0.774908 -2.263613 -0.914714 -0.728414 157.695855 2.153986 1.125876 1.000000 0.000000 0.000000 0.000000 0.000000 0.000000 0.000000 0.000000 0.000000 0.000000 0.000000 0.000000 0.000000 0.000000 0.000000 0.000000 0.000000 0.000000 0.000000 0.000000 0.000000 0.000000 0.000000 0.000000 0.000000 0.000000 0.000000 0.000000 0.000000 0.000000 0.000000 0.000000 0.000000 0.000000 0.000000 0.000000 0.000000 0.000000 0.000000 0.000000 0.000000 0.000000 0.000000 0.000000 0.000000 0.000000 0.000000 0.000000 0.000000 0.000000 0.000000 0.000000 0.000000 0.000000 0.000000 0.000000 0.000000 0.000000 0.000000 0.000000 0.000000 0.000000 0.000000 0.000000 0.000000 0.000000 0.000000 0.000000 0.000000 0.000000 0.000000 0.000000 0.000000 0.000000 0.000000 0.000000 0.000000 0.000000 0.000000 0.000000 0.000000 0.000000 0.000000 0.000000 0.000000 0.000000 0.000000 0.000000 0.000000 0.000000 0.000000 0.000000 0.000000 0.000000 0.000000 0.000000 0.000000 0.000000 0.000000 0.000000 0.000000 0.000000 0.000000 0.000000 0.000000 0.000000 0.000000 0.000000 0.000000 0.000000 0.000000 0.000000 0.000000 0.000000 0.000000 0.000000 0.000000 0.000000 0.000000 0.000000 0.000000 0.000000 0.000000 0.000000 0.000000 0.000000 0.000000 0.000000 0.000000 0.000000 0.000000 0.000000 0.000000 0.000000 0.000000 0.000000 0.000000 0.000000 0.000000 0.000000 0.000000 0.000000 0.000000 0.000000 0.000000 0.000000 0.000000 0.000000 0.000000 0.000000 0.000000 0.000000 0.000000 0.000000 0.000000 0.000000 0.000000 0.000000 0.000000 0.000000 0.000000 0.000000 
0.953136 2.773050 2.121461 7.523859 -0.739534 9.606379 1.770736 -15.915192 -1.396963 -51.881562 -2.153392 -2.539434 1.298029 -5.508895 -14.125253 -3.690533 -3.476944 1.090232 -6.255513 13.925991 -0.596219 -4.687898 -0.076235 -0.548559 0.879258 -0.846683 -1.603485 0.159805 111.581148 -1.260912 0.696942 0.111346 1.573191 0.999102 0.390806 -79.818319 -1.108936 0.496403 0.386774 1.000000 0.000000 0.000000 0.000000 0.000000 0.000000 0.000000 0.000000 0.000000 0.000000 0.000000 0.000000 0.000000 0.000000 0.000000 0.000000 0.000000 0.000000 0.000000 0.000000 0.000000 0.000000 0.000000 0.000000 0.000000 0.000000 0.000000 0.000000 0.000000 0.000000 0.000000 0.000000 0.000000 0.000000 0.000000 0.000000 0.000000 0.000000 0.000000 0.000000 0.000000 0.000000 0.000000 0.000000 0.000000 0.000000 0.000000 0.000000 0.000000 0.000000 0.000000 0.000000 0.000000 0.000000 0.000000 0.000000 0.000000 0.000000 0.000000 0.000000 0.000000 0.000000 0.000000 0.000000 0.000000 0.000000 0.000000 0.000000 0.000000 0.000000 0.000000 0.000000 0.000000 0.000000 0.000000 0.000000 0.000000 0.000000 0.000000 0.000000 0.000000 0.000000 0.000000 0.000000 0.000000 0.000000 0.000000 0.000000 0.000000 0.000000 0.000000 0.000000 0.000000 0.000000 0.000000 0.000000 0.000000 0.000000 0.000000 0.000000 0.000000 0.000000 0.000000 0.000000 0.000000 0.000000 0.000000 0.000000 0.000000 0.000000 0.000000 0.000000 0.000000 0.000000 0.000000 0.000000 0.000000 0.000000 0.000000 0.000000 0.000000 0.000000 0.000000 0.000000 0.000000 0.000000 0.000000 0.000000 0.000000 0.000000 0.000000 0.000000 0.000000 0.000000 0.000000 0.000000 0.000000 0.000000 0.000000 0.000000 0.000000 0.000000 0.000000 0.000000 0.000000 0.000000 0.000000 0.000000 0.000000 0.000000 0.000000 0.000000 0.000000 0.000000 0.000000 0.000000 0.000000 0.000000 0.000000 0.000000 0.000000 
-1.717669 2.753591 0.810028 -8.415250 0.955995 -1.077834 -0.228166 5.338592 0.602571 38.157665 1.598810 1.602956 -0.596095 2.458861 6.572624 1.698894 1.657787 -0.435374 3.192836 -5.741692 0.006340 3.736208 0.171759 1.192127 0.031595 0.940311 0.328549 0.201825 -12.832117 0.155397 4.735300 0.548286 3.117384 1.149481 1.070709 33.587341 0.474179 -0.923326 -0.083946 -7.463661 1.000000 0.000000 0.000000 0.000000 0.000000 0.000000 0.000000 0.000000 0.000000 0.000000 0.000000 0.000000 0.000000 0.000000 0.000000 0.000000 0.000000 0.000000 0.000000 0.000000 0.000000 0.000000 0.000000 0.000000 0.000000 0.000000 0.000000 0.000000 0.000000 0.000000 0.000000 0.000000 0.000000 0.000000 0.000000 0.000000 0.000000 0.000000 0.000000 0.000000 0.000000 0.000000 0.000000 0.000000 0.000000 0.000000 0.000000 0.000000 0.000000 0.000000 0.000000 0.000000 0.000000 0.000000 0.000000 0.000000 0.000000 0.000000 0.000000 0.000000 0.000000 0.000000 0.000000 0.000000 0.000000 0.000000 0.000000 0.000000 0.000000 0.000000 0.000000 0.000000 0.000000 0.000000 0.000000 0.000000 0.000000 0.000000 0.000000 0.000000 0.000000 0.000000 0.000000 0.000000 0.000000 0.000000 0.000000 0.000000 0.000000 0.000000 0.000000 0.000000 0.000000 0.000000 0.000000 0.000000 0.000000 0.000000 0.000000 0.000000 0.000000 0.000000 0.000000 0.000000 0.000000 0.000000 0.000000 0.000000 0.000000 0.000000 0.000000 0.000000 0.000000 0.000000 0.000000 0.000000 0.000000 0.000000 0.000000 0.000000 0.000000 0.000000 0.000000 0.000000 0.000000 0.000000 0.000000 0.000000 0.000000 0.000000 0.000000 0.000000 0.000000 0.000000 0.000000 0.000000 0.000000 0.000000 0.000000 0.000000 0.000000 0.000000 0.000000 0.000000 0.000000 0.000000 0.000000 0.000000 0.000000 0.000000 0.000000 0.000000 0.000000 0.000000 0.000000 0.000000 0.000000 0.000000 0.000000 0.000000 
-0.990463 -0.582415 -1.115323 14.719617 -1.736692 7.285639 1.291137 -18.188281 -1.733271 -20.400313 -0.853738 3.037514 1.144933 -2.448391 -4.155583 -0.861537 -0.865846 0.075161 -7.071479 18.045251 0.395033 -15.367160 -0.680620 2.472518 -0.391886 0.286471 -0.276264 0.742575 45.791474 -0.515890 2.578407 0.339992 2.661253 1.138636 1.285065 -57.851364 -0.767186 -1.478997 3.247443 -42.099926 6.528461 1.000000 0.000000 0.000000 0.000000 0.000000 0.000000 0.000000 0.000000 0.000000 0.000000 0.000000 0.000000 0.000000 0.000000 0.000000 0.000000 0.000000 0.000000 0.000000 0.000000 0.000000 0.000000 0.000000 0.000000 0.000000 0.000000 0.000000 0.000000 0.000000 0.000000 0.000000 0.000000 0.000000 0.000000 0.000000 0.000000 0.000000 0.000000 0.000000 0.000000 0.000000 0.000000 0.000000 0.000000 0.000000 0.000000 0.000000 0.000000 0.000000 0.000000 0.000000 0.000000 0.000000 0.000000 0.000000 0.000000 0.000000 0.000000 0.000000 0.000000 0.000000 0.000000 0.000000 0.000000 0.000000 0.000000 0.000000 0.000000 0.000000 0.000000 0.000000 0.000000 0.000000 0.000000 0.000000 0.000000 0.000000 0.000000 0.000000 0.000000 0.000000 0.000000 0.000000 0.000000 0.000000 0.000000 0.000000 0.000000 0.000000 0.000000 0.000000 0.000000 0.000000 0.000000 0.000000 0.000000 0.000000 0.000000 0.000000 0.000000 0.000000 0.000000 0.000000 0.000000 0.000000 0.000000 0.000000 0.000000 0.000000 0.000000 0.000000 0.000000 0.000000 0.000000 0.000000 0.000000 0.000000 0.000000 0.000000 0.000000 0.000000 0.000000 0.000000 0.000000 0.000000 0.000000 0.000000 0.000000 0.000000 0.000000 0.000000 0.000000 0.000000 0.000000 0.000000 0.000000 0.000000 0.000000 0.000000 0.000000 0.000000 0.000000 0.000000 0.000000 0.000000 0.000000 0.000000 0.000000 0.000000 0.000000 0.000000 0.000000 0.000000 0.000000 0.000000 0.000000 0.000000 0.000000 0.000000 
0.915617 -0.140290 -0.444861 -4.021640 0.468585 -1.881646 -0.317003 3.119077 0.407730 -9.479741 -0.338161 0.384035 0.416708 -1.052348 -3.365491 -0.775713 -1.009434 0.749231 -1.036016 2.613461 -0.728120 4.945172 0.253034 -2.007801 0.408600 -0.814733 -0.287266 -3.179312 -68.550360 0.778382 -10.955307 -1.306480 0.001061 -1.010612 -0.709220 308.928756 4.233507 1.104694 0.627964 -8.363574 -0.644346 0.407565 1.000000 0.000000 0.000000 0.000000 0.000000 0.000000 0.000000 0.000000 0.000000 0.000000 0.000000 0.000000 0.000000 0.000000 0.000000 0.000000 0.000000 0.000000 0.000000 0.000000 0.000000 0.000000 0.000000 0.000000 0.000000 0.000000 0.000000 0.000000 0.000000 0.000000 0.000000 0.000000 0.000000 0.000000 0.000000 0.000000 0.000000 0.000000 0.000000 0.000000 0.000000 0.000000 0.000000 0.000000 0.000000 0.000000 0.000000 0.000000 0.000000 0.000000 0.000000 0.000000 0.000000 0.000000 0.000000 0.000000 0.000000 0.000000 0.000000 0.000000 0.000000 0.000000 0.000000 0.000000 0.000000 0.000000 0.000000 0.000000 0.000000 0.000000 0.000000 0.000000 0.000000 0.000000 0.000000 0.000000 0.000000 0.000000 0.000000 0.000000 0.000000 0.000000 0.000000 0.000000 0.000000 0.000000 0.000000 0.000000 0.000000 0.000000 0.000000 0.000000 0.000000 0.000000 0.000000 0.000000 0.000000 0.000000 0.000000 0.000000 0.000000 0.000000 0.000000 0.000000 0.000000 0.000000 0.000000 0.000000 0.000000 0.000000 0.000000 0.000000 0.000000 0.000000 0.000000 0.000000 0.000000 0.000000 0.000000 0.000000 0.000000 0.000000 0.000000 0.000000 0.000000 0.000000 0.000000 0.000000 0.000000 0.000000 0.000000 0.000000 0.000000 0.000000 0.000000 0.000000 0.000000 0.000000 0.000000 0.000000 0.000000 0.000000 0.000000 0.000000 0.000000 0.000000 0.000000 0.000000 0.000000 0.000000 0.000000 0.000000 0.000000 0.000000 0.000000 0.000000 0.000000 0.000000 
2.391933 5.756925 3.626960 -3.636852 0.565392 4.985213 0.960336 -6.243150 -0.518827 -25.004049 -0.980980 3.854895 1.382778 -2.416949 -4.148932 -1.109386 -1.105396 0.281629 1.666986 -3.946306 0.099728 1.192565 0.160410 -1.007018 1.152080 -1.357532 -2.016472 -0.492212 105.060457 -1.184266 5.320350 0.685711 -0.366060 -0.559986 -0.916638 144.445601 2.005339 -0.114166 -3.646372 24.078369 -5.599764 -0.561937 3.379261 1.000000 0.000000 0.000000 0.000000 0.000000 0.000000 0.000000 0.000000 0.000000 0.000000 0.000000 0.000000 0.000000 0.000000 0.000000 0.000000 0.000000 0.000000 0.000000 0.000000 0.000000 0.000000 0.000000 0.000000 0.000000 0.000000 0.000000 0.000000 0.000000 0.000000 0.000000 0.000000 0.000000 0.000000 0.000000 0.000000 0.000000 0.000000 0.000000 0.000000 0.000000 0.000000 0.000000 0.000000 0.000000 0.000000 0.000000 0.000000 0.000000 0.000000 0.000000 0.000000 0.000000 0.000000 0.000000 0.000000 0.000000 0.000000 0.000000 0.000000 0.000000 0.000000 0.000000 0.000000 0.000000 0.000000 0.000000 0.000000 0.000000 0.000000 0.000000 0.000000 0.000000 0.000000 0.000000 0.000000 0.000000 0.000000 0.000000 0.000000 0.000000 0.000000 0.000000 0.000000 0.000000 0.000000 0.000000 0.000000 0.000000 0.000000 0.000000 0.000000 0.000000 0.000000 0.000000 0.000000 0.000000 0.000000 0.000000 0.000000 0.000000 0.000000 0.000000 0.000000 0.000000 0.000000 0.000000 0.000000 0.000000 0.000000 0.000000 0.000000 0.000000 0.000000 0.000000 0.000000 0.000000 0.000000 0.000000 0.000000 0.000000 0.000000 0.000000 0.000000 0.000000 0.000000 0.000000 0.000000 0.000000 0.000000 0.000000 0.000000 0.000000 0.000000 0.000000 0.000000 0.000000 0.000000 0.000000 0.000000 0.000000 0.000000 0.000000 0.000000 0.000000 0.000000 0.000000 0.000000 0.000000 0.000000 0.000000 0.000000 0.000000 0.000000 0.000000 0.000000 0.000000 
1.200249 2.243537 3.287224 -0.970960 0.212659 1.190037 0.348198 2.183323 0.215180 25.661032 1.094166 -2.177014 -1.081698 1.706570 2.936687 0.847850 0.725391 -0.238067 -4.696384 11.636771 -0.060903 -6.142283 -0.294913 -4.180603 1.174390 -1.381478 -0.163269 -2.177447 -48.709257 0.541158 -15.552949 -1.838679 -1.316240 0.613585 0.648972 -203.924928 -2.796669 -0.003727 3.335688 -19.775169 5.645139 0.374719 -3.326898 -0.845299 1.000000 0.000000 0.000000 0.000000 0.000000 0.000000 0.000000 0.000000 0.000000 0.000000 0.000000 0.000000 0.000000 0.000000 0.000000 0.000000 0.000000 0.000000 0.000000 0.000000 0.000000 0.000000 0.000000 0.000000 0.000000 0.000000 0.000000 0.000000 0.000000 0.000000 0.000000 0.000000 0.000000 0.000000 0.000000 0.000000 0.000000 0.000000 0.000000 0.000000 0.000000 0.000000 0.000000 0.000000 0.000000 0.000000 0.000000 0.000000 0.000000 0.000000 0.000000 0.000000 0.000000 0.000000 0.000000 0.000000 0.000000 0.000000 0.000000 0.000000 0.000000 0.000000 0.000000 0.000000 0.000000 0.000000 0.000000 0.000000 0.000000 0.000000 0.000000 0.000000 0.000000 0.000000 0.000000 0.000000 0.000000 0.000000 0.000000 0.000000 0.000000 0.000000 0.000000 0.000000 0.000000 0.000000 0.000000 0.000000 0.000000 0.000000 0.000000 0.000000 0.000000 0.000000 0.000000 0.000000 0.000000 0.000000 0.000000 0.000000 0.000000 0.000000 0.000000 0.000000 0.000000 0.000000 0.000000 0.000000 0.000000 0.000000 0.000000 0.000000 0.000000 0.000000 0.000000 0.000000 0.000000 0.000000 0.000000 0.000000 0.000000 0.000000 0.000000 0.000000 0.000000 0.000000 0.000000 0.000000 0.000000 0.000000 0.000000 0.000000 0.000000 0.000000 0.000000 0.000000 0.000000 0.000000 0.000000 0.000000 0.000000 0.000000 0.000000 0.000000 0.000000 0.000000 0.000000 0.000000 0.000000 0.000000 0.000000 0.000000 0.000000 0.000000 0.000000 0.000000 
-1.803483 -0.654092 -0.937617 2.912483 -0.405849 -3.731644 -0.836082 0.577876 -0.063252 11.915590 0.539081 -1.534150 -0.840024 0.877990 -0.149630 0.912280 -0.104905 0.180237 -5.741191 14.445234 0.081865 -9.836135 -0.469566 -0.339923 0.064785 0.587611 0.460335 -0.679864 8.726729 -0.087034 5.137836 0.607080 1.979714 0.740723 0.584742 -43.014316 -0.595804 -0.120520 3.906997 -30.818734 5.607157 0.665849 -0.774108 -0.193225 1.739103 1.000000 0.000000 0.000000 0.000000 0.000000 0.000000 0.000000 0.000000 0.000000 0.000000 0.000000 0.000000 0.000000 0.000000 0.000000 0.000000 0.000000 0.000000 0.000000 0.000000 0.000000 0.000000 0.000000 0.000000 0.000000 0.000000 0.000000 0.000000 0.000000 0.000000 0.000000 0.000000 0.000000 0.000000 0.000000 0.000000 0.000000 0.000000 0.000000 0.000000 0.000000 0.000000 0.000000 0.000000 0.000000 0.000000 0.000000 0.000000 0.000000 0.000000 0.000000 0.000000 0.000000 0.000000 0.000000 0.000000 0.000000 0.000000 0.000000 0.000000 0.000000 0.000000 0.000000 0.000000 0.000000 0.000000 0.000000 0.000000 0.000000 0.000000 0.000000 0.000000 0.000000 0.000000 0.000000 0.000000 0.000000 0.000000 0.000000 0.000000 0.000000 0.000000 0.000000 0.000000 0.000000 0.000000 0.000000 0.000000 0.000000 0.000000 0.000000 0.000000 0.000000 0.000000 0.000000 0.000000 0.000000 0.000000 0.000000 0.000000 0.000000 0.000000 0.000000 0.000000 0.000000 0.000000 0.000000 0.000000 0.000000 0.000000 0.000000 0.000000 0.000000 0.000000 0.000000 0.000000 0.000000 0.000000 0.000000 0.000000 0.000000 0.000000 0.000000 0.000000 0.000000 0.000000 0.000000 0.000000 0.000000 0.000000 0.000000 0.000000 0.000000 0.000000 0.000000 0.000000 0.000000 0.000000 0.000000 0.000000 0.000000 0.000000 0.000000 0.000000 0.000000 0.000000 0.000000 0.000000 0.000000 0.000000 0.000000 0.000000 0.000000 0.000000 0.000000 
-0.497099 4.136961 1.735786 2.503822 -0.268157 -4.109609 -1.034621 -3.195933 -0.559163 -25.960601 -1.020414 -4.059295 -0.644912 -1.848396 -7.012239 -0.605675 -1.748181 0.760459 -4.126912 9.171633 0.466860 -10.260621 -0.468685 1.230035 -0.424111 0.574815 0.312971 -2.930273 -100.712481 1.137720 -7.475833 -0.923964 -2.992858 -1.563849 -1.097543 131.358497 1.807685 1.497151 1.672438 -7.171020 1.802474 -0.003670 -1.998467 -0.652996 -0.603168 0.934355 1.000000 0.000000 0.000000 0.000000 0.000000 0.000000 0.000000 0.000000 0.000000 0.000000 0.000000 0.000000 0.000000 0.000000 0.000000 0.000000 0.000000 0.000000 0.000000 0.000000 0.000000 0.000000 0.000000 0.000000 0.000000 0.000000 0.000000 0.000000 0.000000 0.000000 0.000000 0.000000 0.000000 0.000000 0.000000 0.000000 0.000000 0.000000 0.000000 0.000000 0.000000 0.000000 0.000000 0.000000 0.000000 0.000000 0.000000 0.000000 0.000000 0.000000 0.000000 0.000000 0.000000 0.000000 0.000000 0.000000 0.000000 0.000000 0.000000 0.000000 0.000000 0.000000 0.000000 0.000000 0.000000 0.000000 0.000000 0.000000 0.000000 0.000000 0.000000 0.000000 0.000000 0.000000 0.000000 0.000000 0.000000 0.000000 0.000000 0.000000 0.000000 0.000000 0.000000 0.000000 0.000000 0.000000 0.000000 0.000000 0.000000 0.000000 0.000000 0.000000 0.000000 0.000000 0.000000 0.000000 0.000000 0.000000 0.000000 0.000000 0.000000 0.000000 0.000000 0.000000 0.000000 0.000000 0.000000 0.000000 0.000000 0.000000 0.000000 0.000000 0.000000 0.000000 0.000000 0.000000 0.000000 0.000000 0.000000 0.000000 0.000000 0.000000 0.000000 0.000000 0.000000 0.000000 0.000000 0.000000 0.000000 0.000000 0.000000 0.000000 0.000000 0.000000 0.000000 0.000000 0.000000 0.000000 0.000000 0.000000 0.000000 0.000000 0.000000 0.000000 0.000000 0.000000 0.000000 0.000000 0.000000 0.000000 0.000000 0.000000 0.000000 0.000000 
1.354944 2.466874 1.439374 -13.105002 1.584085 -7.896860 -1.711236 13.379323 1.056969 -8.813004 -0.268572 6.893875 0.966298 1.052141 5.298932 0.595139 0.748076 -0.511115 2.193570 -4.551489 0.612750 -2.437570 -0.128545 0.826344 -0.404003 -0.076290 0.018443 -0.616005 -70.174088 0.783152 -8.227262 -0.988205 -2.629088 -1.834803 -1.216869 176.710576 2.421986 0.958400 -2.508964 18.498959 -4.213580 -0.294366 1.502966 0.324135 2.284968 1.103420 0.016203 1.000000 0.000000 0.000000 0.000000 0.000000 0.000000 0.000000 0.000000 0.000000 0.000000 0.000000 0.000000 0.000000 0.000000 0.000000 0.000000 0.000000 0.000000 0.000000 0.000000 0.000000 0.000000 0.000000 0.000000 0.000000 0.000000 0.000000 0.000000 0.000000 0.000000 0.000000 0.000000 0.000000 0.000000 0.000000 0.000000 0.000000 0.000000 0.000000 0.000000 0.000000 0.000000 0.000000 0.000000 0.000000 0.000000 0.000000 0.000000 0.000000 0.000000 0.000000 0.000000 0.000000 0.000000 0.000000 0.000000 0.000000 0.000000 0.000000 0.000000 0.000000 0.000000 0.000000 0.000000 0.000000 0.000000 0.000000 0.000000 0.000000 0.000000 0.000000 0.000000 0.000000 0.000000 0.000000 0.000000 0.000000 0.000000 0.000000 0.000000 0.000000 0.000000 0.000000 0.000000 0.000000 0.000000 0.000000 0.000000 0.000000 0.000000 0.000000 0.000000 0.000000 0.000000 0.000000 0.000000 0.000000 0.000000 0.000000 0.000000 0.000000 0.000000 0.000000 0.000000 0.000000 0.000000 0.000000 0.000000 0.000000 0.000000 0.000000 0.000000 0.000000 0.000000 0.000000 0.000000 0.000000 0.000000 0.000000 0.000000 0.000000 0.000000 0.000000 0.000000 0.000000 0.000000 0.000000 0.000000 0.000000 0.000000 0.000000 0.000000 0.000000 0.000000 0.000000 0.000000 0.000000 0.000000 0.000000 0.000000 0.000000 0.000000 0.000000 0.000000 0.000000 0.000000 0.000000 0.000000 0.000000 0.000000 0.000000 0.000000 0.000000 
0.112169 7.279271 4.766720 -5.278059 0.741908 -0.240024 -0.207839 0.406246 0.001719 18.269703 0.802946 -1.417541 -0.915181 0.502374 -0.038992 0.794765 0.149229 -0.264169 -0.590617 1.726992 0.813350 -9.449811 -0.351487 3.657702 -0.504683 0.943440 -0.464971 2.154932 55.907434 -0.630786 7.492518 0.894475 0.531085 -0.520893 0.128893 74.736477 1.041556 -0.145466 1.325739 -23.051564 2.793965 0.624794 -3.225471 -1.313381 -9.753316 -2.023539 1.869865 -0.921260 1.000000 0.000000 0.000000 0.000000 0.000000 0.000000 0.000000 0.000000 0.000000 0.000000 0.000000 0.000000 0.000000 0.000000 0.000000 0.000000 0.000000 0.000000 0.000000 0.000000 0.000000 0.000000 0.000000 0.000000 0.000000 0.000000 0.000000 0.000000 0.000000 0.000000 0.000000 0.000000 0.000000 0.000000 0.000000 0.000000 0.000000 0.000000 0.000000 0.000000 0.000000 0.000000 0.000000 0.000000 0.000000 0.000000 0.000000 0.000000 0.000000 0.000000 0.000000 0.000000 0.000000 0.000000 0.000000 0.000000 0.000000 0.000000 0.000000 0.000000 0.000000 0.000000 0.000000 0.000000 0.000000 0.000000 0.000000 0.000000 0.000000 0.000000 0.000000 0.000000 0.000000 0.000000 0.000000 0.000000 0.000000 0.000000 0.000000 0.000000 0.000000 0.000000 0.000000 0.000000 0.000000 0.000000 0.000000 0.000000 0.000000 0.000000 0.000000 0.000000 0.000000 0.000000 0.000000 0.000000 0.000000 0.000000 0.000000 0.000000 0.000000 0.000000 0.000000 0.000000 0.000000 0.000000 0.000000 0.000000 0.000000 0.000000 0.000000 0.000000 0.000000 0.000000 0.000000 0.000000 0.000000 0.000000 0.000000 0.000000 0.000000 0.000000 0.000000 0.000000 0.000000 0.000000 0.000000 0.000000 0.000000 0.000000 0.000000 0.000000 0.000000 0.000000 0.000000 0.000000 0.000000 0.000000 0.000000 0.000000 0.000000 0.000000 0.000000 0.000000 0.000000 0.000000 0.000000 0.000000 0.000000 0.000000 0.000000 0.000000 
-1.123209 -2.163212 0.063380 5.023751 -0.565822 2.853752 0.568585 -2.336234 -0.175756 0.846104 0.042170 -2.485129 -0.250193 -0.544748 -3.158114 -0.569788 -0.896572 0.113528 -3.324013 6.994862 -0.036587 -4.469706 -0.127958 -2.095679 1.194954 -0.470175 -1.055052 -1.542936 76.681075 -0.856590 0.029854 0.046086 2.201947 1.916229 1.504430 -144.639692 -2.014248 0.253859 2.267189 -5.883087 3.023617 -0.031520 -0.995682 -0.033372 2.983719 0.932092 -0.534071 0.388264 -0.651671 1.000000 0.000000 0.000000 0.000000 0.000000 0.000000 0.000000 0.000000 0.000000 0.000000 0.000000 0.000000 0.000000 0.000000 0.000000 0.000000 0.000000 0.000000 0.000000 0.000000 0.000000 0.000000 0.000000 0.000000 0.000000 0.000000 0.000000 0.000000 0.000000 0.000000 0.000000 0.000000 0.000000 0.000000 0.000000 0.000000 0.000000 0.000000 0.000000 0.000000 0.000000 0.000000 0.000000 0.000000 0.000000 0.000000 0.000000 0.000000 0.000000 0.000000 0.000000 0.000000 0.000000 0.000000 0.000000 0.000000 0.000000 0.000000 0.000000 0.000000 0.000000 0.000000 0.000000 0.000000 0.000000 0.000000 0.000000 0.000000 0.000000 0.000000 0.000000 0.000000 0.000000 0.000000 0.000000 0.000000 0.000000 0.000000 0.000000 0.000000 0.000000 0.000000 0.000000 0.000000 0.000000 0.000000 0.000000 0.000000 0.000000 0.000000 0.000000 0.000000 0.000000 0.000000 0.000000 0.000000 0.000000 0.000000 0.000000 0.000000 0.000000 0.000000 0.000000 0.000000 0.000000 0.000000 0.000000 0.000000 0.000000 0.000000 0.000000 0.000000 0.000000 0.000000 0.000000 0.000000 0.000000 0.000000 0.000000 0.000000 0.000000 0.000000 0.000000 0.000000 0.000000 0.000000 0.000000 0.000000 0.000000 0.000000 0.000000 0.000000 0.000000 0.000000 0.000000 0.000000 0.000000 0.000000 0.000000 0.000000 0.000000 0.000000 0.000000 0.000000 0.000000 0.000000 0.000000 0.000000 0.000000 0.000000 0.000000 
-1.693219 -3.901371 -2.677688 4.374911 -0.625833 -3.722641 -0.673772 3.196944 0.354599 22.544599 0.910583 -4.765772 -1.205580 1.110990 0.289964 0.404284 0.330394 -0.065007 -4.676401 11.278710 -0.664369 -0.922800 -0.060434 -2.366923 0.416495 -0.634828 0.273488 3.024512 81.113143 -0.912887 11.233779 1.338135 1.614833 1.450662 0.652844 -250.559881 -3.435067 -1.356498 1.945765 -19.558528 3.824071 0.609015 -0.770427 -0.166398 -1.497288 -1.221106 -0.361314 -0.582981 0.477116 0.795170 1.000000 0.000000 0.000000 0.000000 0.000000 0.000000 0.000000 0.000000 0.000000 0.000000 0.000000 0.000000 0.000000 0.000000 0.000000 0.000000 0.000000 0.000000 0.000000 0.000000 0.000000 0.000000 0.000000 0.000000 0.000000 0.000000 0.000000 0.000000 0.000000 0.000000 0.000000 0.000000 0.000000 0.000000 0.000000 0.000000 0.000000 0.000000 0.000000 0.000000 0.000000 0.000000 0.000000 0.000000 0.000000 0.000000 0.000000 0.000000 0.000000 0.000000 0.000000 0.000000 0.000000 0.000000 0.000000 0.000000 0.000000 0.000000 0.000000 0.000000 0.000000 0.000000 0.000000 0.000000 0.000000 0.000000 0.000000 0.000000 0.000000 0.000000 0.000000 0.000000 0.000000 0.000000 0.000000 0.000000 0.000000 0.000000 0.000000 0.000000 0.000000 0.000000 0.000000 0.000000 0.000000 0.000000 0.000000 0.000000 0.000000 0.000000 0.000000 0.000000 0.000000 0.000000 0.000000 0.000000 0.000000 0.000000 0.000000 0.000000 0.000000 0.000000 0.000000 0.000000 0.000000 0.000000 0.000000 0.000000 0.000000 0.000000 0.000000 0.000000 0.000000 0.000000 0.000000 0.000000 0.000000 0.000000 0.000000 0.000000 0.000000 0.000000 0.000000 0.000000 0.000000 0.000000 0.000000 0.000000 0.000000 0.000000 0.000000 0.000000 0.000000 0.000000 0.000000 0.000000 0.000000 0.000000 0.000000 0.000000 0.000000 0.000000 0.000000 0.000000 0.000000 0.000000 0.000000 0.000000 0.000000 0.000000 
-1.507887 1.238309 -2.745024 0.039779 -0.171281 -7.398195 -1.502996 -1.700463 -0.426094 -40.334896 -1.690447 -0.008979 0.517277 -1.722597 -3.678612 -0.564000 -0.741543 0.183976 2.169898 -6.427996 0.661225 -1.680350 -0.079774 -0.164027 0.353302 -0.133964 -0.497540 -1.054799 32.865635 -0.356495 10.982580 1.334778 0.816189 0.791030 0.021013 -12.688552 -0.177706 -0.443712 -0.263416 6.182740 -1.022994 -0.192960 -1.700257 -0.610262 -5.943071 -2.690834 0.038521 -1.652520 0.529193 -1.205220 0.326483 1.000000 0.000000 0.000000 0.000000 0.000000 0.000000 0.000000 0.000000 0.000000 0.000000 0.000000 0.000000 0.000000 0.000000 0.000000 0.000000 0.000000 0.000000 0.000000 0.000000 0.000000 0.000000 0.000000 0.000000 0.000000 0.000000 0.000000 0.000000 0.000000 0.000000 0.000000 0.000000 0.000000 0.000000 0.000000 0.000000 0.000000 0.000000 0.000000 0.000000 0.000000 0.000000 0.000000 0.000000 0.000000 0.000000 0.000000 0.000000 0.000000 0.000000 0.000000 0.000000 0.000000 0.000000 0.000000 0.000000 0.000000 0.000000 0.000000 0.000000 0.000000 0.000000 0.000000 0.000000 0.000000 0.000000 0.000000 0.000000 0.000000 0.000000 0.000000 0.000000 0.000000 0.000000 0.000000 0.000000 0.000000 0.000000 0.000000 0.000000 0.000000 0.000000 0.000000 0.000000 0.000000 0.000000 0.000000 0.000000 0.000000 0.000000 0.000000 0.000000 0.000000 0.000000 0.000000 0.000000 0.000000 0.000000 0.000000 0.000000 0.000000 0.000000 0.000000 0.000000 0.000000 0.000000 0.000000 0.000000 0.000000 0.000000 0.000000 0.000000 0.000000 0.000000 0.000000 0.000000 0.000000 0.000000 0.000000 0.000000 0.000000 0.000000 0.000000 0.000000 0.000000 0.000000 0.000000 0.000000 0.000000 0.000000 0.000000 0.000000 0.000000 0.000000 0.000000 0.000000 0.000000 0.000000 0.000000 0.000000 0.000000 0.000000 0.000000 0.000000 0.000000 0.000000 0.000000 0.000000 0.000000 
-0.869003 -1.003572 -1.496029 -2.845740 0.269279 -2.601682 -0.609645 2.943232 0.236521 12.462434 0.558131 0.014868 -0.451762 0.651423 0.783626 0.578269 0.157282 -0.057317 -3.518015 9.256125 -0.150439 -4.698628 -0.170548 -0.139445 0.357599 -0.171386 -0.400689 2.050424 95.030155 -1.071138 2.318832 0.300313 4.813547 2.766933 2.483047 -208.068312 -2.834975 -1.698286 5.770776 -60.287868 11.086293 1.328206 -2.406738 -0.633124 -1.327770 -0.658192 -0.101377 -0.747701 0.106340 0.580052 1.933604 0.959333 1.000000 0.000000 0.000000 0.000000 0.000000 0.000000 0.000000 0.000000 0.000000 0.000000 0.000000 0.000000 0.000000 0.000000 0.000000 0.000000 0.000000 0.000000 0.000000 0.000000 0.000000 0.000000 0.000000 0.000000 0.000000 0.000000 0.000000 0.000000 0.000000 0.000000 0.000000 0.000000 0.000000 0.000000 0.000000 0.000000 0.000000 0.000000 0.000000 0.000000 0.000000 0.000000 0.000000 0.000000 0.000000 0.000000 0.000000 0.000000 0.000000 0.000000 0.000000 0.000000 0.000000 0.000000 0.000000 0.000000 0.000000 0.000000 0.000000 0.000000 0.000000 0.000000 0.000000 0.000000 0.000000 0.000000 0.000000 0.000000 0.000000 0.000000 0.000000 0.000000 0.000000 0.000000 0.000000 0.000000 0.000000 0.000000 0.000000 0.000000 0.000000 0.000000 0.000000 0.000000 0.000000 0.000000 0.000000 0.000000 0.000000 0.000000 0.000000 0.000000 0.000000 0.000000 0.000000 0.000000 0.000000 0.000000 0.000000 0.000000 0.000000 0.000000 0.000000 0.000000 0.000000 0.000000 0.000000 0.000000 0.000000 0.000000 0.000000 0.000000 0.000000 0.000000 0.000000 0.000000 0.000000 0.000000 0.000000 0.000000 0.000000 0.000000 0.000000 0.000000 0.000000 0.000000 0.000000 0.000000 0.000000 0.000000 0.000000 0.000000 0.000000 0.000000 0.000000 0.000000 0.000000 0.000000 0.000000 0.000000 0.000000 0.000000 0.000000 0.000000 0.000000 0.000000 0.000000 0.000000 
0.362739 4.274958 1.738029 -9.504106 1.129588 -8.137118 -1.780349 7.116316 0.497697 -4.954209 -0.143940 1.614824 -0.081026 -0.703159 -0.303846 0.507858 0.142304 0.064183 3.973631 -8.820940 0.402355 2.016421 0.128611 1.346541 0.176667 -0.260953 -0.785021 -1.074493 28.247752 -0.317287 -0.901941 -0.066164 1.363891 0.713022 0.955726 -119.378293 -1.631813 -0.319488 5.654731 -43.500112 9.331679 0.820187 -4.660356 -1.325456 -3.332327 -0.661475 1.037527 -0.745649 0.745277 3.087541 1.246673 0.090711 -2.111037 1.000000 0.000000 0.000000 0.000000 0.000000 0.000000 0.000000 0.000000 0.000000 0.000000 0.000000 0.000000 0.000000 0.000000 0.000000 0.000000 0.000000 0.000000 0.000000 0.000000 0.000000 0.000000 0.000000 0.000000 0.000000 0.000000 0.000000 0.000000 0.000000 0.000000 0.000000 0.000000 0.000000 0.000000 0.000000 0.000000 0.000000 0.000000 0.000000 0.000000 0.000000 0.000000 0.000000 0.000000 0.000000 0.000000 0.000000 0.000000 0.000000 0.000000 0.000000 0.000000 0.000000 0.000000 0.000000 0.000000 0.000000 0.000000 0.000000 0.000000 0.000000 0.000000 0.000000 0.000000 0.000000 0.000000 0.000000 0.000000 0.000000 0.000000 0.000000 0.000000 0.000000 0.000000 0.000000 0.000000 0.000000 0.000000 0.000000 0.000000 0.000000 0.000000 0.000000 0.000000 0.000000 0.000000 0.000000 0.000000 0.000000 0.000000 0.000000 0.000000 0.000000 0.000000 0.000000 0.000000 0.000000 0.000000 0.000000 0.000000 0.000000 0.000000 0.000000 0.000000 0.000000 0.000000 0.000000 0.000000 0.000000 0.000000 0.000000 0.000000 0.000000 0.000000 0.000000 0.000000 0.000000 0.000000 0.000000 0.000000 0.000000 0.000000 0.000000 0.000000 0.000000 0.000000 0.000000 0.000000 0.000000 0.000000 0.000000 0.000000 0.000000 0.000000 0.000000 0.000000 0.000000 0.000000 0.000000 0.000000 0.000000 0.000000 0.000000 0.000000 0.000000 0.000000 0.000000 
-0.009962 1.099929 0.242168 -1.517635 0.177805 -6.471064 -1.419330 5.518129 0.400274 -6.793944 -0.213713 -0.695399 -0.427504 -0.219058 -1.628079 0.547375 -0.463594 0.285950 3.717883 -9.541741 0.634046 0.194329 -0.005960 2.423118 -0.898021 0.905556 0.353652 -2.371227 -52.653518 0.591703 -4.674775 -0.566618 -4.133329 -1.969437 -1.463618 86.982540 1.168818 1.849266 -0.120078 20.666725 -2.471688 -0.644788 1.154942 0.531089 5.980934 2.824956 0.082804 1.108261 -0.493372 -0.718668 -1.603160 -1.099815 -0.501261 -0.129212 1.000000 0.000000 0.000000 0.000000 0.000000 0.000000 0.000000 0.000000 0.000000 0.000000 0.000000 0.000000 0.000000 0.000000 0.000000 0.000000 0.000000 0.000000 0.000000 0.000000 0.000000 0.000000 0.000000 0.000000 0.000000 0.000000 0.000000 0.000000 0.000000 0.000000 0.000000 0.000000 0.000000 0.000000 0.000000 0.000000 0.000000 0.000000 0.000000 0.000000 0.000000 0.000000 0.000000 0.000000 0.000000 0.000000 0.000000 0.000000 0.000000 0.000000 0.000000 0.000000 0.000000 0.000000 0.000000 0.000000 0.000000 0.000000 0.000000 0.000000 0.000000 0.000000 0.000000 0.000000 0.000000 0.000000 0.000000 0.000000 0.000000 0.000000 0.000000 0.000000 0.000000 0.000000 0.000000 0.000000 0.000000 0.000000 0.000000 0.000000 0.000000 0.000000 0.000000 0.000000 0.000000 0.000000 0.000000 0.000000 0.000000 0.000000 0.000000 0.000000 0.000000 0.000000 0.000000 0.000000 0.000000 0.000000 0.000000 0.000000 0.000000 0.000000 0.000000 0.000000 0.000000 0.000000 0.000000 0.000000 0.000000 0.000000 0.000000 0.000000 0.000000 0.000000 0.000000 0.000000 0.000000 0.000000 0.000000 0.000000 0.000000 0.000000 0.000000 0.000000 0.000000 0.000000 0.000000 0.000000 0.000000 0.000000 0.000000 0.000000 0.000000 0.000000 0.000000 0.000000 0.000000 0.000000 0.000000 0.000000 0.000000 0.000000 0.000000 0.000000 0.000000 0.000000 
1.907539 4.077387 3.683837 1.914907 -0.133327 -4.300404 -0.957616 0.618875 -0.273627 -7.228882 -0.256073 4.417816 0.089904 1.216631 4.365512 1.793807 1.204225 -0.537681 5.671350 -12.385038 1.228376 -3.666513 -0.092054 3.913411 0.161184 0.445588 -1.713644 4.311376 187.680767 -2.108763 29.338792 3.530491 4.383360 0.457376 -0.149728 88.858036 1.238656 -1.090771 -4.208831 18.148176 -5.423703 -0.415103 5.360162 1.619268 3.651811 1.842241 -0.499432 0.965042 -0.892191 -3.385955 -0.821722 0.065838 3.267239 -1.313496 -0.583294 1.000000 0.000000 0.000000 0.000000 0.000000 0.000000 0.000000 0.000000 0.000000 0.000000 0.000000 0.000000 0.000000 0.000000 0.000000 0.000000 0.000000 0.000000 0.000000 0.000000 0.000000 0.000000 0.000000 0.000000 0.000000 0.000000 0.000000 0.000000 0.000000 0.000000 0.000000 0.000000 0.000000 0.000000 0.000000 0.000000 0.000000 0.000000 0.000000 0.000000 0.000000 0.000000 0.000000 0.000000 0.000000 0.000000 0.000000 0.000000 0.000000 0.000000 0.000000 0.000000 0.000000 0.000000 0.000000 0.000000 0.000000 0.000000 0.000000 0.000000 0.000000 0.000000 0.000000 0.000000 0.000000 0.000000 0.000000 0.000000 0.000000 0.000000 0.000000 0.000000 0.000000 0.000000 0.000000 0.000000 0.000000 0.000000 0.000000 0.000000 0.000000 0.000000 0.000000 0.000000 0.000000 0.000000 0.000000 0.000000 0.000000 0.000000 0.000000 0.000000 0.000000 0.000000 0.000000 0.000000 0.000000 0.000000 0.000000 0.000000 0.000000 0.000000 0.000000 0.000000 0.000000 0.000000 0.000000 0.000000 0.000000 0.000000 0.000000 0.000000 0.000000 0.000000 0.000000 0.000000 0.000000 0.000000 0.000000 0.000000 0.000000 0.000000 0.000000 0.000000 0.000000 0.000000 0.000000 0.000000 0.000000 0.000000 0.000000 0.000000 0.000000 0.000000 0.000000 0.000000 0.000000 0.000000 0.000000 0.000000 0.000000 0.000000 0.000000 0.000000 0.000000 
-0.163033 -0.316825 0.381067 -1.711912 0.217749 0.076819 0.002371 4.367659 0.483115 21.540964 0.903669 1.465957 -0.275590 1.779015 5.076056 1.161314 1.222368 -0.532960 5.503016 -12.493119 -0.125851 9.508532 0.452275 -1.631756 0.788814 -1.395347 -0.934452 0.828139 57.085902 -0.650170 -1.465067 -0.140138 1.615806 1.240590 0.698339 -187.998152 -2.577137 -0.938925 -0.232618 2.019734 0.280310 -0.075218 1.710051 0.730433 5.556801 1.244680 -0.814127 0.847078 -0.359249 0.668593 -0.486553 -1.370103 0.596016 -1.328502 3.636652 -1.720226 1.000000 0.000000 0.000000 0.000000 0.000000 0.000000 0.000000 0.000000 0.000000 0.000000 0.000000 0.000000 0.000000 0.000000 0.000000 0.000000 0.000000 0.000000 0.000000 0.000000 0.000000 0.000000 0.000000 0.000000 0.000000 0.000000 0.000000 0.000000 0.000000 0.000000 0.000000 0.000000 0.000000 0.000000 0.000000 0.000000 0.000000 0.000000 0.000000 0.000000 0.000000 0.000000 0.000000 0.000000 0.000000 0.000000 0.000000 0.000000 0.000000 0.000000 0.000000 0.000000 0.000000 0.000000 0.000000 0.000000 0.000000 0.000000 0.000000 0.000000 0.000000 0.000000 0.000000 0.000000 0.000000 0.000000 0.000000 0.000000 0.000000 0.000000 0.000000 0.000000 0.000000 0.000000 0.000000 0.000000 0.000000 0.000000 0.000000 0.000000 0.000000 0.000000 0.000000 0.000000 0.000000 0.000000 0.000000 0.000000 0.000000 0.000000 0.000000 0.000000 0.000000 0.000000 0.000000 0.000000 0.000000 0.000000 0.000000 0.000000 0.000000 0.000000 0.000000 0.000000 0.000000 0.000000 0.000000 0.000000 0.000000 0.000000 0.000000 0.000000 0.000000 0.000000 0.000000 0.000000 0.000000 0.000000 0.000000 0.000000 0.000000 0.000000 0.000000 0.000000 0.000000 0.000000 0.000000 0.000000 0.000000 0.000000 0.000000 0.000000 0.000000 0.000000 0.000000 0.000000 0.000000 0.000000 0.000000 0.000000 0.000000 0.000000 0.000000 0.000000 
0.582790 -0.079630 -0.216351 3.567173 -0.402279 -0.111008 -0.132707 -3.027378 -0.451335 -17.697845 -0.738135 1.073854 0.309030 -0.696150 -0.897352 -0.231938 -0.160324 0.112191 2.285983 -5.981512 0.332203 0.046172 0.041515 3.496641 -1.102340 1.167654 0.596873 2.133270 18.642575 -0.211345 1.695398 0.163413 -2.171977 -1.176857 -0.356552 15.400139 0.217550 -0.138014 -1.757940 8.233411 -2.261007 -0.163227 3.197872 1.025762 6.211043 2.033961 -0.480098 1.629472 -0.322514 0.114894 -1.381407 -0.392548 -1.412434 0.261728 0.870631 -0.865280 0.503618 1.000000 0.000000 0.000000 0.000000 0.000000 0.000000 0.000000 0.000000 0.000000 0.000000 0.000000 0.000000 0.000000 0.000000 0.000000 0.000000 0.000000 0.000000 0.000000 0.000000 0.000000 0.000000 0.000000 0.000000 0.000000 0.000000 0.000000 0.000000 0.000000 0.000000 0.000000 0.000000 0.000000 0.000000 0.000000 0.000000 0.000000 0.000000 0.000000 0.000000 0.000000 0.000000 0.000000 0.000000 0.000000 0.000000 0.000000 0.000000 0.000000 0.000000 0.000000 0.000000 0.000000 0.000000 0.000000 0.000000 0.000000 0.000000 0.000000 0.000000 0.000000 0.000000 0.000000 0.000000 0.000000 0.000000 0.000000 0.000000 0.000000 0.000000 0.000000 0.000000 0.000000 0.000000 0.000000 0.000000 0.000000 0.000000 0.000000 0.000000 0.000000 0.000000 0.000000 0.000000 0.000000 0.000000 0.000000 0.000000 0.000000 0.000000 0.000000 0.000000 0.000000 0.000000 0.000000 0.000000 0.000000 0.000000 0.000000 0.000000 0.000000 0.000000 0.000000 0.000000 0.000000 0.000000 0.000000 0.000000 0.000000 0.000000 0.000000 0.000000 0.000000 0.000000 0.000000 0.000000 0.000000 0.000000 0.000000 0.000000 0.000000 0.000000 0.000000 0.000000 0.000000 0.000000 0.000000 0.000000 0.000000 0.000000 0.000000 0.000000 0.000000 0.000000 0.000000 0.000000 0.000000 0.000000 0.000000 0.000000 0.000000 0.000000 0.000000 
0.331950 4.818818 0.187486 -16.981464 1.930926 -8.417280 -1.757243 10.187660 0.936654 1.564225 0.103697 -6.323651 -1.432253 -0.609661 -3.199986 -0.486768 -0.693077 0.732122 10.129306 -25.928153 0.385072 13.644167 0.636537 -0.631628 0.495852 -1.324481 -1.428887 -2.471484 45.312127 -0.498437 8.192315 1.061486 4.069692 1.102524 0.525461 177.085784 2.465527 -1.073193 2.032739 -35.846924 4.598105 0.820697 -3.575966 -1.445370 -12.449657 -3.680440 1.339958 -2.377526 0.359367 -0.048622 2.167396 1.424243 1.671307 0.190131 -1.239732 0.702169 0.041759 -8.974573 1.000000 0.000000 0.000000 0.000000 0.000000 0.000000 0.000000 0.000000 0.000000 0.000000 0.000000 0.000000 0.000000 0.000000 0.000000 0.000000 0.000000 0.000000 0.000000 0.000000 0.000000 0.000000 0.000000 0.000000 0.000000 0.000000 0.000000 0.000000 0.000000 0.000000 0.000000 0.000000 0.000000 0.000000 0.000000 0.000000 0.000000 0.000000 0.000000 0.000000 0.000000 0.000000 0.000000 0.000000 0.000000 0.000000 0.000000 0.000000 0.000000 0.000000 0.000000 0.000000 0.000000 0.000000 0.000000 0.000000 0.000000 0.000000 0.000000 0.000000 0.000000 0.000000 0.000000 0.000000 0.000000 0.000000 0.000000 0.000000 0.000000 0.000000 0.000000 0.000000 0.000000 0.000000 0.000000 0.000000 0.000000 0.000000 0.000000 0.000000 0.000000 0.000000 0.000000 0.000000 0.000000 0.000000 0.000000 0.000000 0.000000 0.000000 0.000000 0.000000 0.000000 0.000000 0.000000 0.000000 0.000000 0.000000 0.000000 0.000000 0.000000 0.000000 0.000000 0.000000 0.000000 0.000000 0.000000 0.000000 0.000000 0.000000 0.000000 0.000000 0.000000 0.000000 0.000000 0.000000 0.000000 0.000000 0.000000 0.000000 0.000000 0.000000 0.000000 0.000000 0.000000 0.000000 0.000000 0.000000 0.000000 0.000000 0.000000 0.000000 0.000000 0.000000 0.000000 0.000000 0.000000 0.000000 0.000000 0.000000 0.000000 0.000000 
0.968438 0.476538 0.026320 -2.142829 0.274623 -3.318420 -0.706735 3.852285 0.352972 -14.515127 -0.533243 -0.593450 0.144289 -1.157649 -3.444923 -0.739470 -1.117250 0.431242 1.711054 -5.399723 0.220957 1.532135 0.086024 -1.210845 0.143870 -1.012715 -0.679166 -2.450823 -21.396244 0.241569 -0.896510 -0.069642 -2.250291 -1.586766 -1.738339 204.980989 2.807576 1.149992 -0.550322 4.645920 -1.412756 0.055470 -3.002043 -1.233836 -8.182787 -2.316825 1.254435 -1.073683 0.917371 2.570411 2.123306 2.570556 -3.786225 3.368343 -6.181347 2.087717 -2.565674 32.306386 -5.894196 1.000000 0.000000 0.000000 0.000000 0.000000 0.000000 0.000000 0.000000 0.000000 0.000000 0.000000 0.000000 0.000000 0.000000 0.000000 0.000000 0.000000 0.000000 0.000000 0.000000 0.000000 0.000000 0.000000 0.000000 0.000000 0.000000 0.000000 0.000000 0.000000 0.000000 0.000000 0.000000 0.000000 0.000000 0.000000 0.000000 0.000000 0.000000 0.000000 0.000000 0.000000 0.000000 0.000000 0.000000 0.000000 0.000000 0.000000 0.000000 0.000000 0.000000 0.000000 0.000000 0.000000 0.000000 0.000000 0.000000 0.000000 0.000000 0.000000 0.000000 0.000000 0.000000 0.000000 0.000000 0.000000 0.000000 0.000000 0.000000 0.000000 0.000000 0.000000 0.000000 0.000000 0.000000 0.000000 0.000000 0.000000 0.000000 0.000000 0.000000 0.000000 0.000000 0.000000 0.000000 0.000000 0.000000 0.000000 0.000000 0.000000 0.000000 0.000000 0.000000 0.000000 0.000000 0.000000 0.000000 0.000000 0.000000 0.000000 0.000000 0.000000 0.000000 0.000000 0.000000 0.000000 0.000000 0.000000 0.000000 0.000000 0.000000 0.000000 0.000000 0.000000 0.000000 0.000000 0.000000 0.000000 0.000000 0.000000 0.000000 0.000000 0.000000 0.000000 0.000000 0.000000 0.000000 0.000000 0.000000 0.000000 0.000000 0.000000 0.000000 0.000000 0.000000 0.000000 0.000000 0.000000 0.000000 0.000000 0.000000 0.000000 
0.807773 -4.988059 -2.034081 7.416981 -0.907137 6.929980 1.500148 -7.244385 -0.615307 9.736372 0.361044 5.289001 0.874376 1.450712 5.331727 0.993501 1.417284 -0.999230 -0.187811 1.175030 -0.014522 -1.699721 -0.000177 1.799545 0.019907 1.299485 0.125816 4.787952 107.588122 -1.212117 12.875564 1.505005 1.148515 0.674042 0.582509 -61.732384 -0.843929 -0.793958 -2.512538 13.639240 -3.393056 -0.259459 5.328334 1.790523 7.407013 1.745532 -1.553558 1.263612 -0.963178 -3.346355 -2.391064 -0.756673 1.696716 -1.495159 1.540957 0.022181 0.369447 -8.966838 2.915475 -1.144108 1.000000 0.000000 0.000000 0.000000 0.000000 0.000000 0.000000 0.000000 0.000000 0.000000 0.000000 0.000000 0.000000 0.000000 0.000000 0.000000 0.000000 0.000000 0.000000 0.000000 0.000000 0.000000 0.000000 0.000000 0.000000 0.000000 0.000000 0.000000 0.000000 0.000000 0.000000 0.000000 0.000000 0.000000 0.000000 0.000000 0.000000 0.000000 0.000000 0.000000 0.000000 0.000000 0.000000 0.000000 0.000000 0.000000 0.000000 0.000000 0.000000 0.000000 0.000000 0.000000 0.000000 0.000000 0.000000 0.000000 0.000000 0.000000 0.000000 0.000000 0.000000 0.000000 0.000000 0.000000 0.000000 0.000000 0.000000 0.000000 0.000000 0.000000 0.000000 0.000000 0.000000 0.000000 0.000000 0.000000 0.000000 0.000000 0.000000 0.000000 0.000000 0.000000 0.000000 0.000000 0.000000 0.000000 0.000000 0.000000 0.000000 0.000000 0.000000 0.000000 0.000000 0.000000 0.000000 0.000000 0.000000 0.000000 0.000000 0.000000 0.000000 0.000000 0.000000 0.000000 0.000000 0.000000 0.000000 0.000000 0.000000 0.000000 0.000000 0.000000 0.000000 0.000000 0.000000 0.000000 0.000000 0.000000 0.000000 0.000000 0.000000 0.000000 0.000000 0.000000 0.000000 0.000000 0.000000 0.000000 0.000000 0.000000 0.000000 0.000000 0.000000 0.000000 0.000000 0.000000 0.000000 0.000000 0.000000 0.000000 
-0.715533 -6.545529 -4.149224 0.024405 -0.151917 -4.456335 -0.761736 6.359126 0.625649 16.437560 0.605675 -2.562483 -0.688320 1.988450 4.196988 0.341642 1.210241 -0.515516 3.591603 -8.753743 -0.469572 9.382240 0.433141 1.283831 -0.465720 1.009659 0.704417 3.452123 53.579953 -0.599821 9.965265 1.147621 2.808333 1.004967 0.936413 -57.921006 -0.782671 -0.999106 0.014226 -12.932659 1.205238 0.403691 0.875219 0.194444 -0.416780 0.028632 -0.135563 0.057322 -0.017641 -1.666794 -0.162870 -0.050222 1.876505 -0.554600 -0.364698 -0.465803 1.637184 -23.725154 5.046187 -1.262423 0.796064 1.000000 0.000000 0.000000 0.000000 0.000000 0.000000 0.000000 0.000000 0.000000 0.000000 0.000000 0.000000 0.000000 0.000000 0.000000 0.000000 0.000000 0.000000 0.000000 0.000000 0.000000 0.000000 0.000000 0.000000 0.000000 0.000000 0.000000 0.000000 0.000000 0.000000 0.000000 0.000000 0.000000 0.000000 0.000000 0.000000 0.000000 0.000000 0.000000 0.000000 0.000000 0.000000 0.000000 0.000000 0.000000 0.000000 0.000000 0.000000 0.000000 0.000000 0.000000 0.000000 0.000000 0.000000 0.000000 0.000000 0.000000 0.000000 0.000000 0.000000 0.000000 0.000000 0.000000 0.000000 0.000000 0.000000 0.000000 0.000000 0.000000 0.000000 0.000000 0.000000 0.000000 0.000000 0.000000 0.000000 0.000000 0.000000 0.000000 0.000000 0.000000 0.000000 0.000000 0.000000 0.000000 0.000000 0.000000 0.000000 0.000000 0.000000 0.000000 0.000000 0.000000 0.000000 0.000000 0.000000 0.000000 0.000000 0.000000 0.000000 0.000000 0.000000 0.000000 0.000000 0.000000 0.000000 0.000000 0.000000 0.000000 0.000000 0.000000 0.000000 0.000000 0.000000 0.000000 0.000000 0.000000 0.000000 0.000000 0.000000 0.000000 0.000000 0.000000 0.000000 0.000000 0.000000 0.000000 0.000000 0.000000 0.000000 0.000000 0.000000 0.000000 0.000000 0.000000 0.000000 0.000000 0.000000 0.000000 
-1.042137 -3.899908 -2.667472 13.010892 -1.609797 4.390582 1.034157 -12.186541 -1.119172 -32.423322 -1.425062 -0.191840 1.136225 -2.190060 -4.955591 -1.517859 -1.077552 0.198001 -5.920591 13.602621 -0.429433 -4.859955 -0.216579 -1.493670 0.511537 0.131610 0.029381 0.739135 61.612069 -0.687474 7.087446 0.862682 2.872639 1.952322 1.527682 -221.910775 -3.057191 -1.035607 2.382916 -21.057241 4.144066 0.543545 1.074864 0.523783 4.597161 1.128176 -0.939643 0.622305 -0.627872 -2.661207 -1.530319 -1.158684 2.298475 -1.747105 1.952803 0.117394 0.296158 -7.242981 1.511449 -0.426891 0.415638 -0.510399 1.000000 0.000000 0.000000 0.000000 0.000000 0.000000 0.000000 0.000000 0.000000 0.000000 0.000000 0.000000 0.000000 0.000000 0.000000 0.000000 0.000000 0.000000 0.000000 0.000000 0.000000 0.000000 0.000000 0.000000 0.000000 0.000000 0.000000 0.000000 0.000000 0.000000 0.000000 0.000000 0.000000 0.000000 0.000000 0.000000 0.000000 0.000000 0.000000 0.000000 0.000000 0.000000 0.000000 0.000000 0.000000 0.000000 0.000000 0.000000 0.000000 0.000000 0.000000 0.000000 0.000000 0.000000 0.000000 0.000000 0.000000 0.000000 0.000000 0.000000 0.000000 0.000000 0.000000 0.000000 0.000000 0.000000 0.000000 0.000000 0.000000 0.000000 0.000000 0.000000 0.000000 0.000000 0.000000 0.000000 0.000000 0.000000 0.000000 0.000000 0.000000 0.000000 0.000000 0.000000 0.000000 0.000000 0.000000 0.000000 0.000000 0.000000 0.000000 0.000000 0.000000 0.000000 0.000000 0.000000 0.000000 0.000000 0.000000 0.000000 0.000000 0.000000 0.000000 0.000000 0.000000 0.000000 0.000000 0.000000 0.000000 0.000000 0.000000 0.000000 0.000000 0.000000 0.000000 0.000000 0.000000 0.000000 0.000000 0.000000 0.000000 0.000000 0.000000 0.000000 0.000000 0.000000 0.000000 0.000000 0.000000 0.000000 0.000000 0.000000 0.000000 0.000000 0.000000 0.000000 0.000000 0.000000 
1.158307 4.585337 3.530215 -8.099593 1.059923 1.099702 0.177955 3.914300 0.506551 23.460494 0.998214 -4.124545 -1.202227 0.482118 -0.331318 0.117300 0.025279 -0.098936 4.280116 -10.690773 -0.067241 7.276294 0.417514 -2.277334 1.538618 -2.214966 -2.418184 -1.746772 74.430210 -0.840241 -0.124140 0.067365 2.737439 0.605058 0.031105 127.186378 1.774603 -0.260444 -0.308222 -9.889768 0.736932 0.174480 0.772698 0.171033 -1.296290 -0.433644 0.153988 -0.197662 -0.297269 3.489922 1.863748 0.844934 -0.834915 1.113129 -0.711531 -1.981060 1.830947 -30.114371 7.780077 -2.561083 2.074399 2.050803 -28.953200 1.000000 0.000000 0.000000 0.000000 0.000000 0.000000 0.000000 0.000000 0.000000 0.000000 0.000000 0.000000 0.000000 0.000000 0.000000 0.000000 0.000000 0.000000 0.000000 0.000000 0.000000 0.000000 0.000000 0.000000 0.000000 0.000000 0.000000 0.000000 0.000000 0.000000 0.000000 0.000000 0.000000 0.000000 0.000000 0.000000 0.000000 0.000000 0.000000 0.000000 0.000000 0.000000 0.000000 0.000000 0.000000 0.000000 0.000000 0.000000 0.000000 0.000000 0.000000 0.000000 0.000000 0.000000 0.000000 0.000000 0.000000 0.000000 0.000000 0.000000 0.000000 0.000000 0.000000 0.000000 0.000000 0.000000 0.000000 0.000000 0.000000 0.000000 0.000000 0.000000 0.000000 0.000000 0.000000 0.000000 0.000000 0.000000 0.000000 0.000000 0.000000 0.000000 0.000000 0.000000 0.000000 0.000000 0.000000 0.000000 0.000000 0.000000 0.000000 0.000000 0.000000 0.000000 0.000000 0.000000 0.000000 0.000000 0.000000 0.000000 0.000000 0.000000 0.000000 0.000000 0.000000 0.000000 0.000000 0.000000 0.000000 0.000000 0.000000 0.000000 0.000000 0.000000 0.000000 0.000000 0.000000 0.000000 0.000000 0.000000 0.000000 0.000000 0.000000 0.000000 0.000000 0.000000 0.000000 0.000000 0.000000 0.000000 0.000000 0.000000 0.000000 0.000000 0.000000 0.000000 0.000000 
0.518859 1.913475 2.667724 -3.617339 0.516399 1.685761 0.363457 3.415397 0.364070 17.181640 0.729597 3.239262 0.216366 1.433414 5.522571 0.840075 1.303175 -0.667401 -2.299093 6.600669 -0.571832 1.322803 0.030882 -1.344864 0.413065 0.385779 0.534981 0.410661 -25.671551 0.295406 1.063609 0.101650 1.870668 1.010265 0.736818 -22.140482 -0.289722 -0.873984 -1.708313 7.830856 -1.256951 -0.321478 -0.222463 -0.047742 -1.316138 -0.834614 0.066581 -0.122790 0.129946 4.052409 2.190941 1.955445 -2.682112 2.219789 -3.508283 -0.279759 -0.628979 14.259019 -2.219786 0.267476 0.058468 0.558439 -3.207988 0.034968 1.000000 0.000000 0.000000 0.000000 0.000000 0.000000 0.000000 0.000000 0.000000 0.000000 0.000000 0.000000 0.000000 0.000000 0.000000 0.000000 0.000000 0.000000 0.000000 0.000000 0.000000 0.000000 0.000000 0.000000 0.000000 0.000000 0.000000 0.000000 0.000000 0.000000 0.000000 0.000000 0.000000 0.000000 0.000000 0.000000 0.000000 0.000000 0.000000 0.000000 0.000000 0.000000 0.000000 0.000000 0.000000 0.000000 0.000000 0.000000 0.000000 0.000000 0.000000 0.000000 0.000000 0.000000 0.000000 0.000000 0.000000 0.000000 0.000000 0.000000 0.000000 0.000000 0.000000 0.000000 0.000000 0.000000 0.000000 0.000000 0.000000 0.000000 0.000000 0.000000 0.000000 0.000000 0.000000 0.000000 0.000000 0.000000 0.000000 0.000000 0.000000 0.000000 0.000000 0.000000 0.000000 0.000000 0.000000 0.000000 0.000000 0.000000 0.000000 0.000000 0.000000 0.000000 0.000000 0.000000 0.000000 0.000000 0.000000 0.000000 0.000000 0.000000 0.000000 0.000000 0.000000 0.000000 0.000000 0.000000 0.000000 0.000000 0.000000 0.000000 0.000000 0.000000 0.000000 0.000000 0.000000 0.000000 0.000000 0.000000 0.000000 0.000000 0.000000 0.000000 0.000000 0.000000 0.000000 0.000000 0.000000 0.000000 0.000000 0.000000 0.000000 0.000000 0.000000 0.000000 
2.808378 -2.496905 -0.696412 14.127116 -1.639223 5.945351 1.188510 -14.754522 -1.516639 -17.078782 -0.795112 -7.985400 -1.230586 -1.626050 -6.739712 -1.077622 -1.224605 0.348896 -0.776655 -1.369934 0.060244 0.565732 0.028827 -2.370439 0.662040 -2.197324 -1.279963 -0.953819 23.096916 -0.266230 -5.638630 -0.643306 -1.817344 0.155975 -0.193417 -85.158752 -1.143457 -0.341907 -0.386316 3.641366 0.523816 -0.223409 -1.894064 -0.489754 -3.288383 -1.552380 0.762099 -0.332858 0.809885 10.834899 4.032458 1.782197 -6.593250 4.047908 -1.224946 -4.010928 1.826103 -13.680433 4.434321 -1.616336 1.061582 3.397833 -115.413172 3.608319 1.640968 1.000000 0.000000 0.000000 0.000000 0.000000 0.000000 0.000000 0.000000 0.000000 0.000000 0.000000 0.000000 0.000000 0.000000 0.000000 0.000000 0.000000 0.000000 0.000000 0.000000 0.000000 0.000000 0.000000 0.000000 0.000000 0.000000 0.000000 0.000000 0.000000 0.000000 0.000000 0.000000 0.000000 0.000000 0.000000 0.000000 0.000000 0.000000 0.000000 0.000000 0.000000 0.000000 0.000000 0.000000 0.000000 0.000000 0.000000 0.000000 0.000000 0.000000 0.000000 0.000000 0.000000 0.000000 0.000000 0.000000 0.000000 0.000000 0.000000 0.000000 0.000000 0.000000 0.000000 0.000000 0.000000 0.000000 0.000000 0.000000 0.000000 0.000000 0.000000 0.000000 0.000000 0.000000 0.000000 0.000000 0.000000 0.000000 0.000000 0.000000 0.000000 0.000000 0.000000 0.000000 0.000000 0.000000 0.000000 0.000000 0.000000 0.000000 0.000000 0.000000 0.000000 0.000000 0.000000 0.000000 0.000000 0.000000 0.000000 0.000000 0.000000 0.000000 0.000000 0.000000 0.000000 0.000000 0.000000 0.000000 0.000000 0.000000 0.000000 0.000000 0.000000 0.000000 0.000000 0.000000 0.000000 0.000000 0.000000 0.000000 0.000000 0.000000 0.000000 0.000000 0.000000 0.000000 0.000000 0.000000 0.000000 0.000000 0.000000 0.000000 0.000000 0.000000 0.000000 
-0.367926 0.530992 1.487378 2.706904 -0.246875 5.933951 1.144470 -4.779296 -0.307234 29.695103 1.231695 1.716663 -0.033593 0.790430 2.426251 0.360207 0.710748 -0.190217 -6.530033 17.347600 -0.630857 -5.919405 -0.252756 0.367214 -0.404271 0.338469 1.014577 3.621982 -19.549891 0.209208 -4.991879 -0.669851 -3.769984 -1.881943 -0.576635 -45.355675 -0.600539 -0.332394 -0.842583 -4.383011 -0.222302 0.286201 0.999077 0.209368 1.296860 0.864365 0.271410 0.900071 0.072963 -1.270447 -1.721225 -2.285182 1.752904 -1.584047 3.816823 -2.886708 3.369557 -47.549196 9.642399 -2.200248 1.148180 1.360188 -44.727874 1.637090 -0.782273 0.113163 1.000000 0.000000 0.000000 0.000000 0.000000 0.000000 0.000000 0.000000 0.000000 0.000000 0.000000 0.000000 0.000000 0.000000 0.000000 0.000000 0.000000 0.000000 0.000000 0.000000 0.000000 0.000000 0.000000 0.000000 0.000000 0.000000 0.000000 0.000000 0.000000 0.000000 0.000000 0.000000 0.000000 0.000000 0.000000 0.000000 0.000000 0.000000 0.000000 0.000000 0.000000 0.000000 0.000000 0.000000 0.000000 0.000000 0.000000 0.000000 0.000000 0.000000 0.000000 0.000000 0.000000 0.000000 0.000000 0.000000 0.000000 0.000000 0.000000 0.000000 0.000000 0.000000 0.000000 0.000000 0.000000 0.000000 0.000000 0.000000 0.000000 0.000000 0.000000 0.000000 0.000000 0.000000 0.000000 0.000000 0.000000 0.000000 0.000000 0.000000 0.000000 0.000000 0.000000 0.000000 0.000000 0.000000 0.000000 0.000000 0.000000 0.000000 0.000000 0.000000 0.000000 0.000000 0.000000 0.000000 0.000000 0.000000 0.000000 0.000000 0.000000 0.000000 0.000000 0.000000 0.000000 0.000000 0.000000 0.000000 0.000000 0.000000 0.000000 0.000000 0.000000 0.000000 0.000000 0.000000 0.000000 0.000000 0.000000 0.000000 0.000000 0.000000 0.000000 0.000000 0.000000 0.000000 0.000000 0.000000 0.000000 0.000000 0.000000 0.000000 0.000000 0.000000 
-1.748040 -5.128290 -3.781399 2.845570 -0.462909 4.216572 0.960595 -3.003335 -0.163623 17.715375 0.687280 -2.479854 -0.525887 0.482782 -0.206444 0.067709 0.128352 0.491135 -9.693095 25.182406 -0.888543 -7.696008 -0.415192 -0.538055 -0.291735 1.760195 2.285834 3.400869 -32.916147 0.384438 10.793325 1.188859 2.792017 1.540517 1.496037 -237.236382 -3.245426 -1.270621 7.114666 -67.603566 12.248360 1.636907 -5.800903 -1.920428 -7.699869 -2.391927 1.110279 -1.601150 1.207223 1.147648 1.462147 1.141838 -1.407791 1.516185 -2.305535 0.231733 0.741158 -19.411697 4.600899 -1.328500 0.919335 1.193887 -48.245034 1.474011 -6.341438 0.124985 -16.086292 1.000000 0.000000 0.000000 0.000000 0.000000 0.000000 0.000000 0.000000 0.000000 0.000000 0.000000 0.000000 0.000000 0.000000 0.000000 0.000000 0.000000 0.000000 0.000000 0.000000 0.000000 0.000000 0.000000 0.000000 0.000000 0.000000 0.000000 0.000000 0.000000 0.000000 0.000000 0.000000 0.000000 0.000000 0.000000 0.000000 0.000000 0.000000 0.000000 0.000000 0.000000 0.000000 0.000000 0.000000 0.000000 0.000000 0.000000 0.000000 0.000000 0.000000 0.000000 0.000000 0.000000 0.000000 0.000000 0.000000 0.000000 0.000000 0.000000 0.000000 0.000000 0.000000 0.000000 0.000000 0.000000 0.000000 0.000000 0.000000 0.000000 0.000000 0.000000 0.000000 0.000000 0.000000 0.000000 0.000000 0.000000 0.000000 0.000000 0.000000 0.000000 0.000000 0.000000 0.000000 0.000000 0.000000 0.000000 0.000000 0.000000 0.000000 0.000000 0.000000 0.000000 0.000000 0.000000 0.000000 0.000000 0.000000 0.000000 0.000000 0.000000 0.000000 0.000000 0.000000 0.000000 0.000000 0.000000 0.000000 0.000000 0.000000 0.000000 0.000000 0.000000 0.000000 0.000000 0.000000 0.000000 0.000000 0.000000 0.000000 0.000000 0.000000 0.000000 0.000000 0.000000 0.000000 0.000000 0.000000 0.000000 0.000000 0.000000 0.000000 0.000000 
0.260277 0.566411 0.041442 -7.125781 0.870512 4.398404 0.870784 1.142864 0.304436 -2.650117 -0.115328 -0.654849 0.370103 -0.840511 -2.021493 -1.119614 -0.668757 0.238881 4.039792 -10.600775 -0.844697 14.072291 0.701357 -2.958490 0.976975 -1.534178 -0.974087 1.098418 52.658638 -0.602875 -0.420707 -0.053548 -2.914577 -1.176179 -1.561517 15.396305 0.205778 0.784673 -6.063496 56.629968 -10.231100 -1.286702 6.321503 2.131680 8.901152 2.420998 -1.118025 1.715763 -0.553513 2.210847 0.505965 -0.354097 -0.691315 -0.170270 0.961498 0.786839 -0.859627 9.409258 -2.533574 0.910689 -0.987039 -0.407498 -108.858902 2.888897 -4.724444 0.784270 -29.087452 1.756513 1.000000 0.000000 0.000000 0.000000 0.000000 0.000000 0.000000 0.000000 0.000000 0.000000 0.000000 0.000000 0.000000 0.000000 0.000000 0.000000 0.000000 0.000000 0.000000 0.000000 0.000000 0.000000 0.000000 0.000000 0.000000 0.000000 0.000000 0.000000 0.000000 0.000000 0.000000 0.000000 0.000000 0.000000 0.000000 0.000000 0.000000 0.000000 0.000000 0.000000 0.000000 0.000000 0.000000 0.000000 0.000000 0.000000 0.000000 0.000000 0.000000 0.000000 0.000000 0.000000 0.000000 0.000000 0.000000 0.000000 0.000000 0.000000 0.000000 0.000000 0.000000 0.000000 0.000000 0.000000 0.000000 0.000000 0.000000 0.000000 0.000000 0.000000 0.000000 0.000000 0.000000 0.000000 0.000000 0.000000 0.000000 0.000000 0.000000 0.000000 0.000000 0.000000 0.000000 0.000000 0.000000 0.000000 0.000000 0.000000 0.000000 0.000000 0.000000 0.000000 0.000000 0.000000 0.000000 0.000000 0.000000 0.000000 0.000000 0.000000 0.000000 0.000000 0.000000 0.000000 0.000000 0.000000 0.000000 0.000000 0.000000 0.000000 0.000000 0.000000 0.000000 0.000000 0.000000 0.000000 0.000000 0.000000 0.000000 0.000000 0.000000 0.000000 0.000000 0.000000 0.000000 0.000000 0.000000 0.000000 0.000000 0.000000 0.000000 0.000000 
-0.561239 0.108194 1.467327 -2.119184 0.324143 4.668776 0.950938 1.569937 0.205051 -10.413205 -0.413370 4.241041 1.101039 0.200647 1.038983 0.226967 -0.081639 -0.538704 1.445701 -3.438303 0.603908 -4.040130 -0.097445 0.298440 0.693927 -0.007947 -1.269135 -2.031711 44.629949 -0.498529 -2.050743 -0.224468 0.315467 0.286428 0.136495 -15.348131 -0.251491 1.467974 -0.446576 26.209455 -2.715756 -0.901925 2.283800 1.055088 10.066370 3.528150 -0.888875 1.585468 -0.702067 0.155243 -0.972427 -0.791689 -0.078262 -1.049180 2.374268 0.362040 -1.092013 24.304805 -5.276334 1.397688 -0.975912 -1.377244 10.043402 -0.409372 3.713641 0.156008 5.362929 -0.365588 0.272352 1.000000 0.000000 0.000000 0.000000 0.000000 0.000000 0.000000 0.000000 0.000000 0.000000 0.000000 0.000000 0.000000 0.000000 0.000000 0.000000 0.000000 0.000000 0.000000 0.000000 0.000000 0.000000 0.000000 0.000000 0.000000 0.000000 0.000000 0.000000 0.000000 0.000000 0.000000 0.000000 0.000000 0.000000 0.000000 0.000000 0.000000 0.000000 0.000000 0.000000 0.000000 0.000000 0.000000 0.000000 0.000000 0.000000 0.000000 0.000000 0.000000 0.000000 0.000000 0.000000 0.000000 0.000000 0.000000 0.000000 0.000000 0.000000 0.000000 0.000000 0.000000 0.000000 0.000000 0.000000 0.000000 0.000000 0.000000 0.000000 0.000000 0.000000 0.000000 0.000000 0.000000 0.000000 0.000000 0.000000 0.000000 0.000000 0.000000 0.000000 0.000000 0.000000 0.000000 0.000000 0.000000 0.000000 0.000000 0.000000 0.000000 0.000000 0.000000 0.000000 0.000000 0.000000 0.000000 0.000000 0.000000 0.000000 0.000000 0.000000 0.000000 0.000000 0.000000 0.000000 0.000000 0.000000 0.000000 0.000000 0.000000 0.000000 0.000000 0.000000 0.000000 0.000000 0.000000 0.000000 0.000000 0.000000 0.000000 0.000000 0.000000 0.000000 0.000000 0.000000 0.000000 0.000000 0.000000 0.000000 0.000000 0.000000 0.000000 
-2.015681 4.999881 3.071012 6.531612 -0.712296 3.154831 0.620535 -8.640471 -0.677434 19.881754 0.813670 -9.458878 -1.930498 -0.842735 -5.848153 -0.399887 -0.941316 0.532606 -7.407680 18.109475 -0.453671 -7.402549 -0.356664 -0.205101 -0.121947 0.706406 1.131161 -1.205494 -112.377289 1.271584 -4.248710 -0.544157 -1.036584 -0.297098 -0.097059 -69.350905 -0.948347 -0.045808 0.804997 -3.076365 1.608834 -0.006639 -1.116797 -0.220697 -0.613314 -0.366028 0.370402 -0.001885 -0.052359 4.510759 2.151260 -0.155166 -0.565223 0.198114 1.739047 -0.174105 -0.237034 -0.371030 -0.533181 0.465835 -0.916315 0.508538 -164.669661 4.303369 -14.605507 0.993227 -58.394108 3.677640 -0.762005 -5.866771 1.000000 0.000000 0.000000 0.000000 0.000000 0.000000 0.000000 0.000000 0.000000 0.000000 0.000000 0.000000 0.000000 0.000000 0.000000 0.000000 0.000000 0.000000 0.000000 0.000000 0.000000 0.000000 0.000000 0.000000 0.000000 0.000000 0.000000 0.000000 0.000000 0.000000 0.000000 0.000000 0.000000 0.000000 0.000000 0.000000 0.000000 0.000000 0.000000 0.000000 0.000000 0.000000 0.000000 0.000000 0.000000 0.000000 0.000000 0.000000 0.000000 0.000000 0.000000 0.000000 0.000000 0.000000 0.000000 0.000000 0.000000 0.000000 0.000000 0.000000 0.000000 0.000000 0.000000 0.000000 0.000000 0.000000 0.000000 0.000000 0.000000 0.000000 0.000000 0.000000 0.000000 0.000000 0.000000 0.000000 0.000000 0.000000 0.000000 0.000000 0.000000 0.000000 0.000000 0.000000 0.000000 0.000000 0.000000 0.000000 0.000000 0.000000 0.000000 0.000000 0.000000 0.000000 0.000000 0.000000 0.000000 0.000000 0.000000 0.000000 0.000000 0.000000 0.000000 0.000000 0.000000 0.000000 0.000000 0.000000 0.000000 0.000000 0.000000 0.000000 0.000000 0.000000 0.000000 0.000000 0.000000 0.000000 0.000000 0.000000 0.000000 0.000000 0.000000 0.000000 0.000000 0.000000 0.000000 0.000000 0.000000 0.000000 
0.414733 -0.812103 -0.932141 0.479192 -0.063130 0.121480 0.043917 -2.105708 -0.255825 -36.772928 -1.483452 3.332733 1.482826 -2.158452 -5.103336 -1.176133 -1.635967 0.688760 -8.583322 20.789085 -0.165579 -11.447558 -0.565080 -2.489983 0.291394 -0.656841 -0.019465 -5.267371 -103.073627 1.161959 -12.438501 -1.466021 -1.805384 -1.005645 -1.139781 128.018414 1.727866 2.182508 3.755318 -17.095947 3.730157 0.449890 -3.469553 -1.200850 -1.714396 0.093571 0.486284 -0.726966 0.250480 -1.543825 0.633738 1.192328 -0.237272 1.181935 -2.144967 0.093993 0.304055 -10.092301 2.280786 -0.705923 0.733201 0.724811 25.324719 -0.419370 0.759228 -0.287536 13.139419 -0.719813 -0.701240 0.713370 0.573475 1.000000 0.000000 0.000000 0.000000 0.000000 0.000000 0.000000 0.000000 0.000000 0.000000 0.000000 0.000000 0.000000 0.000000 0.000000 0.000000 0.000000 0.000000 0.000000 0.000000 0.000000 0.000000 0.000000 0.000000 0.000000 0.000000 0.000000 0.000000 0.000000 0.000000 0.000000 0.000000 0.000000 0.000000 0.000000 0.000000 0.000000 0.000000 0.000000 0.000000 0.000000 0.000000 0.000000 0.000000 0.000000 0.000000 0.000000 0.000000 0.000000 0.000000 0.000000 0.000000 0.000000 0.000000 0.000000 0.000000 0.000000 0.000000 0.000000 0.000000 0.000000 0.000000 0.000000 0.000000 0.000000 0.000000 0.000000 0.000000 0.000000 0.000000 0.000000 0.000000 0.000000 0.000000 0.000000 0.000000 0.000000 0.000000 0.000000 0.000000 0.000000 0.000000 0.000000 0.000000 0.000000 0.000000 0.000000 0.000000 0.000000 0.000000 0.000000 0.000000 0.000000 0.000000 0.000000 0.000000 0.000000 0.000000 0.000000 0.000000 0.000000 0.000000 0.000000 0.000000 0.000000 0.000000 0.000000 0.000000 0.000000 0.000000 0.000000 0.000000 0.000000 0.000000 0.000000 0.000000 0.000000 0.000000 0.000000 0.000000 0.000000 0.000000 0.000000 0.000000 0.000000 0.000000 0.000000 0.000000 0.000000 
1.713330 2.453930 1.860509 -7.615426 0.964829 0.432902 0.125565 4.628676 0.513879 -3.220967 -0.060258 3.512584 0.521048 -0.065019 0.575850 0.652041 -0.029149 0.262056 5.602352 -12.694668 -0.222499 10.600554 0.525270 -2.875470 1.209966 -2.225024 -1.600435 -2.230669 49.338626 -0.560137 -7.202718 -0.789206 1.438943 0.969275 0.374488 -19.106362 -0.259932 -0.351937 1.225642 -9.853939 1.589020 0.285428 0.749376 0.267063 1.619160 0.173139 -0.520232 -0.299523 -0.031438 -1.930620 -0.187014 -1.017002 2.199988 -1.650650 3.232334 -0.422628 0.773231 -15.934883 2.619069 -0.366427 -0.104713 0.382453 -105.984845 3.125247 -7.028580 0.553387 -25.195804 1.653663 0.319996 1.494004 0.841774 1.346529 1.000000 0.000000 0.000000 0.000000 0.000000 0.000000 0.000000 0.000000 0.000000 0.000000 0.000000 0.000000 0.000000 0.000000 0.000000 0.000000 0.000000 0.000000 0.000000 0.000000 0.000000 0.000000 0.000000 0.000000 0.000000 0.000000 0.000000 0.000000 0.000000 0.000000 0.000000 0.000000 0.000000 0.000000 0.000000 0.000000 0.000000 0.000000 0.000000 0.000000 0.000000 0.000000 0.000000 0.000000 0.000000 0.000000 0.000000 0.000000 0.000000 0.000000 0.000000 0.000000 0.000000 0.000000 0.000000 0.000000 0.000000 0.000000 0.000000 0.000000 0.000000 0.000000 0.000000 0.000000 0.000000 0.000000 0.000000 0.000000 0.000000 0.000000 0.000000 0.000000 0.000000 0.000000 0.000000 0.000000 0.000000 0.000000 0.000000 0.000000 0.000000 0.000000 0.000000 0.000000 0.000000 0.000000 0.000000 0.000000 0.000000 0.000000 0.000000 0.000000 0.000000 0.000000 0.000000 0.000000 0.000000 0.000000 0.000000 0.000000 0.000000 0.000000 0.000000 0.000000 0.000000 0.000000 0.000000 0.000000 0.000000 0.000000 0.000000 0.000000 0.000000 0.000000 0.000000 0.000000 0.000000 0.000000 0.000000 0.000000 0.000000 0.000000 0.000000 0.000000 0.000000 0.000000 0.000000 0.000000 
0.273780 0.447064 2.842356 6.370631 -0.605313 10.079908 1.947212 -3.563446 -0.152495 59.374872 2.443609 -1.585964 -1.526426 3.315285 6.803415 1.790884 1.739068 -0.589375 -3.979908 10.523472 -0.075125 -5.876759 -0.285870 -1.019829 0.524722 -0.151424 0.044504 3.781695 9.551740 -0.108687 8.987290 1.034800 2.852995 0.876676 0.580326 5.386530 0.098089 -1.056615 -1.218421 -2.147963 -0.010663 0.005896 -3.747612 -1.398249 -12.381365 -4.094072 1.341848 -2.285544 1.449798 2.899579 3.232758 2.988678 -3.077436 2.943181 -4.850049 1.034557 -1.131735 10.384153 -1.852539 0.343308 -0.193517 1.128618 -97.637662 2.763597 -3.844942 0.646114 -19.896401 1.318522 -0.310833 -0.063046 1.479007 2.652744 -0.325908 1.000000 0.000000 0.000000 0.000000 0.000000 0.000000 0.000000 0.000000 0.000000 0.000000 0.000000 0.000000 0.000000 0.000000 0.000000 0.000000 0.000000 0.000000 0.000000 0.000000 0.000000 0.000000 0.000000 0.000000 0.000000 0.000000 0.000000 0.000000 0.000000 0.000000 0.000000 0.000000 0.000000 0.000000 0.000000 0.000000 0.000000 0.000000 0.000000 0.000000 0.000000 0.000000 0.000000 0.000000 0.000000 0.000000 0.000000 0.000000 0.000000 0.000000 0.000000 0.000000 0.000000 0.000000 0.000000 0.000000 0.000000 0.000000 0.000000 0.000000 0.000000 0.000000 0.000000 0.000000 0.000000 0.000000 0.000000 0.000000 0.000000 0.000000 0.000000 0.000000 0.000000 0.000000 0.000000 0.000000 0.000000 0.000000 0.000000 0.000000 0.000000 0.000000 0.000000 0.000000 0.000000 0.000000 0.000000 0.000000 0.000000 0.000000 0.000000 0.000000 0.000000 0.000000 0.000000 0.000000 0.000000 0.000000 0.000000 0.000000 0.000000 0.000000 0.000000 0.000000 0.000000 0.000000 0.000000 0.000000 0.000000 0.000000 0.000000 0.000000 0.000000 0.000000 0.000000 0.000000 0.000000 0.000000 0.000000 0.000000 0.000000 0.000000 0.000000 0.000000 0.000000 0.000000 0.000000 
1.795801 -3.108070 -2.184429 2.560996 -0.348719 -2.690134 -0.357558 0.817627 0.088718 -37.767726 -1.598980 -0.204268 0.853323 -2.008012 -4.005108 -1.275891 -0.853075 0.317537 5.791422 -15.720272 -0.241642 12.582433 0.544580 -0.489929 -0.285971 -0.503135 0.162702 -0.595439 3.226491 -0.037665 -1.667994 -0.208005 -2.373168 -0.393052 -0.630933 -28.386203 -0.386791 0.267013 -3.025911 35.263482 -5.136838 -1.005021 3.209962 1.279901 6.601386 1.195846 -1.304848 0.532301 -0.540471 -0.617149 0.347364 0.084954 1.146841 -0.479647 1.652210 -1.097056 1.297401 -19.299787 3.757113 -0.782424 0.237200 0.499381 9.502970 0.046996 3.381398 -0.140137 14.288336 -0.864684 1.272802 7.602794 -2.169276 -3.075389 2.179903 -12.861498 1.000000 0.000000 0.000000 0.000000 0.000000 0.000000 0.000000 0.000000 0.000000 0.000000 0.000000 0.000000 0.000000 0.000000 0.000000 0.000000 0.000000 0.000000 0.000000 0.000000 0.000000 0.000000 0.000000 0.000000 0.000000 0.000000 0.000000 0.000000 0.000000 0.000000 0.000000 0.000000 0.000000 0.000000 0.000000 0.000000 0.000000 0.000000 0.000000 0.000000 0.000000 0.000000 0.000000 0.000000 0.000000 0.000000 0.000000 0.000000 0.000000 0.000000 0.000000 0.000000 0.000000 0.000000 0.000000 0.000000 0.000000 0.000000 0.000000 0.000000 0.000000 0.000000 0.000000 0.000000 0.000000 0.000000 0.000000 0.000000 0.000000 0.000000 0.000000 0.000000 0.000000 0.000000 0.000000 0.000000 0.000000 0.000000 0.000000 0.000000 0.000000 0.000000 0.000000 0.000000 0.000000 0.000000 0.000000 0.000000 0.000000 0.000000 0.000000 0.000000 0.000000 0.000000 0.000000 0.000000 0.000000 0.000000 0.000000 0.000000 0.000000 0.000000 0.000000 0.000000 0.000000 0.000000 0.000000 0.000000 0.000000 0.000000 0.000000 0.000000 0.000000 0.000000 0.000000 0.000000 0.000000 0.000000 0.000000 0.000000 0.000000 0.000000 0.000000 0.000000 0.000000 0.000000 
-0.099358 -4.407651 -0.444513 9.336482 -1.069200 5.059014 1.024708 -3.609471 -0.241963 31.916500 1.268146 -6.794718 -1.683623 1.496813 0.416090 0.122981 0.141931 0.110774 -3.773010 8.434664 -0.531277 -0.289739 -0.054091 -2.502439 0.556938 -0.293125 0.254467 0.866609 43.017807 -0.482433 4.342188 0.526040 2.205507 1.084040 0.711728 -190.320530 -2.620769 -0.437848 3.265954 -27.249675 5.360238 0.730852 -0.478268 -0.047236 2.847127 1.027214 -0.149611 0.534977 0.153307 0.802508 0.244031 -0.234189 -0.415831 0.164234 -0.384185 0.767783 -0.213972 -2.922097 0.468216 -0.003644 -0.187856 -0.098015 -44.426949 1.054012 -2.559515 0.230899 -18.187554 1.041512 0.580897 -1.532625 -0.781890 -1.203867 -0.894109 -3.147113 0.304905 1.000000 0.000000 0.000000 0.000000 0.000000 0.000000 0.000000 0.000000 0.000000 0.000000 0.000000 0.000000 0.000000 0.000000 0.000000 0.000000 0.000000 0.000000 0.000000 0.000000 0.000000 0.000000 0.000000 0.000000 0.000000 0.000000 0.000000 0.000000 0.000000 0.000000 0.000000 0.000000 0.000000 0.000000 0.000000 0.000000 0.000000 0.000000 0.000000 0.000000 0.000000 0.000000 0.000000 0.000000 0.000000 0.000000 0.000000 0.000000 0.000000 0.000000 0.000000 0.000000 0.000000 0.000000 0.000000 0.000000 0.000000 0.000000 0.000000 0.000000 0.000000 0.000000 0.000000 0.000000 0.000000 0.000000 0.000000 0.000000 0.000000 0.000000 0.000000 0.000000 0.000000 0.000000 0.000000 0.000000 0.000000 0.000000 0.000000 0.000000 0.000000 0.000000 0.000000 0.000000 0.000000 0.000000 0.000000 0.000000 0.000000 0.000000 0.000000 0.000000 0.000000 0.000000 0.000000 0.000000 0.000000 0.000000 0.000000 0.000000 0.000000 0.000000 0.000000 0.000000 0.000000 0.000000 0.000000 0.000000 0.000000 0.000000 0.000000 0.000000 0.000000 0.000000 0.000000 0.000000 0.000000 0.000000 0.000000 0.000000 0.000000 0.000000 0.000000 0.000000 0.000000 
1.421694 -2.801969 -1.376365 6.587366 -0.744767 7.273822 1.538712 -9.095166 -0.843892 -62.794787 -2.632163 7.353512 2.992141 -3.579441 -5.163986 -1.893481 -1.489201 0.133114 -0.960596 1.528359 -0.535793 3.454920 0.166629 1.348571 -0.428856 1.301089 0.565614 1.696744 25.893771 -0.285983 7.739381 0.870731 1.496661 1.145360 0.646022 -69.843746 -0.974729 0.027727 -0.086823 5.696313 -0.607075 -0.152927 -3.759061 -1.336836 -9.633171 -2.845283 1.055624 -1.937095 1.147427 -1.415350 1.066555 2.011972 -0.764746 1.482330 -4.067813 1.012148 -1.189979 18.603991 -3.958279 0.999799 -0.576178 0.218788 15.150458 -0.365228 1.355917 -0.115840 6.421585 -0.338735 -0.636574 1.412668 -0.074332 -0.074258 0.264454 -3.016788 0.304021 -4.569268 1.000000 0.000000 0.000000 0.000000 0.000000 0.000000 0.000000 0.000000 0.000000 0.000000 0.000000 0.000000 0.000000 0.000000 0.000000 0.000000 0.000000 0.000000 0.000000 0.000000 0.000000 0.000000 0.000000 0.000000 0.000000 0.000000 0.000000 0.000000 0.000000 0.000000 0.000000 0.000000 0.000000 0.000000 0.000000 0.000000 0.000000 0.000000 0.000000 0.000000 0.000000 0.000000 0.000000 0.000000 0.000000 0.000000 0.000000 0.000000 0.000000 0.000000 0.000000 0.000000 0.000000 0.000000 0.000000 0.000000 0.000000 0.000000 0.000000 0.000000 0.000000 0.000000 0.000000 0.000000 0.000000 0.000000 0.000000 0.000000 0.000000 0.000000 0.000000 0.000000 0.000000 0.000000 0.000000 0.000000 0.000000 0.000000 0.000000 0.000000 0.000000 0.000000 0.000000 0.000000 0.000000 0.000000 0.000000 0.000000 0.000000 0.000000 0.000000 0.000000 0.000000 0.000000 0.000000 0.000000 0.000000 0.000000 0.000000 0.000000 0.000000 0.000000 0.000000 0.000000 0.000000 0.000000 0.000000 0.000000 0.000000 0.000000 0.000000 0.000000 0.000000 0.000000 0.000000 0.000000 0.000000 0.000000 0.000000 0.000000 0.000000 0.000000 0.000000 0.000000 
0.074720 -3.577766 -2.175340 -7.787009 0.844965 -0.131848 0.054210 8.618527 0.997392 39.722484 1.641330 -2.712436 -1.235070 2.282695 3.702159 1.002048 0.829374 -0.197501 2.790018 -7.185324 -0.114182 6.103976 0.239703 -2.074743 0.397945 -1.077295 -0.197340 -0.133293 28.721728 -0.328888 -5.065410 -0.582476 0.915444 1.446946 1.147060 -185.360943 -2.548433 -0.859145 -0.309125 7.096595 0.028296 -0.239667 -0.988771 -0.157145 -2.020987 -1.308829 -0.448580 -0.985384 0.179182 1.675361 1.913196 0.154699 1.088661 -0.475906 2.428013 -2.386166 2.011153 -24.500254 4.647240 -0.896092 0.119935 2.409671 -226.266652 6.606047 -13.308315 1.238349 -50.481616 3.307094 0.316081 0.638263 2.514989 4.129080 1.211757 6.159555 -0.504467 -1.007262 0.272335 1.000000 0.000000 0.000000 0.000000 0.000000 0.000000 0.000000 0.000000 0.000000 0.000000 0.000000 0.000000 0.000000 0.000000 0.000000 0.000000 0.000000 0.000000 0.000000 0.000000 0.000000 0.000000 0.000000 0.000000 0.000000 0.000000 0.000000 0.000000 0.000000 0.000000 0.000000 0.000000 0.000000 0.000000 0.000000 0.000000 0.000000 0.000000 0.000000 0.000000 0.000000 0.000000 0.000000 0.000000 0.000000 0.000000 0.000000 0.000000 0.000000 0.000000 0.000000 0.000000 0.000000 0.000000 0.000000 0.000000 0.000000 0.000000 0.000000 0.000000 0.000000 0.000000 0.000000 0.000000 0.000000 0.000000 0.000000 0.000000 0.000000 0.000000 0.000000 0.000000 0.000000 0.000000 0.000000 0.000000 0.000000 0.000000 0.000000 0.000000 0.000000 0.000000 0.000000 0.000000 0.000000 0.000000 0.000000 0.000000 0.000000 0.000000 0.000000 0.000000 0.000000 0.000000 0.000000 0.000000 0.000000 0.000000 0.000000 0.000000 0.000000 0.000000 0.000000 0.000000 0.000000 0.000000 0.000000 0.000000 0.000000 0.000000 0.000000 0.000000 0.000000 0.000000 0.000000 0.000000 0.000000 0.000000 0.000000 0.000000 0.000000 0.000000 0.000000 
-0.715585 1.318986 0.327162 4.666811 -0.548862 3.899721 0.682965 -9.527230 -0.894747 11.080712 0.443719 -2.141929 -0.634889 -0.149868 -1.818523 0.268267 -0.232757 0.081638 -2.890889 7.338939 0.246253 -7.646764 -0.308122 1.882558 -0.375308 0.386634 -0.144644 2.532050 57.917243 -0.656496 7.738774 0.913707 0.042160 -0.300312 -0.493026 -3.050165 -0.042776 -0.051829 -1.745702 11.529720 -2.630303 -0.182246 2.064183 0.634404 1.410048 0.571666 -0.364157 0.300384 -0.167929 -2.885059 -1.302371 -1.102413 1.925989 -1.656272 2.224377 1.006384 -0.842061 9.088262 -2.764887 1.035217 -0.952322 -0.871111 -64.779796 1.757807 -4.181146 0.435389 -19.445680 1.282424 0.533118 2.080463 1.122620 2.368213 0.488607 -0.017141 0.069193 4.714520 -3.392514 43.981430 1.000000 0.000000 0.000000 0.000000 0.000000 0.000000 0.000000 0.000000 0.000000 0.000000 0.000000 0.000000 0.000000 0.000000 0.000000 0.000000 0.000000 0.000000 0.000000 0.000000 0.000000 0.000000 0.000000 0.000000 0.000000 0.000000 0.000000 0.000000 0.000000 0.000000 0.000000 0.000000 0.000000 0.000000 0.000000 0.000000 0.000000 0.000000 0.000000 0.000000 0.000000 0.000000 0.000000 0.000000 0.000000 0.000000 0.000000 0.000000 0.000000 0.000000 0.000000 0.000000 0.000000 0.000000 0.000000 0.000000 0.000000 0.000000 0.000000 0.000000 0.000000 0.000000 0.000000 0.000000 0.000000 0.000000 0.000000 0.000000 0.000000 0.000000 0.000000 0.000000 0.000000 0.000000 0.000000 0.000000 0.000000 0.000000 0.000000 0.000000 0.000000 0.000000 0.000000 0.000000 0.000000 0.000000 0.000000 0.000000 0.000000 0.000000 0.000000 0.000000 0.000000 0.000000 0.000000 0.000000 0.000000 0.000000 0.000000 0.000000 0.000000 0.000000 0.000000 0.000000 0.000000 0.000000 0.000000 0.000000 0.000000 0.000000 0.000000 0.000000 0.000000 0.000000 0.000000 0.000000 0.000000 0.000000 0.000000 0.000000 0.000000 0.000000 
0.244491 -8.145676 -3.063100 3.788983 -0.461540 9.350149 2.028742 -1.524439 0.095190 -0.488185 -0.084414 2.389595 1.161917 0.173398 2.046266 -0.892972 0.184144 -0.398024 -0.025877 -0.025047 -0.949996 8.508136 0.416320 -2.848914 0.661095 -0.455268 0.208758 2.580025 36.171827 -0.415418 -0.838260 -0.116427 -0.099863 1.055776 0.693927 -125.498056 -1.709306 -0.634622 -1.906888 9.793517 -1.357611 -0.184548 -1.396042 -0.451083 -6.478239 -2.788201 -0.074765 -1.359087 0.371340 0.482725 2.019942 1.695904 0.265010 0.555912 -2.453911 1.602833 -1.378223 12.441034 -2.885116 0.835405 -0.682451 0.303469 -146.803345 3.922246 -11.753451 0.937333 -46.558964 3.032736 -0.591380 -2.718495 3.785540 6.397913 -0.729372 10.974916 -0.795841 2.714201 -2.413438 47.670271 1.015928 1.000000 0.000000 0.000000 0.000000 0.000000 0.000000 0.000000 0.000000 0.000000 0.000000 0.000000 0.000000 0.000000 0.000000 0.000000 0.000000 0.000000 0.000000 0.000000 0.000000 0.000000 0.000000 0.000000 0.000000 0.000000 0.000000 0.000000 0.000000 0.000000 0.000000 0.000000 0.000000 0.000000 0.000000 0.000000 0.000000 0.000000 0.000000 0.000000 0.000000 0.000000 0.000000 0.000000 0.000000 0.000000 0.000000 0.000000 0.000000 0.000000 0.000000 0.000000 0.000000 0.000000 0.000000 0.000000 0.000000 0.000000 0.000000 0.000000 0.000000 0.000000 0.000000 0.000000 0.000000 0.000000 0.000000 0.000000 0.000000 0.000000 0.000000 0.000000 0.000000 0.000000 0.000000 0.000000 0.000000 0.000000 0.000000 0.000000 0.000000 0.000000 0.000000 0.000000 0.000000 0.000000 0.000000 0.000000 0.000000 0.000000 0.000000 0.000000 0.000000 0.000000 0.000000 0.000000 0.000000 0.000000 0.000000 0.000000 0.000000 0.000000 0.000000 0.000000 0.000000 0.000000 0.000000 0.000000 0.000000 0.000000 0.000000 0.000000 0.000000 0.000000 0.000000 0.000000 0.000000 0.000000 0.000000 0.000000 0.000000 0.000000 
-0.520455 -3.883276 -2.959678 14.458758 -1.781693 1.509563 0.324823 -7.920819 -0.785891 -8.112983 -0.385169 -8.437420 -1.204983 -0.622466 -5.170754 -1.384750 -1.382308 0.824187 -3.624688 6.839321 0.425473 -7.106633 -0.435454 -0.505322 -0.674262 -0.328462 0.423730 -1.239213 -15.586506 0.175889 2.359246 0.311009 -0.384267 -0.158437 -0.497020 95.644782 1.329617 -0.236264 -0.799775 2.984477 -1.378303 -0.083416 2.145149 0.675322 1.660746 0.645565 -0.581931 0.150076 -0.831625 -2.209973 -0.866281 -0.975809 3.617703 -2.397284 4.487579 -1.876942 1.858681 -16.109075 2.008880 0.101198 -0.702690 1.136534 -137.436571 3.976907 -7.168085 0.925906 -29.954740 2.019656 -0.131590 3.603797 1.340527 2.079807 2.025736 -2.623701 0.343203 9.655544 -11.072943 71.798879 1.937651 -10.749877 1.000000 0.000000 0.000000 0.000000 0.000000 0.000000 0.000000 0.000000 0.000000 0.000000 0.000000 0.000000 0.000000 0.000000 0.000000 0.000000 0.000000 0.000000 0.000000 0.000000 0.000000 0.000000 0.000000 0.000000 0.000000 0.000000 0.000000 0.000000 0.000000 0.000000 0.000000 0.000000 0.000000 0.000000 0.000000 0.000000 0.000000 0.000000 0.000000 0.000000 0.000000 0.000000 0.000000 0.000000 0.000000 0.000000 0.000000 0.000000 0.000000 0.000000 0.000000 0.000000 0.000000 0.000000 0.000000 0.000000 0.000000 0.000000 0.000000 0.000000 0.000000 0.000000 0.000000 0.000000 0.000000 0.000000 0.000000 0.000000 0.000000 0.000000 0.000000 0.000000 0.000000 0.000000 0.000000 0.000000 0.000000 0.000000 0.000000 0.000000 0.000000 0.000000 0.000000 0.000000 0.000000 0.000000 0.000000 0.000000 0.000000 0.000000 0.000000 0.000000 0.000000 0.000000 0.000000 0.000000 0.000000 0.000000 0.000000 0.000000 0.000000 0.000000 0.000000 0.000000 0.000000 0.000000 0.000000 0.000000 0.000000 0.000000 0.000000 0.000000 0.000000 0.000000 0.000000 0.000000 0.000000 0.000000 0.000000 0.000000 
2.310599 1.840971 0.390626 7.047387 -0.772042 10.636345 2.166095 -18.913508 -1.707843 -50.721748 -2.150689 1.564285 1.701432 -4.346207 -9.251804 -2.124831 -2.074875 1.005645 0.923844 -2.796816 -0.730169 8.071589 0.409294 0.297685 0.156945 -0.740217 -1.073560 0.170104 82.486600 -0.932820 3.391077 0.404159 -0.686328 -0.472268 -0.813708 145.961073 2.021733 0.327484 -3.534824 32.070828 -6.064981 -0.974304 2.466205 0.781957 0.239121 0.478577 0.009322 -0.675623 0.291978 -4.452695 0.156885 0.594680 2.236808 -0.568819 -0.161421 2.108642 -0.885363 -3.861895 -0.815085 0.865957 -1.144938 -1.014339 0.769610 0.303063 1.210211 -0.103294 8.413158 -0.429429 0.850240 7.797887 -2.420487 -4.084775 2.414254 -18.607398 1.494218 0.282737 0.780732 -18.080873 -0.396217 -0.429454 0.088438 1.000000 0.000000 0.000000 0.000000 0.000000 0.000000 0.000000 0.000000 0.000000 0.000000 0.000000 0.000000 0.000000 0.000000 0.000000 0.000000 0.000000 0.000000 0.000000 0.000000 0.000000 0.000000 0.000000 0.000000 0.000000 0.000000 0.000000 0.000000 0.000000 0.000000 0.000000 0.000000 0.000000 0.000000 0.000000 0.000000 0.000000 0.000000 0.000000 0.000000 0.000000 0.000000 0.000000 0.000000 0.000000 0.000000 0.000000 0.000000 0.000000 0.000000 0.000000 0.000000 0.000000 0.000000 0.000000 0.000000 0.000000 0.000000 0.000000 0.000000 0.000000 0.000000 0.000000 0.000000 0.000000 0.000000 0.000000 0.000000 0.000000 0.000000 0.000000 0.000000 0.000000 0.000000 0.000000 0.000000 0.000000 0.000000 0.000000 0.000000 0.000000 0.000000 0.000000 0.000000 0.000000 0.000000 0.000000 0.000000 0.000000 0.000000 0.000000 0.000000 0.000000 0.000000 0.000000 0.000000 0.000000 0.000000 0.000000 0.000000 0.000000 0.000000 0.000000 0.000000 0.000000 0.000000 0.000000 0.000000 0.000000 0.000000 0.000000 0.000000 0.000000 0.000000 0.000000 0.000000 0.000000 0.000000 0.000000 
0.831552 -2.446625 -1.317118 -1.460651 0.129860 -1.113470 -0.077408 3.736317 0.426366 2.745406 0.113157 -4.306282 -0.922393 0.189704 -1.703681 0.055339 -0.315182 0.530373 3.034203 -8.101317 -0.720370 12.109165 0.535769 -2.859165 0.632998 -1.231203 -0.118611 -0.622645 -25.027081 0.276457 -9.171996 -1.120513 -0.583048 0.760478 0.147601 -142.185070 -1.972010 0.474718 -1.322338 30.101967 -3.303672 -0.870793 1.684213 0.843045 6.848188 1.512528 -0.949470 0.605362 -0.183209 2.475752 0.390999 -0.637299 -1.410035 0.356982 2.558671 -2.960588 2.553671 -27.220076 5.568325 -1.201080 0.284835 2.385831 -130.263125 3.985026 -6.352290 0.708425 -21.424484 1.431288 -0.598129 0.454421 1.098887 1.504054 0.560136 0.390437 0.037319 -0.525477 -1.947850 11.685466 0.346752 -3.184312 0.345670 0.233037 1.000000 0.000000 0.000000 0.000000 0.000000 0.000000 0.000000 0.000000 0.000000 0.000000 0.000000 0.000000 0.000000 0.000000 0.000000 0.000000 0.000000 0.000000 0.000000 0.000000 0.000000 0.000000 0.000000 0.000000 0.000000 0.000000 0.000000 0.000000 0.000000 0.000000 0.000000 0.000000 0.000000 0.000000 0.000000 0.000000 0.000000 0.000000 0.000000 0.000000 0.000000 0.000000 0.000000 0.000000 0.000000 0.000000 0.000000 0.000000 0.000000 0.000000 0.000000 0.000000 0.000000 0.000000 0.000000 0.000000 0.000000 0.000000 0.000000 0.000000 0.000000 0.000000 0.000000 0.000000 0.000000 0.000000 0.000000 0.000000 0.000000 0.000000 0.000000 0.000000 0.000000 0.000000 0.000000 0.000000 0.000000 0.000000 0.000000 0.000000 0.000000 0.000000 0.000000 0.000000 0.000000 0.000000 0.000000 0.000000 0.000000 0.000000 0.000000 0.000000 0.000000 0.000000 0.000000 0.000000 0.000000 0.000000 0.000000 0.000000 0.000000 0.000000 0.000000 0.000000 0.000000 0.000000 0.000000 0.000000 0.000000 0.000000 0.000000 0.000000 0.000000 0.000000 0.000000 0.000000 0.000000 0.000000 
0.944969 -0.387198 -1.392766 -0.994420 0.099233 3.588075 0.625586 -4.888707 -0.414055 -4.907420 -0.262051 -0.875984 0.113632 -0.965196 -1.647830 -0.947005 -0.304026 0.328290 5.545347 -14.273880 -0.198972 10.782295 0.511540 -0.729316 0.363585 -1.802686 -1.452436 0.418911 66.636206 -0.765410 -1.436349 -0.112998 0.358905 -0.228096 -0.334730 30.236771 0.434517 -0.073603 -0.351995 -5.240771 0.448940 0.112381 1.649164 0.536343 3.551373 1.136031 0.030305 0.818798 0.164526 2.639624 0.333458 1.024815 -4.274047 2.882770 -3.261032 -0.783787 0.438934 -11.167561 4.400892 -1.936231 1.898793 1.954138 -53.026059 1.720617 -2.792966 0.121820 -7.236961 0.523673 -0.731948 -0.261850 1.077722 1.857151 -0.242723 0.451957 0.039122 0.650209 -1.014761 11.910705 0.272351 -0.697573 0.146475 0.890392 -0.674961 1.000000 0.000000 0.000000 0.000000 0.000000 0.000000 0.000000 0.000000 0.000000 0.000000 0.000000 0.000000 0.000000 0.000000 0.000000 0.000000 0.000000 0.000000 0.000000 0.000000 0.000000 0.000000 0.000000 0.000000 0.000000 0.000000 0.000000 0.000000 0.000000 0.000000 0.000000 0.000000 0.000000 0.000000 0.000000 0.000000 0.000000 0.000000 0.000000 0.000000 0.000000 0.000000 0.000000 0.000000 0.000000 0.000000 0.000000 0.000000 0.000000 0.000000 0.000000 0.000000 0.000000 0.000000 0.000000 0.000000 0.000000 0.000000 0.000000 0.000000 0.000000 0.000000 0.000000 0.000000 0.000000 0.000000 0.000000 0.000000 0.000000 0.000000 0.000000 0.000000 0.000000 0.000000 0.000000 0.000000 0.000000 0.000000 0.000000 0.000000 0.000000 0.000000 0.000000 0.000000 0.000000 0.000000 0.000000 0.000000 0.000000 0.000000 0.000000 0.000000 0.000000 0.000000 0.000000 0.000000 0.000000 0.000000 0.000000 0.000000 0.000000 0.000000 0.000000 0.000000 0.000000 0.000000 0.000000 0.000000 0.000000 0.000000 0.000000 0.000000 0.000000 0.000000 0.000000 0.000000 0.000000 
-0.910296 1.018424 -1.652746 2.824737 -0.432938 5.743946 1.342991 -11.865626 -0.937982 -6.403948 -0.313987 -9.920722 -1.165762 -2.220399 -10.603715 -1.876776 -2.339414 1.159381 -9.814515 20.849769 -1.302013 -1.747097 -0.143601 1.083631 -1.603009 2.403012 2.858255 0.351609 -141.434885 1.603270 -3.900159 -0.617743 -5.629577 -2.452884 -1.634911 58.182448 0.795849 0.997518 -2.071107 23.052122 -3.823549 -0.549925 1.026618 0.338947 3.558218 1.493565 0.381117 1.287345 -0.616462 3.784724 -0.361802 -0.477133 -1.984551 1.300588 0.588354 -4.814018 3.435140 -34.257613 9.044006 -2.963025 2.402247 2.582773 78.003622 -1.746531 7.509458 -0.620029 37.262109 -2.384490 -0.069219 1.044131 -3.028316 -5.608195 1.195259 -6.374239 0.388387 -5.144853 3.310016 -49.614839 -1.102336 -0.887755 0.082696 -0.112119 -1.207558 0.279641 1.000000 0.000000 0.000000 0.000000 0.000000 0.000000 0.000000 0.000000 0.000000 0.000000 0.000000 0.000000 0.000000 0.000000 0.000000 0.000000 0.000000 0.000000 0.000000 0.000000 0.000000 0.000000 0.000000 0.000000 0.000000 0.000000 0.000000 0.000000 0.000000 0.000000 0.000000 0.000000 0.000000 0.000000 0.000000 0.000000 0.000000 0.000000 0.000000 0.000000 0.000000 0.000000 0.000000 0.000000 0.000000 0.000000 0.000000 0.000000 0.000000 0.000000 0.000000 0.000000 0.000000 0.000000 0.000000 0.000000 0.000000 0.000000 0.000000 0.000000 0.000000 0.000000 0.000000 0.000000 0.000000 0.000000 0.000000 0.000000 0.000000 0.000000 0.000000 0.000000 0.000000 0.000000 0.000000 0.000000 0.000000 0.000000 0.000000 0.000000 0.000000 0.000000 0.000000 0.000000 0.000000 0.000000 0.000000 0.000000 0.000000 0.000000 0.000000 0.000000 0.000000 0.000000 0.000000 0.000000 0.000000 0.000000 0.000000 0.000000 0.000000 0.000000 0.000000 0.000000 0.000000 0.000000 0.000000 0.000000 0.000000 0.000000 0.000000 0.000000 0.000000 0.000000 0.000000 0.000000 
-0.503794 -0.780072 0.282165 1.765123 -0.199812 5.615987 1.079257 -4.183912 -0.223554 53.108193 2.181709 -3.010050 -1.562749 1.979063 3.857428 1.215556 1.281959 -0.541206 -3.715949 10.455931 0.444149 -10.768683 -0.490513 0.716120 0.207537 0.001352 -0.150619 1.422488 49.240756 -0.552960 5.490228 0.698476 4.794916 2.291048 2.176749 -160.184859 -2.171629 -2.000601 5.480533 -63.034775 10.791661 1.500217 -2.809673 -0.882053 -4.685195 -1.815139 0.271884 -1.035273 0.097385 0.326499 0.838570 0.481535 0.638796 0.359563 -0.446454 -1.727267 2.118216 -33.573253 8.146532 -2.515090 2.027254 2.275406 -88.957728 2.524709 -9.323595 0.243903 -29.965363 2.014929 -1.372270 -3.830999 1.543282 1.031145 0.492812 1.661793 -0.146499 -2.600181 1.047256 5.196561 0.054084 1.104092 -0.047598 1.210679 -2.210263 2.313052 -5.791425 1.000000 0.000000 0.000000 0.000000 0.000000 0.000000 0.000000 0.000000 0.000000 0.000000 0.000000 0.000000 0.000000 0.000000 0.000000 0.000000 0.000000 0.000000 0.000000 0.000000 0.000000 0.000000 0.000000 0.000000 0.000000 0.000000 0.000000 0.000000 0.000000 0.000000 0.000000 0.000000 0.000000 0.000000 0.000000 0.000000 0.000000 0.000000 0.000000 0.000000 0.000000 0.000000 0.000000 0.000000 0.000000 0.000000 0.000000 0.000000 0.000000 0.000000 0.000000 0.000000 0.000000 0.000000 0.000000 0.000000 0.000000 0.000000 0.000000 0.000000 0.000000 0.000000 0.000000 0.000000 0.000000 0.000000 0.000000 0.000000 0.000000 0.000000 0.000000 0.000000 0.000000 0.000000 0.000000 0.000000 0.000000 0.000000 0.000000 0.000000 0.000000 0.000000 0.000000 0.000000 0.000000 0.000000 0.000000 0.000000 0.000000 0.000000 0.000000 0.000000 0.000000 0.000000 0.000000 0.000000 0.000000 0.000000 0.000000 0.000000 0.000000 0.000000 0.000000 0.000000 0.000000 0.000000 0.000000 0.000000 0.000000 0.000000 0.000000 0.000000 0.000000 0.000000 0.000000 
2.654704 4.078366 2.414002 -4.780201 0.662447 8.636866 1.761991 -6.781451 -0.452600 -0.406950 -0.034216 0.665346 0.381620 -0.700553 -0.507364 -0.719990 -0.105550 -0.082159 10.162781 -25.338787 0.198151 14.212645 0.770003 -1.573585 1.390544 -2.874128 -2.883631 -1.603766 134.185787 -1.522728 -8.793047 -0.923335 1.299079 1.076745 1.513261 -163.672603 -2.218912 -1.254739 4.779640 -53.833878 9.702771 1.291181 -3.369480 -1.071664 -2.846606 -1.296631 0.856520 -0.300434 0.739125 4.442327 1.126371 1.121562 -4.983309 3.542092 -2.507061 -3.236098 2.822630 -49.858528 13.779885 -4.774808 4.078616 3.591280 -54.048485 1.977487 -3.859257 -0.099862 -3.461947 0.322710 -1.316839 -2.582621 -0.431235 -2.142051 0.630446 -3.846932 0.258152 -6.021113 4.661242 -32.519808 -0.864671 2.139657 -0.038098 1.624977 -5.540029 4.125868 -9.844331 1.587793 1.000000 0.000000 0.000000 0.000000 0.000000 0.000000 0.000000 0.000000 0.000000 0.000000 0.000000 0.000000 0.000000 0.000000 0.000000 0.000000 0.000000 0.000000 0.000000 0.000000 0.000000 0.000000 0.000000 0.000000 0.000000 0.000000 0.000000 0.000000 0.000000 0.000000 0.000000 0.000000 0.000000 0.000000 0.000000 0.000000 0.000000 0.000000 0.000000 0.000000 0.000000 0.000000 0.000000 0.000000 0.000000 0.000000 0.000000 0.000000 0.000000 0.000000 0.000000 0.000000 0.000000 0.000000 0.000000 0.000000 0.000000 0.000000 0.000000 0.000000 0.000000 0.000000 0.000000 0.000000 0.000000 0.000000 0.000000 0.000000 0.000000 0.000000 0.000000 0.000000 0.000000 0.000000 0.000000 0.000000 0.000000 0.000000 0.000000 0.000000 0.000000 0.000000 0.000000 0.000000 0.000000 0.000000 0.000000 0.000000 0.000000 0.000000 0.000000 0.000000 0.000000 0.000000 0.000000 0.000000 0.000000 0.000000 0.000000 0.000000 0.000000 0.000000 0.000000 0.000000 0.000000 0.000000 0.000000 0.000000 0.000000 0.000000 0.000000 0.000000 0.000000 0.000000 
1.864011 0.113305 1.722677 -9.461319 1.170534 -6.118044 -1.088527 13.849243 1.393073 22.321693 0.970033 -0.680970 -0.639145 1.292565 3.285725 0.541519 0.865959 -0.473091 2.002178 -5.554300 -0.167861 5.457553 0.250095 -3.349963 0.730244 -1.698400 -0.330945 -1.615294 -24.574721 0.268776 -15.882047 -1.857491 -1.369366 0.486756 0.853507 -181.617439 -2.499312 -0.182325 4.033042 -26.613259 6.564587 0.655361 -3.757073 -1.026776 -2.275336 -1.736235 -0.037729 -0.821835 0.809729 3.132831 1.734848 0.941877 -2.835439 2.018351 -1.669121 -1.306317 0.692574 -7.733984 2.537900 -0.985529 0.936705 1.106714 -3.627355 0.231241 -1.639273 -0.229604 -0.874911 0.154685 -0.323505 0.900200 -0.062303 -0.658588 0.900796 -3.806273 0.254684 -5.293431 4.433417 -14.917894 -0.504767 4.864569 -0.396093 0.958292 -3.411007 3.344351 -9.473305 1.486044 -5.875138 1.000000 0.000000 0.000000 0.000000 0.000000 0.000000 0.000000 0.000000 0.000000 0.000000 0.000000 0.000000 0.000000 0.000000 0.000000 0.000000 0.000000 0.000000 0.000000 0.000000 0.000000 0.000000 0.000000 0.000000 0.000000 0.000000 0.000000 0.000000 0.000000 0.000000 0.000000 0.000000 0.000000 0.000000 0.000000 0.000000 0.000000 0.000000 0.000000 0.000000 0.000000 0.000000 0.000000 0.000000 0.000000 0.000000 0.000000 0.000000 0.000000 0.000000 0.000000 0.000000 0.000000 0.000000 0.000000 0.000000 0.000000 0.000000 0.000000 0.000000 0.000000 0.000000 0.000000 0.000000 0.000000 0.000000 0.000000 0.000000 0.000000 0.000000 0.000000 0.000000 0.000000 0.000000 0.000000 0.000000 0.000000 0.000000 0.000000 0.000000 0.000000 0.000000 0.000000 0.000000 0.000000 0.000000 0.000000 0.000000 0.000000 0.000000 0.000000 0.000000 0.000000 0.000000 0.000000 0.000000 0.000000 0.000000 0.000000 0.000000 0.000000 0.000000 0.000000 0.000000 0.000000 0.000000 0.000000 0.000000 0.000000 0.000000 0.000000 0.000000 0.000000 
1.980726 2.740828 2.478541 -2.766978 0.438615 4.058569 0.819685 -3.620994 -0.262212 -21.972574 -0.873312 1.469119 0.861591 -2.335902 -5.001992 -1.034540 -1.316343 0.553361 -1.830066 4.521264 -0.378822 0.855811 0.036455 -0.911412 0.184466 -0.529791 -0.192428 -5.578226 -108.327779 1.225175 -16.127798 -1.886861 0.747709 0.370361 0.591667 118.944661 1.631001 0.777749 5.696923 -45.313816 8.572711 1.028076 -7.324824 -2.507883 -10.870857 -2.756910 1.974557 -1.808709 0.785282 2.981039 1.791653 1.220887 -1.881245 2.173758 -2.638250 -1.705166 0.965741 -13.038958 3.856769 -1.493711 1.503292 1.762643 20.215970 -0.288600 -1.239504 -0.402577 8.455738 -0.484252 -0.915446 -2.044473 -0.189507 -0.788115 -0.009446 1.765197 -0.190665 -3.828588 2.143390 -19.118300 -0.465680 0.278198 0.055096 0.276973 0.820240 -1.045066 7.158640 -0.947548 6.373325 -1.213715 1.000000 0.000000 0.000000 0.000000 0.000000 0.000000 0.000000 0.000000 0.000000 0.000000 0.000000 0.000000 0.000000 0.000000 0.000000 0.000000 0.000000 0.000000 0.000000 0.000000 0.000000 0.000000 0.000000 0.000000 0.000000 0.000000 0.000000 0.000000 0.000000 0.000000 0.000000 0.000000 0.000000 0.000000 0.000000 0.000000 0.000000 0.000000 0.000000 0.000000 0.000000 0.000000 0.000000 0.000000 0.000000 0.000000 0.000000 0.000000 0.000000 0.000000 0.000000 0.000000 0.000000 0.000000 0.000000 0.000000 0.000000 0.000000 0.000000 0.000000 0.000000 0.000000 0.000000 0.000000 0.000000 0.000000 0.000000 0.000000 0.000000 0.000000 0.000000 0.000000 0.000000 0.000000 0.000000 0.000000 0.000000 0.000000 0.000000 0.000000 0.000000 0.000000 0.000000 0.000000 0.000000 0.000000 0.000000 0.000000 0.000000 0.000000 0.000000 0.000000 0.000000 0.000000 0.000000 0.000000 0.000000 0.000000 0.000000 0.000000 0.000000 0.000000 0.000000 0.000000 0.000000 0.000000 0.000000 0.000000 0.000000 0.000000 0.000000 0.000000 
0.352605 -3.506244 -1.338665 2.581741 -0.301481 -0.713186 -0.128528 1.751706 0.227665 2.518579 0.101873 3.685583 0.721641 0.194265 1.420635 0.539689 0.355363 -0.431210 1.457529 -3.559513 0.109676 0.874883 0.046501 0.105423 -0.106019 -0.392638 -0.269294 -1.075720 -9.337403 0.095352 -7.077140 -0.826137 -3.718774 -1.686766 -1.568811 10.614398 0.105011 1.358506 -5.609654 61.811226 -10.812529 -1.256810 7.412958 2.535549 13.896736 3.885107 -2.243644 2.493963 -1.500059 -2.233457 -2.191956 -2.216442 2.301946 -2.456388 2.563891 2.017939 -1.899638 19.911364 -4.933339 1.495045 -1.223909 -1.953144 -30.178392 0.575569 -1.843723 0.228010 -15.398936 0.831910 1.779026 -1.294044 -0.520812 -0.372765 -0.831513 2.775442 -0.353442 -7.212685 9.290379 -47.374492 -1.378892 10.786240 -1.096828 -0.290710 -1.872665 1.695713 -7.654227 1.222827 -10.920326 1.852508 -0.805666 1.000000 0.000000 0.000000 0.000000 0.000000 0.000000 0.000000 0.000000 0.000000 0.000000 0.000000 0.000000 0.000000 0.000000 0.000000 0.000000 0.000000 0.000000 0.000000 0.000000 0.000000 0.000000 0.000000 0.000000 0.000000 0.000000 0.000000 0.000000 0.000000 0.000000 0.000000 0.000000 0.000000 0.000000 0.000000 0.000000 0.000000 0.000000 0.000000 0.000000 0.000000 0.000000 0.000000 0.000000 0.000000 0.000000 0.000000 0.000000 0.000000 0.000000 0.000000 0.000000 0.000000 0.000000 0.000000 0.000000 0.000000 0.000000 0.000000 0.000000 0.000000 0.000000 0.000000 0.000000 0.000000 0.000000 0.000000 0.000000 0.000000 0.000000 0.000000 0.000000 0.000000 0.000000 0.000000 0.000000 0.000000 0.000000 0.000000 0.000000 0.000000 0.000000 0.000000 0.000000 0.000000 0.000000 0.000000 0.000000 0.000000 0.000000 0.000000 0.000000 0.000000 0.000000 0.000000 0.000000 0.000000 0.000000 0.000000 0.000000 0.000000 0.000000 0.000000 0.000000 0.000000 0.000000 0.000000 0.000000 0.000000 0.000000 0.000000 
-1.859443 -3.844096 -2.262710 3.781996 -0.518393 1.351932 0.340720 1.963154 0.231234 13.678435 0.523075 -1.032746 -0.162593 1.540102 3.283724 -0.101619 0.656900 0.043530 -2.011624 5.847131 -0.665506 2.499866 0.109040 -1.773175 0.452553 0.420901 0.615987 3.083565 71.722023 -0.796907 14.778009 1.709634 2.896756 1.488129 0.677033 -113.836292 -1.560425 -0.973566 -0.013788 -2.115900 0.358230 -0.031575 1.627101 0.610942 3.598804 0.730127 -1.291214 -0.211799 -0.587889 -7.415013 -1.725067 -0.695082 5.330181 -2.946384 2.215604 1.076931 0.764577 -16.371953 1.840826 0.199915 -0.621850 -0.557598 -32.880025 0.902061 -4.959148 -0.003256 -16.999859 1.133394 -0.004673 1.375893 1.706996 3.694449 -0.233155 4.078401 -0.227202 1.338266 -2.387374 18.571777 0.481612 -1.895426 0.174461 -0.310358 2.024566 -1.794176 7.553761 -1.284388 6.601598 -1.109921 0.257274 -0.531241 1.000000 0.000000 0.000000 0.000000 0.000000 0.000000 0.000000 0.000000 0.000000 0.000000 0.000000 0.000000 0.000000 0.000000 0.000000 0.000000 0.000000 0.000000 0.000000 0.000000 0.000000 0.000000 0.000000 0.000000 0.000000 0.000000 0.000000 0.000000 0.000000 0.000000 0.000000 0.000000 0.000000 0.000000 0.000000 0.000000 0.000000 0.000000 0.000000 0.000000 0.000000 0.000000 0.000000 0.000000 0.000000 0.000000 0.000000 0.000000 0.000000 0.000000 0.000000 0.000000 0.000000 0.000000 0.000000 0.000000 0.000000 0.000000 0.000000 0.000000 0.000000 0.000000 0.000000 0.000000 0.000000 0.000000 0.000000 0.000000 0.000000 0.000000 0.000000 0.000000 0.000000 0.000000 0.000000 0.000000 0.000000 0.000000 0.000000 0.000000 0.000000 0.000000 0.000000 0.000000 0.000000 0.000000 0.000000 0.000000 0.000000 0.000000 0.000000 0.000000 0.000000 0.000000 0.000000 0.000000 0.000000 0.000000 0.000000 0.000000 0.000000 0.000000 0.000000 0.000000 0.000000 0.000000 0.000000 0.000000 0.000000 0.000000 
-1.115489 -5.794329 -4.362083 2.044056 -0.412275 -6.046807 -1.220372 3.067172 0.040080 6.661721 0.264594 -0.748787 -0.687101 1.983151 4.747753 0.888880 1.117575 -0.502952 0.088482 0.032182 0.121252 -0.740000 -0.071662 0.247671 -0.307622 0.527858 0.848240 0.387699 -30.126391 0.336762 -3.850457 -0.481922 0.083826 0.741427 0.674953 -138.031287 -1.896039 -0.056160 1.497352 -5.999388 2.716547 -0.048641 -0.733281 0.015020 4.173382 1.324860 -0.733405 0.396095 -0.597313 -3.886365 -1.383931 -1.215040 3.818342 -3.133999 4.705210 1.253007 -0.259535 5.189078 -3.630207 1.998312 -2.290824 -1.522196 -103.350876 2.747391 -5.845013 0.905865 -30.620427 1.984658 0.492345 2.641602 0.711732 1.520994 -0.076119 -7.498022 0.762060 9.398665 -6.500477 75.327025 1.761971 -1.815189 0.148122 -0.987189 -0.128277 0.143410 -7.075129 0.888393 9.110743 -1.405682 0.002265 -0.992538 0.342999 1.000000 0.000000 0.000000 0.000000 0.000000 0.000000 0.000000 0.000000 0.000000 0.000000 0.000000 0.000000 0.000000 0.000000 0.000000 0.000000 0.000000 0.000000 0.000000 0.000000 0.000000 0.000000 0.000000 0.000000 0.000000 0.000000 0.000000 0.000000 0.000000 0.000000 0.000000 0.000000 0.000000 0.000000 0.000000 0.000000 0.000000 0.000000 0.000000 0.000000 0.000000 0.000000 0.000000 0.000000 0.000000 0.000000 0.000000 0.000000 0.000000 0.000000 0.000000 0.000000 0.000000 0.000000 0.000000 0.000000 0.000000 0.000000 0.000000 0.000000 0.000000 0.000000 0.000000 0.000000 0.000000 0.000000 0.000000 0.000000 0.000000 0.000000 0.000000 0.000000 0.000000 0.000000 0.000000 0.000000 0.000000 0.000000 0.000000 0.000000 0.000000 0.000000 0.000000 0.000000 0.000000 0.000000 0.000000 0.000000 0.000000 0.000000 0.000000 0.000000 0.000000 0.000000 0.000000 0.000000 0.000000 0.000000 0.000000 0.000000 0.000000 0.000000 0.000000 0.000000 0.000000 0.000000 0.000000 0.000000 0.000000 
0.905567 7.918984 5.584152 -8.834281 1.218564 -8.708320 -2.007442 11.076131 0.799668 -10.484012 -0.320157 -0.203047 -0.375854 -0.540930 -0.954858 -0.216816 -0.491903 0.159859 3.634224 -9.432527 1.254227 -5.230344 -0.200135 1.143609 -0.320008 -0.986929 -0.870524 -1.500408 -44.323775 0.490247 -10.559664 -1.223748 -3.178863 -2.136914 -1.189911 214.270995 2.959075 0.626098 0.367401 -11.938889 1.130485 0.421130 -1.818666 -0.792183 -5.115243 -1.237005 0.944843 -0.382130 0.543810 -0.775140 0.658275 1.103159 -0.289049 0.645000 -1.910139 2.180966 -2.005542 22.909210 -5.219315 1.425926 -0.857175 -1.271064 5.626978 -0.229787 -0.649289 0.083437 -2.409724 0.201752 -0.567512 0.089995 0.036996 -0.392537 -0.055929 -5.187913 0.488502 5.799660 -3.974607 26.406145 0.681904 -2.872030 0.359226 0.128576 1.218362 -2.122716 9.130395 -1.629775 21.289924 -3.586974 1.441399 -1.107787 1.186040 3.133305 1.000000 0.000000 0.000000 0.000000 0.000000 0.000000 0.000000 0.000000 0.000000 0.000000 0.000000 0.000000 0.000000 0.000000 0.000000 0.000000 0.000000 0.000000 0.000000 0.000000 0.000000 0.000000 0.000000 0.000000 0.000000 0.000000 0.000000 0.000000 0.000000 0.000000 0.000000 0.000000 0.000000 0.000000 0.000000 0.000000 0.000000 0.000000 0.000000 0.000000 0.000000 0.000000 0.000000 0.000000 0.000000 0.000000 0.000000 0.000000 0.000000 0.000000 0.000000 0.000000 0.000000 0.000000 0.000000 0.000000 0.000000 0.000000 0.000000 0.000000 0.000000 0.000000 0.000000 0.000000 0.000000 0.000000 0.000000 0.000000 0.000000 0.000000 0.000000 0.000000 0.000000 0.000000 0.000000 0.000000 0.000000 0.000000 0.000000 0.000000 0.000000 0.000000 0.000000 0.000000 0.000000 0.000000 0.000000 0.000000 0.000000 0.000000 0.000000 0.000000 0.000000 0.000000 0.000000 0.000000 0.000000 0.000000 0.000000 0.000000 0.000000 0.000000 0.000000 0.000000 0.000000 0.000000 0.000000 0.000000 
-0.778914 1.392891 -0.599466 -0.891809 0.071394 1.735175 0.279000 -6.769985 -0.627856 -35.401616 -1.414565 -0.521508 0.905281 -3.617877 -9.248470 -1.897511 -2.446796 0.815971 -8.282571 20.137611 -0.512926 -8.393765 -0.380220 0.657747 -0.208153 1.050466 0.451824 -0.141623 -39.657249 0.458849 7.702455 0.864996 -0.459404 -1.046178 -1.031235 175.092085 2.398239 0.940539 -0.926189 13.048957 -2.828019 -0.419124 -0.334779 -0.239548 -2.736512 0.075676 1.084322 -0.308975 0.301938 -0.620824 -0.025628 0.258202 0.046654 0.059965 -0.826782 1.098390 -1.141557 18.001300 -4.292734 1.266578 -0.900311 -0.539258 -38.509211 0.884558 -3.586919 0.166283 -19.067682 1.200515 -0.342350 -2.208004 0.186034 -0.515217 0.052107 -1.031613 0.107388 3.408658 -2.805147 -3.640444 0.050888 -4.673797 0.489501 1.098333 3.075626 -3.045574 16.028454 -2.492032 19.827575 -3.503377 1.543241 0.237845 1.552489 3.747097 1.169653 1.000000 0.000000 0.000000 0.000000 0.000000 0.000000 0.000000 0.000000 0.000000 0.000000 0.000000 0.000000 0.000000 0.000000 0.000000 0.000000 0.000000 0.000000 0.000000 0.000000 0.000000 0.000000 0.000000 0.000000 0.000000 0.000000 0.000000 0.000000 0.000000 0.000000 0.000000 0.000000 0.000000 0.000000 0.000000 0.000000 0.000000 0.000000 0.000000 0.000000 0.000000 0.000000 0.000000 0.000000 0.000000 0.000000 0.000000 0.000000 0.000000 0.000000 0.000000 0.000000 0.000000 0.000000 0.000000 0.000000 0.000000 0.000000 0.000000 0.000000 0.000000 0.000000 0.000000 0.000000 0.000000 0.000000 0.000000 0.000000 0.000000 0.000000 0.000000 0.000000 0.000000 0.000000 0.000000 0.000000 0.000000 0.000000 0.000000 0.000000 0.000000 0.000000 0.000000 0.000000 0.000000 0.000000 0.000000 0.000000 0.000000 0.000000 0.000000 0.000000 0.000000 0.000000 0.000000 0.000000 0.000000 0.000000 0.000000 0.000000 0.000000 0.000000 0.000000 0.000000 0.000000 0.000000 0.000000 
0.485755 0.332921 1.989122 -0.477434 0.128571 3.018447 0.722603 2.625819 0.414481 33.857742 1.372826 -2.031070 -0.941591 1.643994 3.371458 0.798215 1.102794 -0.372298 2.531755 -5.892534 -0.029038 4.208602 0.257245 -4.065495 2.072171 -2.339243 -2.046218 1.134460 164.731151 -1.857796 6.716308 0.880221 3.618673 2.505928 1.603081 -266.874168 -3.657139 -1.515204 1.507027 -15.632503 3.271429 0.396358 0.462182 0.314947 1.158095 -0.451654 -0.964425 -0.252729 0.100008 -2.429658 -0.984656 -1.256201 2.127493 -1.546045 2.133275 -0.711810 1.640993 -31.253582 6.469998 -1.538276 0.750652 1.171211 -122.585695 3.548303 -9.782807 0.419454 -35.267601 2.308115 0.472839 0.706145 0.769023 1.180241 0.792148 -1.269217 0.098318 0.140423 -0.023018 17.878134 0.334935 1.042529 -0.063184 0.846618 -1.210170 1.481698 -3.992347 0.872837 -9.515129 1.516250 -0.481475 1.122828 -0.565604 -1.191095 0.034098 3.081487 1.000000 0.000000 0.000000 0.000000 0.000000 0.000000 0.000000 0.000000 0.000000 0.000000 0.000000 0.000000 0.000000 0.000000 0.000000 0.000000 0.000000 0.000000 0.000000 0.000000 0.000000 0.000000 0.000000 0.000000 0.000000 0.000000 0.000000 0.000000 0.000000 0.000000 0.000000 0.000000 0.000000 0.000000 0.000000 0.000000 0.000000 0.000000 0.000000 0.000000 0.000000 0.000000 0.000000 0.000000 0.000000 0.000000 0.000000 0.000000 0.000000 0.000000 0.000000 0.000000 0.000000 0.000000 0.000000 0.000000 0.000000 0.000000 0.000000 0.000000 0.000000 0.000000 0.000000 0.000000 0.000000 0.000000 0.000000 0.000000 0.000000 0.000000 0.000000 0.000000 0.000000 0.000000 0.000000 0.000000 0.000000 0.000000 0.000000 0.000000 0.000000 0.000000 0.000000 0.000000 0.000000 0.000000 0.000000 0.000000 0.000000 0.000000 0.000000 0.000000 0.000000 0.000000 0.000000 0.000000 0.000000 0.000000 0.000000 0.000000 0.000000 0.000000 0.000000 0.000000 0.000000 0.000000 
-0.429679 1.042356 2.592382 1.956835 -0.130653 0.716037 0.035072 3.025385 0.418516 37.330281 1.655434 4.050113 -0.170114 1.585636 3.213574 2.105451 0.756354 -0.403891 -6.535524 18.711477 0.103330 -13.216580 -0.549636 -0.348220 1.003016 0.526349 -0.446775 -0.852939 37.333880 -0.408133 6.710990 0.825696 4.636344 1.921141 1.553084 -102.011843 -1.426616 -0.084323 4.924190 -32.033806 6.375120 0.627746 -0.710735 -0.088169 3.356054 1.605595 -0.303082 -0.046589 0.155877 -2.812177 -0.369852 -0.601927 1.806275 -1.313180 0.050149 3.522480 -2.280431 26.560359 -7.621041 2.742337 -2.394799 -2.716671 59.208670 -2.184537 1.225894 -0.224707 -2.823739 0.053601 0.881922 -1.134958 1.265344 3.363563 -1.732084 9.621397 -0.806052 -7.553599 8.099256 -39.563284 -1.149590 10.908325 -1.156071 -0.205967 3.044338 -1.679176 5.460295 -1.113146 -8.316258 1.357958 -0.596066 0.359486 0.037739 0.402943 0.286800 -1.646570 -1.213360 1.000000 0.000000 0.000000 0.000000 0.000000 0.000000 0.000000 0.000000 0.000000 0.000000 0.000000 0.000000 0.000000 0.000000 0.000000 0.000000 0.000000 0.000000 0.000000 0.000000 0.000000 0.000000 0.000000 0.000000 0.000000 0.000000 0.000000 0.000000 0.000000 0.000000 0.000000 0.000000 0.000000 0.000000 0.000000 0.000000 0.000000 0.000000 0.000000 0.000000 0.000000 0.000000 0.000000 0.000000 0.000000 0.000000 0.000000 0.000000 0.000000 0.000000 0.000000 0.000000 0.000000 0.000000 0.000000 0.000000 0.000000 0.000000 0.000000 0.000000 0.000000 0.000000 0.000000 0.000000 0.000000 0.000000 0.000000 0.000000 0.000000 0.000000 0.000000 0.000000 0.000000 0.000000 0.000000 0.000000 0.000000 0.000000 0.000000 0.000000 0.000000 0.000000 0.000000 0.000000 0.000000 0.000000 0.000000 0.000000 0.000000 0.000000 0.000000 0.000000 0.000000 0.000000 0.000000 0.000000 0.000000 0.000000 0.000000 0.000000 0.000000 0.000000 0.000000 0.000000 0.000000 
-0.585693 3.720559 2.429178 2.902759 -0.266977 0.477991 0.016413 -3.118195 -0.403452 -19.384419 -0.803155 2.299229 0.797844 -0.938746 -0.523713 -0.496402 -0.255322 0.242037 -1.960803 6.402578 0.629536 -9.540240 -0.466995 1.346803 -0.412232 0.437765 0.299181 -0.827403 -92.496611 1.043670 -0.472101 -0.068627 0.430758 -0.856562 -0.807986 150.358320 2.057585 0.948315 0.721959 -7.144515 0.744089 0.186348 -0.965013 -0.457657 -0.716276 0.097398 0.253397 -0.158105 0.208743 -2.624253 -0.028585 1.506070 -0.558271 0.986341 -2.739602 3.039188 -1.949378 14.608281 -3.826326 1.277250 -1.046366 -0.847303 -47.797110 1.125820 -2.368993 0.459313 -17.651038 1.181661 -0.739156 0.212087 0.891474 1.057414 -0.476003 -7.574750 0.786055 8.888095 -6.589648 57.847597 1.421338 -3.519214 0.378462 1.439128 -0.152685 0.576763 0.385454 -0.299818 14.960426 -2.491339 0.702243 -0.457460 2.273456 3.088066 1.003701 -1.426102 0.262353 -0.890853 1.000000 0.000000 0.000000 0.000000 0.000000 0.000000 0.000000 0.000000 0.000000 0.000000 0.000000 0.000000 0.000000 0.000000 0.000000 0.000000 0.000000 0.000000 0.000000 0.000000 0.000000 0.000000 0.000000 0.000000 0.000000 0.000000 0.000000 0.000000 0.000000 0.000000 0.000000 0.000000 0.000000 0.000000 0.000000 0.000000 0.000000 0.000000 0.000000 0.000000 0.000000 0.000000 0.000000 0.000000 0.000000 0.000000 0.000000 0.000000 0.000000 0.000000 0.000000 0.000000 0.000000 0.000000 0.000000 0.000000 0.000000 0.000000 0.000000 0.000000 0.000000 0.000000 0.000000 0.000000 0.000000 0.000000 0.000000 0.000000 0.000000 0.000000 0.000000 0.000000 0.000000 0.000000 0.000000 0.000000 0.000000 0.000000 0.000000 0.000000 0.000000 0.000000 0.000000 0.000000 0.000000 0.000000 0.000000 0.000000 0.000000 0.000000 0.000000 0.000000 0.000000 0.000000 0.000000 0.000000 0.000000 0.000000 0.000000 0.000000 0.000000 0.000000 0.000000 0.000000 
1.764469 -0.614647 -1.129424 1.777535 -0.224148 -2.571375 -0.475114 -0.696872 -0.163210 -44.795724 -1.906383 -0.004745 0.897298 -2.034466 -4.289597 -1.300568 -1.024068 0.512366 6.622666 -17.932990 0.199959 9.652266 0.415938 0.188871 -0.326418 -0.617210 -0.565178 -1.420508 -12.707741 0.140129 1.550390 0.198487 -3.036490 -2.218856 -2.363309 291.869315 3.997919 1.592360 -6.238955 59.300457 -11.473038 -1.358181 4.319077 1.265523 2.784597 0.929894 -0.596956 0.382561 -0.566506 -2.548266 -0.638099 -0.176559 1.865383 -0.939836 0.790308 0.960035 -0.260033 -5.768755 0.843203 -0.105146 -0.060990 -0.314067 2.548036 -0.040452 1.520147 0.016289 3.682304 -0.237071 0.173274 0.905536 -0.238060 -0.291444 0.151928 -1.551812 0.155415 6.827571 -5.752101 15.985711 0.568194 -7.298629 0.744923 -0.607819 4.670652 -4.748270 18.556560 -2.691419 13.964600 -2.535619 1.190371 0.220194 0.597610 0.969660 -0.099407 -0.046998 -0.644700 0.545650 1.520751 1.000000 0.000000 0.000000 0.000000 0.000000 0.000000 0.000000 0.000000 0.000000 0.000000 0.000000 0.000000 0.000000 0.000000 0.000000 0.000000 0.000000 0.000000 0.000000 0.000000 0.000000 0.000000 0.000000 0.000000 0.000000 0.000000 0.000000 0.000000 0.000000 0.000000 0.000000 0.000000 0.000000 0.000000 0.000000 0.000000 0.000000 0.000000 0.000000 0.000000 0.000000 0.000000 0.000000 0.000000 0.000000 0.000000 0.000000 0.000000 0.000000 0.000000 0.000000 0.000000 0.000000 0.000000 0.000000 0.000000 0.000000 0.000000 0.000000 0.000000 0.000000 0.000000 0.000000 0.000000 0.000000 0.000000 0.000000 0.000000 0.000000 0.000000 0.000000 0.000000 0.000000 0.000000 0.000000 0.000000 0.000000 0.000000 0.000000 0.000000 0.000000 0.000000 0.000000 0.000000 0.000000 0.000000 0.000000 0.000000 0.000000 0.000000 0.000000 0.000000 0.000000 0.000000 0.000000 0.000000 0.000000 0.000000 0.000000 0.000000 0.000000 0.000000 0.000000 
1.056508 -2.176253 -2.267722 -0.686948 0.026601 1.172575 0.296158 -3.225994 -0.280319 -42.990384 -1.769845 3.310931 1.725288 -2.876706 -6.410161 -1.386162 -1.791680 0.637466 -0.446393 0.222807 -0.262591 1.824918 0.109074 0.141085 -0.047284 0.372712 -0.219799 -0.753869 8.267677 -0.087176 5.479496 0.641483 -2.092822 -1.416126 -1.702600 212.715676 2.900921 1.461542 -3.900562 41.770084 -7.994694 -0.949995 1.943933 0.492547 -0.566806 0.094967 0.020222 -0.124748 0.235270 -2.129323 -0.355175 0.438741 0.198165 0.233166 -1.594008 1.851244 -1.429690 11.174696 -2.747048 0.832927 -0.674287 -0.802946 37.466388 -1.030848 5.460147 -0.137668 15.539588 -1.066046 0.872023 1.661462 -1.275547 -1.481471 -0.471829 -3.326429 0.249749 -1.653471 2.380770 -16.478683 -0.425557 2.659518 -0.307572 -0.013510 1.775925 -1.067726 2.728718 -0.446711 -1.537746 0.169937 -0.061054 0.475256 0.544360 -0.439982 -0.519152 -1.223733 -0.199308 -0.280010 4.368836 1.660610 1.000000 0.000000 0.000000 0.000000 0.000000 0.000000 0.000000 0.000000 0.000000 0.000000 0.000000 0.000000 0.000000 0.000000 0.000000 0.000000 0.000000 0.000000 0.000000 0.000000 0.000000 0.000000 0.000000 0.000000 0.000000 0.000000 0.000000 0.000000 0.000000 0.000000 0.000000 0.000000 0.000000 0.000000 0.000000 0.000000 0.000000 0.000000 0.000000 0.000000 0.000000 0.000000 0.000000 0.000000 0.000000 0.000000 0.000000 0.000000 0.000000 0.000000 0.000000 0.000000 0.000000 0.000000 0.000000 0.000000 0.000000 0.000000 0.000000 0.000000 0.000000 0.000000 0.000000 0.000000 0.000000 0.000000 0.000000 0.000000 0.000000 0.000000 0.000000 0.000000 0.000000 0.000000 0.000000 0.000000 0.000000 0.000000 0.000000 0.000000 0.000000 0.000000 0.000000 0.000000 0.000000 0.000000 0.000000 0.000000 0.000000 0.000000 0.000000 0.000000 0.000000 0.000000 0.000000 0.000000 0.000000 0.000000 0.000000 0.000000 0.000000 0.000000 
1.039321 0.484212 1.852294 8.962561 -0.940049 9.791363 1.919206 -10.435895 -0.814820 15.860261 0.690801 0.665367 -0.197575 -0.043703 -2.027061 0.865170 -0.527412 0.228783 -6.777972 16.563848 -0.487346 -5.919353 -0.305949 -2.195588 0.559210 -0.570062 0.015685 -2.295069 -52.617132 0.592122 -8.949298 -1.074416 0.538605 0.626636 0.262625 -9.848914 -0.155894 0.651763 0.206273 11.877819 -1.115161 -0.362412 -1.322889 -0.390045 -1.996435 -0.870297 -0.146692 -1.326874 0.184140 -0.556126 1.195087 0.940876 0.199007 0.568393 -0.676633 0.015115 -0.067709 -4.242173 0.713015 -0.126816 -0.068253 1.072891 -86.778653 2.643032 -6.847664 0.378030 -18.954294 1.324072 -0.271736 1.920275 1.593791 2.719537 1.108557 1.343750 -0.104610 -3.089241 1.643892 3.024403 -0.022665 2.696336 -0.202231 0.736479 -2.109314 2.752224 -6.453275 1.067185 -12.284835 2.077595 -0.453072 0.007429 -0.571666 -3.064988 -0.780184 1.312359 1.155406 -1.071217 -0.586634 -0.624669 -0.508125 1.000000 0.000000 0.000000 0.000000 0.000000 0.000000 0.000000 0.000000 0.000000 0.000000 0.000000 0.000000 0.000000 0.000000 0.000000 0.000000 0.000000 0.000000 0.000000 0.000000 0.000000 0.000000 0.000000 0.000000 0.000000 0.000000 0.000000 0.000000 0.000000 0.000000 0.000000 0.000000 0.000000 0.000000 0.000000 0.000000 0.000000 0.000000 0.000000 0.000000 0.000000 0.000000 0.000000 0.000000 0.000000 0.000000 0.000000 0.000000 0.000000 0.000000 0.000000 0.000000 0.000000 0.000000 0.000000 0.000000 0.000000 0.000000 0.000000 0.000000 0.000000 0.000000 0.000000 0.000000 0.000000 0.000000 0.000000 0.000000 0.000000 0.000000 0.000000 0.000000 0.000000 0.000000 0.000000 0.000000 0.000000 0.000000 0.000000 0.000000 0.000000 0.000000 0.000000 0.000000 0.000000 0.000000 0.000000 0.000000 0.000000 0.000000 0.000000 0.000000 0.000000 0.000000 0.000000 0.000000 0.000000 0.000000 0.000000 0.000000 0.000000 
1.496675 0.449855 -0.503285 -4.714779 0.545904 -2.271249 -0.551764 2.591287 0.190030 -13.536163 -0.492112 6.513243 1.193193 -0.718472 0.892603 0.403951 0.091751 -0.026722 6.423389 -14.676773 0.613101 4.101110 0.208782 0.991519 0.199056 -0.844415 -1.077086 -0.731358 55.173814 -0.628031 -2.091973 -0.190359 -0.001894 0.187455 0.376693 -95.571712 -1.313004 -0.196769 3.449192 -24.428884 4.914844 0.532984 -0.241615 0.063430 2.986796 0.775776 -0.256860 0.013874 0.168939 -1.398310 -0.717776 -0.681899 0.530820 -0.883700 2.164213 -0.416486 1.005641 -15.210327 2.845349 -0.528425 0.123092 0.155399 -50.840716 1.407045 -2.698044 0.406904 -12.831614 0.847891 -0.583803 -1.553494 0.939867 1.006630 -0.470710 -0.135314 0.026310 -2.782583 3.446177 -11.991614 -0.401774 4.501501 -0.417118 0.763648 -1.521975 1.941557 -8.018851 0.949950 5.708236 -0.828947 -0.151044 -1.046131 0.712469 0.555112 0.104507 -2.442864 0.025402 -0.591677 0.381273 0.144454 1.011748 -56.663149 1.000000 0.000000 0.000000 0.000000 0.000000 0.000000 0.000000 0.000000 0.000000 0.000000 0.000000 0.000000 0.000000 0.000000 0.000000 0.000000 0.000000 0.000000 0.000000 0.000000 0.000000 0.000000 0.000000 0.000000 0.000000 0.000000 0.000000 0.000000 0.000000 0.000000 0.000000 0.000000 0.000000 0.000000 0.000000 0.000000 0.000000 0.000000 0.000000 0.000000 0.000000 0.000000 0.000000 0.000000 0.000000 0.000000 0.000000 0.000000 0.000000 0.000000 0.000000 0.000000 0.000000 0.000000 0.000000 0.000000 0.000000 0.000000 0.000000 0.000000 0.000000 0.000000 0.000000 0.000000 0.000000 0.000000 0.000000 0.000000 0.000000 0.000000 0.000000 0.000000 0.000000 0.000000 0.000000 0.000000 0.000000 0.000000 0.000000 0.000000 0.000000 0.000000 0.000000 0.000000 0.000000 0.000000 0.000000 0.000000 0.000000 0.000000 0.000000 0.000000 0.000000 0.000000 0.000000 0.000000 0.000000 0.000000 0.000000 0.000000 
-0.848245 -6.437347 -5.706420 -3.823312 0.235017 -5.208478 -0.880948 5.703861 0.499596 -9.220105 -0.419619 0.499845 0.318573 0.322159 0.284926 0.029935 0.025710 0.145334 2.643621 -7.550162 -1.114118 14.760910 0.638256 0.820887 -0.803920 1.823597 1.707690 2.049564 8.439541 -0.087783 5.742570 0.593481 -0.487362 0.086085 0.194509 -76.194466 -1.051086 -0.070242 -0.799757 11.829716 -1.270432 -0.407111 -0.212860 0.012992 2.136636 0.896599 -0.062495 0.104480 -0.135106 -4.948675 -1.926078 0.371440 0.727349 0.289801 -2.265363 1.056391 -0.246988 3.927305 -0.466265 -0.103129 0.595723 -1.189918 246.071511 -6.542952 15.127968 -1.608240 71.145243 -4.503201 -0.000129 5.966062 -3.957625 -6.202359 1.241733 -13.534511 1.061790 0.694655 -1.722905 -31.137090 -0.493923 -6.112399 0.546171 -0.014279 3.272267 -2.854454 9.599066 -1.589745 12.165865 -2.024696 0.650190 -0.578609 0.250896 0.604685 -0.002500 1.159907 0.217388 -0.408770 -0.788161 -0.753263 -0.969365 61.832131 -1.364931 1.000000 0.000000 0.000000 0.000000 0.000000 0.000000 0.000000 0.000000 0.000000 0.000000 0.000000 0.000000 0.000000 0.000000 0.000000 0.000000 0.000000 0.000000 0.000000 0.000000 0.000000 0.000000 0.000000 0.000000 0.000000 0.000000 0.000000 0.000000 0.000000 0.000000 0.000000 0.000000 0.000000 0.000000 0.000000 0.000000 0.000000 0.000000 0.000000 0.000000 0.000000 0.000000 0.000000 0.000000 0.000000 0.000000 0.000000 0.000000 0.000000 0.000000 0.000000 0.000000 0.000000 0.000000 0.000000 0.000000 0.000000 0.000000 0.000000 0.000000 0.000000 0.000000 0.000000 0.000000 0.000000 0.000000 0.000000 0.000000 0.000000 0.000000 0.000000 0.000000 0.000000 0.000000 0.000000 0.000000 0.000000 0.000000 0.000000 0.000000 0.000000 0.000000 0.000000 0.000000 0.000000 0.000000 0.000000 0.000000 0.000000 0.000000 0.000000 0.000000 0.000000 0.000000 0.000000 0.000000 0.000000 0.000000 0.000000 
-0.133511 -2.799866 -1.755914 -0.540076 -0.001156 -3.685113 -0.602524 5.205692 0.567168 -3.356347 -0.203576 -0.396106 0.176606 -0.215964 1.442623 -0.206894 0.700847 0.061628 5.196223 -11.697617 -0.605076 13.546233 0.575049 -1.227305 0.291182 -0.423236 0.265662 2.664820 68.239912 -0.765285 10.922964 1.316665 4.273115 2.483884 1.438901 -246.967818 -3.388006 -1.897292 1.019970 -13.248302 2.349220 0.427705 0.765902 0.338307 -0.035637 -1.237907 -0.999148 -0.717584 -0.038872 -2.413369 -0.258886 -0.626921 2.340040 -1.496145 1.709901 0.935685 0.042968 -9.544504 1.373886 -0.076790 -0.256205 -0.462778 -41.178593 0.853899 -5.835211 0.213836 -25.392209 1.630493 -0.799779 -3.253995 0.328674 -0.811408 0.143951 -3.277832 0.289143 1.117968 -1.663512 24.437419 0.550382 -0.756999 0.139132 0.858576 -2.730211 2.318398 -7.793767 1.226242 -2.526152 0.456367 -0.134928 -0.025606 0.321390 -2.248286 -1.521416 -2.159096 -0.486581 -0.091506 5.867325 2.550910 1.151085 -12.208484 0.271543 -0.163637 1.000000 0.000000 0.000000 0.000000 0.000000 0.000000 0.000000 0.000000 0.000000 0.000000 0.000000 0.000000 0.000000 0.000000 0.000000 0.000000 0.000000 0.000000 0.000000 0.000000 0.000000 0.000000 0.000000 0.000000 0.000000 0.000000 0.000000 0.000000 0.000000 0.000000 0.000000 0.000000 0.000000 0.000000 0.000000 0.000000 0.000000 0.000000 0.000000 0.000000 0.000000 0.000000 0.000000 0.000000 0.000000 0.000000 0.000000 0.000000 0.000000 0.000000 0.000000 0.000000 0.000000 0.000000 0.000000 0.000000 0.000000 0.000000 0.000000 0.000000 0.000000 0.000000 0.000000 0.000000 0.000000 0.000000 0.000000 0.000000 0.000000 0.000000 0.000000 0.000000 0.000000 0.000000 0.000000 0.000000 0.000000 0.000000 0.000000 0.000000 0.000000 0.000000 0.000000 0.000000 0.000000 0.000000 0.000000 0.000000 0.000000 0.000000 0.000000 0.000000 0.000000 0.000000 0.000000 0.000000 0.000000 0.000000 
-0.323861 -2.509203 -1.582401 4.434432 -0.531789 -0.035602 0.025616 -0.301686 -0.008244 -22.887571 -0.992566 4.222004 1.481102 -1.211059 -0.448628 -0.661474 0.064258 0.136266 4.749404 -11.100657 -0.596041 11.690109 0.605539 -0.889316 0.529930 -0.519069 -0.535558 2.145043 57.839563 -0.650115 12.716209 1.494842 -2.473648 -1.901576 -2.076044 80.734670 1.087396 1.151129 -4.621247 42.249554 -8.363738 -0.793488 3.638152 1.041383 3.078851 0.764815 -0.359647 0.824723 -0.078926 3.061464 0.926988 0.974895 -3.078040 2.068368 -3.280672 1.561551 -1.231251 8.506232 -1.384724 0.204945 -0.052640 0.041790 -57.858122 1.345242 -5.076848 0.370370 -23.971942 1.446854 -0.143685 -4.716052 1.171204 1.550589 -1.397788 6.433732 -0.559063 -8.327248 7.645833 -20.309430 -0.759253 9.873500 -0.916295 0.400404 -4.326402 4.693502 -17.300378 2.538480 -13.218947 2.389279 -0.971990 -0.488229 -0.845238 -2.191605 -0.692397 -0.982991 0.154384 -0.277278 0.657657 -0.142744 0.151052 14.304035 -0.381580 0.476318 0.432046 1.000000 0.000000 0.000000 0.000000 0.000000 0.000000 0.000000 0.000000 0.000000 0.000000 0.000000 0.000000 0.000000 0.000000 0.000000 0.000000 0.000000 0.000000 0.000000 0.000000 0.000000 0.000000 0.000000 0.000000 0.000000 0.000000 0.000000 0.000000 0.000000 0.000000 0.000000 0.000000 0.000000 0.000000 0.000000 0.000000 0.000000 0.000000 0.000000 0.000000 0.000000 0.000000 0.000000 0.000000 0.000000 0.000000 0.000000 0.000000 0.000000 0.000000 0.000000 0.000000 0.000000 0.000000 0.000000 0.000000 0.000000 0.000000 0.000000 0.000000 0.000000 0.000000 0.000000 0.000000 0.000000 0.000000 0.000000 0.000000 0.000000 0.000000 0.000000 0.000000 0.000000 0.000000 0.000000 0.000000 0.000000 0.000000 0.000000 0.000000 0.000000 0.000000 0.000000 0.000000 0.000000 0.000000 0.000000 0.000000 0.000000 0.000000 0.000000 0.000000 0.000000 0.000000 0.000000 0.000000 0.000000 
-1.211018 -3.793867 -2.525131 7.562940 -0.954501 -0.964622 -0.041971 -0.043756 -0.074095 -19.140330 -0.900578 6.740797 1.898216 0.917369 6.049440 -0.137666 1.363687 -0.236375 -2.502159 7.563835 -1.274037 6.893122 0.155779 1.671341 -2.130145 2.820027 3.719974 1.470979 -170.654280 1.924784 -1.247689 -0.276317 -2.607485 -1.800523 -1.414313 167.201226 2.269910 1.129341 -3.517532 35.922370 -6.992774 -0.731577 3.836701 1.169956 8.128028 2.789692 -0.805676 1.787299 -0.767934 -1.615268 -2.580997 -1.240310 -0.589416 0.034379 -0.915646 -0.011188 -0.087507 0.963377 1.178009 -0.917916 1.206042 -0.489362 194.166974 -5.286275 14.653743 -1.155343 59.423669 -3.909580 0.741672 2.033013 -2.271563 -2.280776 -0.914080 1.445023 -0.130282 2.600614 -2.802898 2.424367 0.197286 -3.864805 0.282795 -0.863929 -1.468171 2.480855 -8.320814 1.743261 -33.390193 5.551347 -1.877686 1.573258 -2.267722 -4.974350 -0.972552 3.039807 1.789439 -1.485655 -7.964604 -2.905755 -0.623123 -15.107280 0.234336 0.071126 -2.392057 -1.049448 1.000000 0.000000 0.000000 0.000000 0.000000 0.000000 0.000000 0.000000 0.000000 0.000000 0.000000 0.000000 0.000000 0.000000 0.000000 0.000000 0.000000 0.000000 0.000000 0.000000 0.000000 0.000000 0.000000 0.000000 0.000000 0.000000 0.000000 0.000000 0.000000 0.000000 0.000000 0.000000 0.000000 0.000000 0.000000 0.000000 0.000000 0.000000 0.000000 0.000000 0.000000 0.000000 0.000000 0.000000 0.000000 0.000000 0.000000 0.000000 0.000000 0.000000 0.000000 0.000000 0.000000 0.000000 0.000000 0.000000 0.000000 0.000000 0.000000 0.000000 0.000000 0.000000 0.000000 0.000000 0.000000 0.000000 0.000000 0.000000 0.000000 0.000000 0.000000 0.000000 0.000000 0.000000 0.000000 0.000000 0.000000 0.000000 0.000000 0.000000 0.000000 0.000000 0.000000 0.000000 0.000000 0.000000 0.000000 0.000000 0.000000 0.000000 0.000000 0.000000 0.000000 0.000000 0.000000 0.000000 
0.267855 -1.529281 -2.702839 -13.752135 1.479304 -14.579750 -2.969510 15.687317 1.337102 -1.846754 -0.033861 -0.955167 -0.630142 0.391547 1.130498 0.683938 0.418738 -0.090065 13.823692 -34.072864 0.768440 14.744417 0.725830 1.508521 -0.011953 -0.686878 -1.030031 -1.922095 35.461594 -0.396849 -3.409418 -0.340275 0.038503 0.091113 0.423422 -42.247299 -0.584173 -0.490619 1.863733 -18.846918 2.873392 0.624768 -1.077107 -0.425468 -2.188893 -1.538424 -0.338480 -0.531480 -0.100081 -0.002938 0.207916 -0.135719 0.978812 -0.841858 1.866044 -0.260565 0.271235 -2.860038 0.411532 -0.070254 0.044552 0.096297 -74.433343 2.132579 -6.488717 0.394133 -21.755726 1.405295 0.459119 1.013817 -0.407779 -1.362514 1.358744 -4.017289 0.249169 -2.943710 2.695086 -10.462173 -0.335450 2.879124 -0.257172 0.528249 -2.196658 1.733170 -5.994420 0.945166 -1.829602 0.306623 0.041721 -0.116111 0.450448 -0.755825 -0.673384 -2.356798 -0.253123 -0.491845 1.765184 1.638706 2.130382 -54.425015 1.100407 -0.546788 -0.025128 -0.347292 -0.654213 1.000000 0.000000 0.000000 0.000000 0.000000 0.000000 0.000000 0.000000 0.000000 0.000000 0.000000 0.000000 0.000000 0.000000 0.000000 0.000000 0.000000 0.000000 0.000000 0.000000 0.000000 0.000000 0.000000 0.000000 0.000000 0.000000 0.000000 0.000000 0.000000 0.000000 0.000000 0.000000 0.000000 0.000000 0.000000 0.000000 0.000000 0.000000 0.000000 0.000000 0.000000 0.000000 0.000000 0.000000 0.000000 0.000000 0.000000 0.000000 0.000000 0.000000 0.000000 0.000000 0.000000 0.000000 0.000000 0.000000 0.000000 0.000000 0.000000 0.000000 0.000000 0.000000 0.000000 0.000000 0.000000 0.000000 0.000000 0.000000 0.000000 0.000000 0.000000 0.000000 0.000000 0.000000 0.000000 0.000000 0.000000 0.000000 0.000000 0.000000 0.000000 0.000000 0.000000 0.000000 0.000000 0.000000 0.000000 0.000000 0.000000 0.000000 0.000000 0.000000 0.000000 0.000000 0.000000 
0.100060 1.440652 -0.048315 -2.517564 0.268022 -0.504111 0.002529 1.921960 0.203366 -4.967122 -0.243120 3.339945 0.665491 0.975863 3.615923 0.724483 0.917661 -0.355056 5.185666 -12.055927 0.473048 3.221492 0.114450 3.252165 -1.169099 1.300025 0.846323 2.431948 11.410591 -0.129017 7.607930 0.870354 0.516986 -0.195932 -0.375634 72.864894 1.007140 -0.327411 -3.327061 21.259098 -5.164756 -0.435789 2.750359 0.739024 0.647297 -0.120860 -0.409845 -0.082322 0.039054 -4.521288 -0.995697 0.417505 1.918876 -0.952925 0.935435 0.724874 -0.184574 -1.136270 0.331541 -0.167953 0.226551 -0.490469 36.956764 -0.797975 3.951927 -0.071070 18.399918 -1.087586 0.498043 7.665744 -2.389449 -4.368726 2.926704 -16.489435 1.317007 4.970415 -4.913828 16.890083 0.570808 -6.229969 0.577539 -0.001515 -0.489664 0.133643 -2.027968 0.300172 7.613703 -1.242969 0.439805 -1.169260 -0.805652 -0.412587 0.105004 1.208634 1.504867 -1.556584 -4.948538 -1.591700 0.292994 -56.117072 1.371800 -1.357696 -0.138446 -0.524311 -0.435426 1.734576 1.000000 0.000000 0.000000 0.000000 0.000000 0.000000 0.000000 0.000000 0.000000 0.000000 0.000000 0.000000 0.000000 0.000000 0.000000 0.000000 0.000000 0.000000 0.000000 0.000000 0.000000 0.000000 0.000000 0.000000 0.000000 0.000000 0.000000 0.000000 0.000000 0.000000 0.000000 0.000000 0.000000 0.000000 0.000000 0.000000 0.000000 0.000000 0.000000 0.000000 0.000000 0.000000 0.000000 0.000000 0.000000 0.000000 0.000000 0.000000 0.000000 0.000000 0.000000 0.000000 0.000000 0.000000 0.000000 0.000000 0.000000 0.000000 0.000000 0.000000 0.000000 0.000000 0.000000 0.000000 0.000000 0.000000 0.000000 0.000000 0.000000 0.000000 0.000000 0.000000 0.000000 0.000000 0.000000 0.000000 0.000000 0.000000 0.000000 0.000000 0.000000 0.000000 0.000000 0.000000 0.000000 0.000000 0.000000 0.000000 0.000000 0.000000 0.000000 0.000000 0.000000 0.000000 
-0.950313 -0.111556 -1.374944 -8.402471 0.917580 -2.739287 -0.529376 5.585292 0.595078 2.349433 0.093994 -0.233053 0.017672 0.219904 0.150035 0.041216 -0.081344 0.049865 2.717548 -6.449738 -0.004404 3.669313 0.149567 1.914990 -1.062978 0.745587 0.783495 0.041867 -80.324750 0.900250 -2.721899 -0.364992 -2.887311 -2.154309 -1.840110 201.625468 2.750190 1.381223 -4.891953 44.815368 -8.726690 -0.932973 3.557056 1.034822 4.005258 1.541709 -0.295993 1.160995 -0.467163 0.774037 -0.181531 -0.461792 -0.577306 0.190758 -0.253852 0.825781 -1.153476 13.507041 -2.543392 0.448695 -0.065408 -0.429824 -4.600514 0.064569 -1.781490 -0.061427 -5.876283 0.385447 0.067938 0.189200 0.229865 0.052861 0.934675 1.436351 -0.149031 1.501096 -2.287307 5.958933 0.220508 -3.055849 0.314138 0.243427 0.175745 -0.378557 4.589950 -0.558842 -1.636396 0.212825 0.240128 0.321112 -0.444963 -1.115197 -0.423403 0.261722 0.237707 -0.383251 -0.679537 -0.380080 -0.444026 -13.754728 0.353740 -0.349740 0.371046 0.070109 -0.480524 1.270576 1.848439 1.000000 0.000000 0.000000 0.000000 0.000000 0.000000 0.000000 0.000000 0.000000 0.000000 0.000000 0.000000 0.000000 0.000000 0.000000 0.000000 0.000000 0.000000 0.000000 0.000000 0.000000 0.000000 0.000000 0.000000 0.000000 0.000000 0.000000 0.000000 0.000000 0.000000 0.000000 0.000000 0.000000 0.000000 0.000000 0.000000 0.000000 0.000000 0.000000 0.000000 0.000000 0.000000 0.000000 0.000000 0.000000 0.000000 0.000000 0.000000 0.000000 0.000000 0.000000 0.000000 0.000000 0.000000 0.000000 0.000000 0.000000 0.000000 0.000000 0.000000 0.000000 0.000000 0.000000 0.000000 0.000000 0.000000 0.000000 0.000000 0.000000 0.000000 0.000000 0.000000 0.000000 0.000000 0.000000 0.000000 0.000000 0.000000 0.000000 0.000000 0.000000 0.000000 0.000000 0.000000 0.000000 0.000000 0.000000 0.000000 0.000000 0.000000 0.000000 0.000000 0.000000 
0.773913 -2.697730 -0.725149 4.121146 -0.456743 4.724735 0.843093 -4.001554 -0.328116 8.307251 0.399318 8.299694 1.258274 0.358680 3.813897 0.995139 0.712759 -0.269646 -0.621712 3.799440 -0.051975 -1.599412 -0.079620 -0.198255 0.537740 -0.253692 -0.439280 -0.081098 12.325795 -0.144605 -4.119647 -0.473024 1.398651 0.762288 0.916216 -89.062802 -1.243012 0.473383 3.768298 -17.457096 4.685265 0.183639 1.519106 0.830036 11.759053 4.284926 -0.855512 1.705809 -0.479316 -2.931102 -2.622353 -1.984346 0.463801 -0.907517 1.659265 0.260335 1.150516 -25.590032 5.212218 -1.213750 0.741949 -0.218984 34.409367 -0.882528 0.596485 -0.430833 5.954419 -0.349964 0.288317 1.508312 0.857822 2.223047 -0.074536 3.555206 -0.289359 -1.275410 1.814133 3.370133 -0.037439 4.242716 -0.431947 0.455386 -3.271937 3.882149 -12.894816 1.989144 -19.888814 3.476584 -1.505119 -0.234822 -1.642860 -3.681845 -0.965442 1.272815 0.113622 1.015248 6.284233 0.801731 -2.305616 9.524793 -0.341842 0.820040 2.315693 1.346572 -0.502459 -0.798186 0.888944 1.351724 1.000000 0.000000 0.000000 0.000000 0.000000 0.000000 0.000000 0.000000 0.000000 0.000000 0.000000 0.000000 0.000000 0.000000 0.000000 0.000000 0.000000 0.000000 0.000000 0.000000 0.000000 0.000000 0.000000 0.000000 0.000000 0.000000 0.000000 0.000000 0.000000 0.000000 0.000000 0.000000 0.000000 0.000000 0.000000 0.000000 0.000000 0.000000 0.000000 0.000000 0.000000 0.000000 0.000000 0.000000 0.000000 0.000000 0.000000 0.000000 0.000000 0.000000 0.000000 0.000000 0.000000 0.000000 0.000000 0.000000 0.000000 0.000000 0.000000 0.000000 0.000000 0.000000 0.000000 0.000000 0.000000 0.000000 0.000000 0.000000 0.000000 0.000000 0.000000 0.000000 0.000000 0.000000 0.000000 0.000000 0.000000 0.000000 0.000000 0.000000 0.000000 0.000000 0.000000 0.000000 0.000000 0.000000 0.000000 0.000000 0.000000 0.000000 0.000000 0.000000 
-0.171588 4.293005 4.921997 -6.123994 0.868376 -3.857978 -0.850208 12.591851 1.137956 40.370983 1.710499 -0.453765 -1.336126 3.432632 7.979516 2.060137 1.874871 -0.962754 5.756550 -13.787887 1.037187 -0.291517 0.029169 -1.732093 1.259193 -0.953334 -1.297121 -0.933925 19.860204 -0.220340 2.386741 0.343702 1.782703 1.092026 0.661992 5.611968 0.072166 -0.330827 -0.010957 1.339140 0.217238 -0.000885 -3.598003 -1.221939 -9.773316 -3.433899 0.708821 -1.677602 0.686407 0.710866 0.885875 0.703874 -0.597876 0.462366 -2.172376 2.345090 -2.450208 31.062949 -6.461751 1.491113 -0.779556 -1.139538 40.853832 -1.374674 1.752042 -0.042539 4.989958 -0.371152 0.067729 -0.230819 0.980726 2.419379 -0.704019 6.898008 -0.517557 2.292646 -2.951538 30.287040 0.740920 -0.827695 0.046770 -1.060162 0.632789 -0.091264 -0.096823 0.046436 -13.089758 2.134760 -0.367000 -0.202356 -0.966860 -4.800560 -1.736610 -2.348572 0.955161 -2.183642 -3.002427 0.239887 2.629832 -129.485017 2.789613 -1.832095 -1.701249 -1.143287 -0.522174 2.508807 2.631175 0.884424 -1.471645 1.000000 0.000000 0.000000 0.000000 0.000000 0.000000 0.000000 0.000000 0.000000 0.000000 0.000000 0.000000 0.000000 0.000000 0.000000 0.000000 0.000000 0.000000 0.000000 0.000000 0.000000 0.000000 0.000000 0.000000 0.000000 0.000000 0.000000 0.000000 0.000000 0.000000 0.000000 0.000000 0.000000 0.000000 0.000000 0.000000 0.000000 0.000000 0.000000 0.000000 0.000000 0.000000 0.000000 0.000000 0.000000 0.000000 0.000000 0.000000 0.000000 0.000000 0.000000 0.000000 0.000000 0.000000 0.000000 0.000000 0.000000 0.000000 0.000000 0.000000 0.000000 0.000000 0.000000 0.000000 0.000000 0.000000 0.000000 0.000000 0.000000 0.000000 0.000000 0.000000 0.000000 0.000000 0.000000 0.000000 0.000000 0.000000 0.000000 0.000000 0.000000 0.000000 0.000000 0.000000 0.000000 0.000000 0.000000 0.000000 0.000000 0.000000 0.000000 
1.065478 0.012246 1.540608 6.384544 -0.645585 13.512976 2.671766 -11.464754 -0.886463 32.622342 1.322179 -2.986265 -1.049856 0.946447 0.715741 0.297431 0.286821 -0.191251 -8.440279 20.334294 -0.654052 -6.958137 -0.336210 -1.062781 0.422964 -0.059192 0.099667 1.936337 -6.513420 0.073258 1.262222 0.125746 4.143964 1.854798 1.550544 -48.019575 -0.636716 -1.073188 3.724151 -45.792242 7.464063 1.156011 -7.614800 -2.777688 -16.845206 -5.231047 2.271362 -2.864771 1.909551 5.032343 4.053103 3.187629 -3.850784 3.562613 -3.991206 -1.649510 0.803117 -8.206714 2.937915 -1.206665 1.006997 3.138304 -134.577465 4.043049 -7.057766 0.757433 -24.534021 1.668046 -0.893047 0.972377 0.804369 0.741734 1.332945 -3.040041 0.318595 -1.059801 -1.943904 0.478915 0.135086 -4.148891 0.376384 0.180175 1.109981 -0.967413 2.767774 -0.420093 -0.957936 0.137872 -0.033880 -0.044375 0.082801 1.041612 0.214938 -2.329721 -1.614484 1.136663 -2.963233 -0.021476 0.865717 44.728627 -0.825570 -0.037824 -0.677249 -0.516192 0.561163 -0.713001 -2.436237 -1.554395 0.011850 4.284978 1.000000 0.000000 0.000000 0.000000 0.000000 0.000000 0.000000 0.000000 0.000000 0.000000 0.000000 0.000000 0.000000 0.000000 0.000000 0.000000 0.000000 0.000000 0.000000 0.000000 0.000000 0.000000 0.000000 0.000000 0.000000 0.000000 0.000000 0.000000 0.000000 0.000000 0.000000 0.000000 0.000000 0.000000 0.000000 0.000000 0.000000 0.000000 0.000000 0.000000 0.000000 0.000000 0.000000 0.000000 0.000000 0.000000 0.000000 0.000000 0.000000 0.000000 0.000000 0.000000 0.000000 0.000000 0.000000 0.000000 0.000000 0.000000 0.000000 0.000000 0.000000 0.000000 0.000000 0.000000 0.000000 0.000000 0.000000 0.000000 0.000000 0.000000 0.000000 0.000000 0.000000 0.000000 0.000000 0.000000 0.000000 0.000000 0.000000 0.000000 0.000000 0.000000 0.000000 0.000000 0.000000 0.000000 0.000000 0.000000 0.000000 0.000000 
-0.198156 -3.078125 -3.319885 0.181266 -0.147546 4.744181 1.146562 -5.143411 -0.413835 -8.034850 -0.427792 6.731564 1.710528 1.042387 5.457896 0.203368 1.315111 -0.451523 2.870806 -5.698714 -0.814742 10.221559 0.483310 2.183445 -0.749957 1.813087 1.066633 4.987178 67.108916 -0.753329 13.454009 1.528107 1.787410 0.416697 0.029215 39.129009 0.545608 -0.452665 -3.536828 20.852468 -4.932827 -0.556201 9.547906 3.261092 18.387770 5.330335 -2.491233 3.090903 -1.782225 -1.575882 -2.770227 -0.700702 -0.947658 0.619305 -0.671917 -1.971649 2.527836 -41.848977 11.459898 -3.924695 3.378324 1.210908 203.072288 -5.326961 17.608734 -1.252296 72.049520 -4.639744 0.059599 2.558418 -2.251037 -2.644526 -0.711796 -0.824669 0.067086 0.731586 -1.550689 -0.346627 0.074928 -2.827664 0.324911 0.037996 -0.012802 0.249709 1.065055 -0.131693 -2.308966 0.457490 -0.417091 0.050609 0.027017 -2.025066 -0.489331 -1.238768 0.847422 -1.583364 -3.677691 -1.193643 0.666739 -50.736880 0.806439 0.305484 -1.330656 -0.333014 0.656121 0.013278 0.084882 -0.093465 -0.643578 0.007216 0.047038 1.000000 0.000000 0.000000 0.000000 0.000000 0.000000 0.000000 0.000000 0.000000 0.000000 0.000000 0.000000 0.000000 0.000000 0.000000 0.000000 0.000000 0.000000 0.000000 0.000000 0.000000 0.000000 0.000000 0.000000 0.000000 0.000000 0.000000 0.000000 0.000000 0.000000 0.000000 0.000000 0.000000 0.000000 0.000000 0.000000 0.000000 0.000000 0.000000 0.000000 0.000000 0.000000 0.000000 0.000000 0.000000 0.000000 0.000000 0.000000 0.000000 0.000000 0.000000 0.000000 0.000000 0.000000 0.000000 0.000000 0.000000 0.000000 0.000000 0.000000 0.000000 0.000000 0.000000 0.000000 0.000000 0.000000 0.000000 0.000000 0.000000 0.000000 0.000000 0.000000 0.000000 0.000000 0.000000 0.000000 0.000000 0.000000 0.000000 0.000000 0.000000 0.000000 0.000000 0.000000 0.000000 0.000000 0.000000 0.000000 0.000000 
-1.212464 4.069820 2.181373 1.121248 -0.039351 -0.852124 -0.334856 -1.437768 -0.150576 -22.979826 -0.961718 1.201635 0.904330 -2.431800 -4.050966 -1.381285 -0.875057 0.219111 0.643445 -2.082814 0.046879 0.067750 0.025167 2.956532 -0.860207 1.016604 0.287149 1.718243 -31.880016 0.355316 2.437596 0.245032 -2.614295 -2.245426 -1.562431 132.167139 1.798407 0.808850 -4.622974 33.499216 -7.620271 -0.477412 2.071887 0.365068 -0.418268 0.040590 0.178648 0.849808 -0.002028 1.739527 -0.181442 0.142830 -1.919652 1.179480 -3.254458 0.661497 -1.025605 10.296067 -1.227926 -0.051810 0.264160 0.076110 16.978541 -0.673257 1.272785 -0.181561 0.300945 -0.192857 0.734848 -4.847559 -0.010217 0.587917 -2.193870 10.032995 -0.914112 -11.407927 11.546746 -60.879765 -1.740545 12.077317 -1.183777 0.060136 -2.984864 2.481119 -8.234020 1.440862 -20.167549 3.398500 -1.483615 1.954003 0.305091 0.907550 0.277408 -1.066965 -1.714107 2.175514 3.440645 1.123514 -0.736043 38.608114 -0.848659 0.603121 1.470502 -0.086470 1.042931 -2.888238 -3.806608 -1.824714 1.486518 -3.937344 -0.524537 0.494197 1.000000 0.000000 0.000000 0.000000 0.000000 0.000000 0.000000 0.000000 0.000000 0.000000 0.000000 0.000000 0.000000 0.000000 0.000000 0.000000 0.000000 0.000000 0.000000 0.000000 0.000000 0.000000 0.000000 0.000000 0.000000 0.000000 0.000000 0.000000 0.000000 0.000000 0.000000 0.000000 0.000000 0.000000 0.000000 0.000000 0.000000 0.000000 0.000000 0.000000 0.000000 0.000000 0.000000 0.000000 0.000000 0.000000 0.000000 0.000000 0.000000 0.000000 0.000000 0.000000 0.000000 0.000000 0.000000 0.000000 0.000000 0.000000 0.000000 0.000000 0.000000 0.000000 0.000000 0.000000 0.000000 0.000000 0.000000 0.000000 0.000000 0.000000 0.000000 0.000000 0.000000 0.000000 0.000000 0.000000 0.000000 0.000000 0.000000 0.000000 0.000000 0.000000 0.000000 0.000000 0.000000 0.000000 0.000000 0.000000 
0.026143 0.662780 -0.105557 -7.418757 0.843529 -5.666775 -1.243536 8.469823 0.654593 20.001155 0.853640 6.008026 0.219602 2.063820 7.745706 1.922700 1.956568 -0.763956 7.263351 -16.403911 0.128747 9.050057 0.459215 1.306557 0.131943 0.229912 -0.270920 3.929605 73.126634 -0.825925 13.034061 1.557365 0.399630 -0.087963 0.054880 -5.060413 -0.058784 -1.220830 -3.686259 19.940847 -4.657563 -0.306114 0.949157 0.157740 -5.737054 -2.350099 -0.049216 -1.041935 0.174312 -0.636144 0.393731 0.345089 0.693934 -0.136025 -0.874373 1.173464 -0.661790 4.987639 -1.569480 0.640294 -0.741189 0.303201 -94.590722 2.457554 -11.466356 0.477556 -38.688093 2.481460 -0.133421 -2.248940 3.403588 6.580035 -0.607479 14.216314 -1.103264 -0.916409 0.614060 14.325170 0.230894 3.122238 -0.299871 -1.154978 1.631182 -1.980141 5.685876 -0.979336 -0.248991 0.103843 -0.298858 -0.014099 0.688206 -1.009200 -1.217150 -4.670261 -2.176030 0.981964 3.060871 1.777881 0.663837 23.304081 -0.500831 0.297451 0.672550 0.114738 0.029957 -0.434825 -0.192404 0.008833 -0.608137 1.744312 0.463566 1.080108 0.164598 1.000000 0.000000 0.000000 0.000000 0.000000 0.000000 0.000000 0.000000 0.000000 0.000000 0.000000 0.000000 0.000000 0.000000 0.000000 0.000000 0.000000 0.000000 0.000000 0.000000 0.000000 0.000000 0.000000 0.000000 0.000000 0.000000 0.000000 0.000000 0.000000 0.000000 0.000000 0.000000 0.000000 0.000000 0.000000 0.000000 0.000000 0.000000 0.000000 0.000000 0.000000 0.000000 0.000000 0.000000 0.000000 0.000000 0.000000 0.000000 0.000000 0.000000 0.000000 0.000000 0.000000 0.000000 0.000000 0.000000 0.000000 0.000000 0.000000 0.000000 0.000000 0.000000 0.000000 0.000000 0.000000 0.000000 0.000000 0.000000 0.000000 0.000000 0.000000 0.000000 0.000000 0.000000 0.000000 0.000000 0.000000 0.000000 0.000000 0.000000 0.000000 0.000000 0.000000 0.000000 0.000000 0.000000 0.000000 
0.425709 3.896313 1.780542 -8.010746 0.979596 -1.965271 -0.431809 5.075425 0.452876 2.274690 0.116069 2.425411 0.075010 0.328501 2.408121 0.859352 0.711107 -0.042072 7.302364 -16.994874 0.490485 6.220226 0.302765 2.858465 -0.770651 0.917439 0.518744 0.540654 -50.995939 0.575770 -0.875850 -0.119708 -0.103385 -0.243086 0.083524 59.207096 0.818400 -0.471686 -0.148593 -6.606724 0.457196 0.297898 -3.984948 -1.543614 -12.123895 -4.184825 1.157945 -1.980886 0.993328 1.457636 1.489385 0.964281 -0.887954 0.765609 -0.943062 0.386921 -1.093618 18.043873 -4.122047 1.141500 -0.836874 0.006569 -45.472099 1.195423 -2.838490 0.456378 -11.389257 0.732851 -0.331794 -1.688128 1.233454 2.123381 -0.650265 4.912165 -0.373452 -0.393502 0.611742 2.189427 0.011992 1.365506 -0.122444 -0.560149 1.723980 -2.100862 6.091380 -0.986328 6.271663 -1.092943 0.435212 0.140171 0.732828 1.119267 0.029073 -0.984214 -0.732241 0.363852 0.450955 0.691625 0.638150 32.316538 -0.733525 0.521833 -0.521462 0.031434 0.146099 -0.378401 -0.407982 -0.165148 -0.532994 -2.637691 -0.744794 -0.554315 0.522043 10.647538 1.000000 0.000000 0.000000 0.000000 0.000000 0.000000 0.000000 0.000000 0.000000 0.000000 0.000000 0.000000 0.000000 0.000000 0.000000 0.000000 0.000000 0.000000 0.000000 0.000000 0.000000 0.000000 0.000000 0.000000 0.000000 0.000000 0.000000 0.000000 0.000000 0.000000 0.000000 0.000000 0.000000 0.000000 0.000000 0.000000 0.000000 0.000000 0.000000 0.000000 0.000000 0.000000 0.000000 0.000000 0.000000 0.000000 0.000000 0.000000 0.000000 0.000000 0.000000 0.000000 0.000000 0.000000 0.000000 0.000000 0.000000 0.000000 0.000000 0.000000 0.000000 0.000000 0.000000 0.000000 0.000000 0.000000 0.000000 0.000000 0.000000 0.000000 0.000000 0.000000 0.000000 0.000000 0.000000 0.000000 0.000000 0.000000 0.000000 0.000000 0.000000 0.000000 0.000000 0.000000 0.000000 0.000000 
0.616114 5.814047 2.798691 -9.984382 1.253757 0.341862 -0.082970 2.473167 0.302835 13.740139 0.631082 -3.096096 -1.073769 -0.135743 -2.159004 0.306872 -0.584404 0.286220 9.446354 -24.157600 0.956551 6.709502 0.373435 0.445822 0.336556 -1.853388 -2.106271 -4.941640 21.477325 -0.244813 -9.609359 -1.041014 -2.360508 -1.163926 -0.879974 155.504981 2.136518 0.499049 -1.821592 18.910556 -3.326693 -0.487492 0.341365 0.100736 -1.438000 -0.526706 0.291585 -0.022987 -0.039224 3.523561 0.895392 -0.386246 -1.426167 0.559864 0.480464 -1.257775 -0.015266 5.179049 -0.699756 -0.009963 0.122700 0.428385 -11.942931 0.335245 -2.638049 -0.059167 -5.313632 0.337502 -0.396461 -4.010727 0.249740 -0.168184 -0.622112 4.791043 -0.474012 -5.817442 5.477303 -27.537539 -0.809116 4.678463 -0.333348 -0.260768 -0.284411 -0.545304 2.412456 -0.180220 1.406080 -0.280657 0.360759 0.497650 -0.938679 0.781759 0.648823 2.349732 -0.069335 1.077352 -2.992352 -1.158212 -0.520157 29.026573 -0.756454 0.837454 -0.416978 0.059294 1.070958 -2.080368 -2.093031 -1.055718 0.102149 -0.936367 0.261946 2.740612 1.425441 1.772386 -0.285160 1.000000 0.000000 0.000000 0.000000 0.000000 0.000000 0.000000 0.000000 0.000000 0.000000 0.000000 0.000000 0.000000 0.000000 0.000000 0.000000 0.000000 0.000000 0.000000 0.000000 0.000000 0.000000 0.000000 0.000000 0.000000 0.000000 0.000000 0.000000 0.000000 0.000000 0.000000 0.000000 0.000000 0.000000 0.000000 0.000000 0.000000 0.000000 0.000000 0.000000 0.000000 0.000000 0.000000 0.000000 0.000000 0.000000 0.000000 0.000000 0.000000 0.000000 0.000000 0.000000 0.000000 0.000000 0.000000 0.000000 0.000000 0.000000 0.000000 0.000000 0.000000 0.000000 0.000000 0.000000 0.000000 0.000000 0.000000 0.000000 0.000000 0.000000 0.000000 0.000000 0.000000 0.000000 0.000000 0.000000 0.000000 0.000000 0.000000 0.000000 0.000000 0.000000 0.000000 0.000000 0.000000 
-1.422873 -5.435383 -2.994650 13.916221 -1.683312 10.324795 2.078946 -13.881079 -1.257267 -13.538050 -0.625465 5.973381 1.929860 -0.855165 0.259081 -0.855671 -0.066126 -0.200705 -10.416075 26.282689 -0.928177 -8.625787 -0.400572 0.299385 -0.226990 1.397889 1.282985 5.783659 98.178810 -1.103450 12.155933 1.377424 2.072821 1.915530 1.777675 -304.883566 -4.185284 -1.773063 0.148615 -5.032082 1.464255 0.118226 -0.322354 0.010879 -0.602662 -0.905471 -0.854602 -0.598236 -0.070590 -5.930180 -2.062299 -0.892236 3.952161 -2.712484 3.481065 -0.883061 1.269209 -14.476258 2.156878 -0.135118 -0.296076 0.107114 -62.231471 1.898101 -5.504974 0.263721 -16.334268 1.206658 -0.827375 1.134369 0.920880 1.023934 0.769163 -4.542186 0.454378 3.223281 -3.107290 33.317799 0.781974 -2.316747 0.319994 0.329696 -1.101559 0.176817 0.008187 0.097053 6.289401 -1.066288 0.416371 -0.240903 0.328941 0.968278 0.211397 -0.737086 -1.024931 1.573363 3.091957 1.052659 -0.256212 -7.767867 0.002628 0.497575 0.840959 0.021373 0.467544 -1.944952 -1.955223 -0.864909 0.498322 0.404429 0.370398 1.503604 0.899267 -3.368947 -0.669368 0.997039 1.000000 0.000000 0.000000 0.000000 0.000000 0.000000 0.000000 0.000000 0.000000 0.000000 0.000000 0.000000 0.000000 0.000000 0.000000 0.000000 0.000000 0.000000 0.000000 0.000000 0.000000 0.000000 0.000000 0.000000 0.000000 0.000000 0.000000 0.000000 0.000000 0.000000 0.000000 0.000000 0.000000 0.000000 0.000000 0.000000 0.000000 0.000000 0.000000 0.000000 0.000000 0.000000 0.000000 0.000000 0.000000 0.000000 0.000000 0.000000 0.000000 0.000000 0.000000 0.000000 0.000000 0.000000 0.000000 0.000000 0.000000 0.000000 0.000000 0.000000 0.000000 0.000000 0.000000 0.000000 0.000000 0.000000 0.000000 0.000000 0.000000 0.000000 0.000000 0.000000 0.000000 0.000000 0.000000 0.000000 0.000000 0.000000 0.000000 0.000000 0.000000 0.000000 0.000000 0.000000 
-0.928012 -0.814661 -3.376345 -11.859109 1.212933 -12.103138 -2.302520 11.747736 1.015512 -14.502896 -0.624616 4.384795 1.019531 -0.598496 2.372867 0.067861 0.929328 -0.045191 4.115238 -8.826284 -0.178436 7.565688 0.310608 0.623348 -0.406329 0.329036 0.954566 4.721209 10.341369 -0.123156 8.473293 0.970463 -1.235074 -0.456159 -0.346024 -158.535982 -2.163056 -1.311244 -1.926175 5.306464 -1.792669 0.171334 0.938841 0.206596 -2.206255 -1.787423 -0.585915 -0.499763 -0.100356 -2.404092 -0.996531 -0.533110 1.500603 -1.287022 0.350587 1.331145 -0.708057 8.749584 -1.983335 0.476951 -0.020387 -1.968861 136.261718 -4.070353 6.089717 -0.699642 25.286322 -1.646329 -0.316807 -2.156552 -0.941182 -2.156285 -0.593241 0.524858 -0.110366 0.057363 0.858358 -9.033376 -0.224043 0.688806 -0.035150 -0.064424 0.368723 -0.789485 0.726320 -0.260981 10.368253 -1.679279 0.480779 -0.843029 0.589696 0.353273 -0.099044 -0.891779 0.548305 -1.198969 -1.027938 0.307202 1.423687 -35.164943 0.635086 -0.086439 -0.519875 -0.275865 -0.437326 1.066526 0.140449 -0.100263 -0.268607 -3.694772 -1.144083 -1.995315 -0.163701 4.653271 0.673376 -0.157185 -1.305960 1.000000 0.000000 0.000000 0.000000 0.000000 0.000000 0.000000 0.000000 0.000000 0.000000 0.000000 0.000000 0.000000 0.000000 0.000000 0.000000 0.000000 0.000000 0.000000 0.000000 0.000000 0.000000 0.000000 0.000000 0.000000 0.000000 0.000000 0.000000 0.000000 0.000000 0.000000 0.000000 0.000000 0.000000 0.000000 0.000000 0.000000 0.000000 0.000000 0.000000 0.000000 0.000000 0.000000 0.000000 0.000000 0.000000 0.000000 0.000000 0.000000 0.000000 0.000000 0.000000 0.000000 0.000000 0.000000 0.000000 0.000000 0.000000 0.000000 0.000000 0.000000 0.000000 0.000000 0.000000 0.000000 0.000000 0.000000 0.000000 0.000000 0.000000 0.000000 0.000000 0.000000 0.000000 0.000000 0.000000 0.000000 0.000000 0.000000 0.000000 0.000000 0.000000 0.000000 
1.446130 6.009277 4.194587 -2.732169 0.436920 -1.386222 -0.337286 -0.063699 -0.073975 0.589101 0.094535 1.943932 -0.078456 -0.318447 -0.756263 1.054245 0.068986 -0.220570 4.414439 -10.579165 0.932164 -2.281040 -0.016366 3.953725 -0.238010 0.687933 -1.007929 0.531413 55.469122 -0.621242 8.444366 1.009000 -0.123151 -0.714495 -0.438543 19.556984 0.257653 0.039176 -2.649096 22.466757 -4.533418 -0.489591 -0.038841 -0.165852 -2.123506 -0.162047 0.453635 0.065953 -0.110674 -1.198766 -1.412043 -1.261097 1.653015 -2.025297 2.052205 0.377177 -1.000762 26.068726 -6.053558 1.745272 -1.290353 -1.224555 -20.132897 0.277866 -3.281133 0.231902 -14.918156 0.887300 0.424314 -3.081523 1.413951 2.702934 -1.053889 11.413122 -1.003482 -8.883804 8.971707 -43.138356 -1.271749 10.024273 -0.994877 -1.095699 -0.854890 -0.175789 -3.179795 0.293879 -3.336050 0.660625 -0.345934 0.076967 -0.601066 2.368205 1.061442 -1.650289 -1.619038 1.841019 -5.297574 -1.080457 0.831187 16.560776 -0.402286 0.228938 -0.770054 -0.088983 0.561442 -0.337344 -1.495174 -1.170002 -0.248596 7.555663 1.735637 0.248652 -1.628441 -9.658084 -0.889307 0.661354 -1.611133 0.331656 1.000000 0.000000 0.000000 0.000000 0.000000 0.000000 0.000000 0.000000 0.000000 0.000000 0.000000 0.000000 0.000000 0.000000 0.000000 0.000000 0.000000 0.000000 0.000000 0.000000 0.000000 0.000000 0.000000 0.000000 0.000000 0.000000 0.000000 0.000000 0.000000 0.000000 0.000000 0.000000 0.000000 0.000000 0.000000 0.000000 0.000000 0.000000 0.000000 0.000000 0.000000 0.000000 0.000000 0.000000 0.000000 0.000000 0.000000 0.000000 0.000000 0.000000 0.000000 0.000000 0.000000 0.000000 0.000000 0.000000 0.000000 0.000000 0.000000 0.000000 0.000000 0.000000 0.000000 0.000000 0.000000 0.000000 0.000000 0.000000 0.000000 0.000000 0.000000 0.000000 0.000000 0.000000 0.000000 0.000000 0.000000 0.000000 0.000000 0.000000 0.000000 0.000000 
-1.665768 -4.704594 -1.521300 14.933220 -1.770320 -1.082704 -0.277609 -0.752592 -0.171421 13.956001 0.546785 2.938563 0.177466 1.837877 6.258588 0.916230 1.527904 -0.612181 -2.898769 8.573964 0.678031 -11.388049 -0.605933 3.110713 -1.441511 1.696181 1.735138 2.930395 -19.839490 0.219593 6.067973 0.712721 -0.268178 -0.200529 0.579720 -123.596586 -1.699008 -0.864207 0.716351 -14.214363 1.891216 0.494763 2.078485 0.715472 5.864164 2.487492 -0.603026 1.935199 -1.109361 -3.213120 -3.922426 -3.541268 3.795106 -3.648215 5.169884 -1.573644 1.942866 -15.790532 2.553676 -0.306852 0.002815 -0.536409 27.348932 -0.988459 1.582212 -0.018417 2.253921 -0.211570 -0.329413 -6.079506 1.074456 1.477527 -1.510049 12.690724 -1.081898 0.814572 -0.183715 -6.114320 -0.113723 -1.012491 -0.006952 -0.665827 -0.829021 0.327091 -2.531625 0.594607 -5.900099 0.972731 -0.536387 1.273345 -0.924110 2.191542 1.030572 3.063792 -0.418360 1.622643 -0.612324 -1.118883 -2.640848 62.213208 -1.175777 0.335108 1.241832 0.446067 0.002077 -0.780952 0.131990 0.328847 0.680215 -1.683253 -0.437769 -1.177146 -0.730217 1.168198 0.376579 -0.445383 -0.695185 1.144403 -3.717823 1.000000 0.000000 0.000000 0.000000 0.000000 0.000000 0.000000 0.000000 0.000000 0.000000 0.000000 0.000000 0.000000 0.000000 0.000000 0.000000 0.000000 0.000000 0.000000 0.000000 0.000000 0.000000 0.000000 0.000000 0.000000 0.000000 0.000000 0.000000 0.000000 0.000000 0.000000 0.000000 0.000000 0.000000 0.000000 0.000000 0.000000 0.000000 0.000000 0.000000 0.000000 0.000000 0.000000 0.000000 0.000000 0.000000 0.000000 0.000000 0.000000 0.000000 0.000000 0.000000 0.000000 0.000000 0.000000 0.000000 0.000000 0.000000 0.000000 0.000000 0.000000 0.000000 0.000000 0.000000 0.000000 0.000000 0.000000 0.000000 0.000000 0.000000 0.000000 0.000000 0.000000 0.000000 0.000000 0.000000 0.000000 0.000000 0.000000 0.000000 0.000000 
-0.653029 -2.989106 -4.016789 9.204810 -1.201561 2.754369 0.520779 -13.712039 -1.538635 -75.273982 -3.151270 4.321128 2.455147 -4.824107 -9.642708 -2.472014 -2.454463 1.006092 -7.172541 16.692835 0.167296 -12.161061 -0.563443 2.351501 -0.756768 1.149171 0.519209 3.004226 64.395992 -0.720044 11.424020 1.321884 0.676630 0.472150 0.724521 -159.032924 -2.174260 -0.879608 2.475530 -27.990184 5.116963 0.625952 -1.542459 -0.449515 0.191968 0.841223 0.491381 0.593108 -0.124709 0.342400 -0.589435 -0.658640 0.930898 -0.904967 2.376853 -2.764791 2.055402 -5.521168 0.824447 0.002403 -0.145869 1.487072 -111.833517 3.359709 -6.080742 0.753768 -20.652522 1.401878 -0.162441 1.021620 1.567034 2.636291 0.909599 4.014660 -0.321430 -2.831193 1.371404 -0.785794 -0.063644 1.699337 -0.241791 -0.500894 -1.292297 0.691946 -5.324991 0.698165 -0.086658 0.102609 -0.461037 -0.815045 -0.138487 0.384291 -0.038488 -2.028561 -0.847883 0.791324 2.085429 1.274714 1.426781 -47.782818 0.908868 -0.272200 0.328895 -0.101849 -0.195514 -0.064052 -0.657044 -0.254402 0.579823 -2.320419 -0.474231 -0.083160 1.180648 1.797034 0.067193 0.053328 3.157630 -0.984025 0.698393 -0.168687 1.000000 0.000000 0.000000 0.000000 0.000000 0.000000 0.000000 0.000000 0.000000 0.000000 0.000000 0.000000 0.000000 0.000000 0.000000 0.000000 0.000000 0.000000 0.000000 0.000000 0.000000 0.000000 0.000000 0.000000 0.000000 0.000000 0.000000 0.000000 0.000000 0.000000 0.000000 0.000000 0.000000 0.000000 0.000000 0.000000 0.000000 0.000000 0.000000 0.000000 0.000000 0.000000 0.000000 0.000000 0.000000 0.000000 0.000000 0.000000 0.000000 0.000000 0.000000 0.000000 0.000000 0.000000 0.000000 0.000000 0.000000 0.000000 0.000000 0.000000 0.000000 0.000000 0.000000 0.000000 0.000000 0.000000 0.000000 0.000000 0.000000 0.000000 0.000000 0.000000 0.000000 0.000000 0.000000 0.000000 0.000000 0.000000 0.000000 0.000000 
1.326914 -1.002584 0.676666 2.475865 -0.243913 3.792382 0.845278 -1.587415 -0.018378 25.538025 1.047852 -2.415440 -0.924200 1.150447 1.029495 0.569044 0.343246 -0.102482 -1.510140 2.912364 0.077045 -2.323786 -0.131220 -1.871443 0.379733 -0.994398 -0.359241 -3.117846 -36.207311 0.409659 -7.616749 -0.872075 -1.185748 -0.537384 -0.350457 67.285571 0.920934 0.334747 0.350455 2.740311 0.007510 -0.085992 -0.294100 -0.034215 0.759953 0.224245 0.107315 0.161162 0.109452 3.629616 1.188104 -0.070683 -1.544412 0.931630 0.497540 -1.879213 1.433162 -20.176007 5.194349 -1.689112 1.239474 1.509005 -0.164063 0.186654 3.116589 0.019233 11.720305 -0.803423 0.034182 -2.220107 -0.631913 -1.108875 -0.611682 2.942261 -0.300173 -0.319877 0.291658 -22.931494 -0.457185 -1.962845 0.159895 -0.890027 0.855260 -0.873716 3.995107 -0.301733 -10.194086 1.555218 -0.203713 0.699187 -1.534411 -3.131106 -1.195649 2.332813 0.650735 0.001647 2.612266 0.717028 -0.315922 -8.306724 0.054150 0.430939 0.626778 0.156305 0.913233 -2.158713 -1.584652 -0.600349 0.503599 -10.608258 -2.176821 0.392812 2.030244 6.988984 0.598601 -0.376605 1.213372 0.382758 -4.249876 0.907970 -1.742650 1.000000 0.000000 0.000000 0.000000 0.000000 0.000000 0.000000 0.000000 0.000000 0.000000 0.000000 0.000000 0.000000 0.000000 0.000000 0.000000 0.000000 0.000000 0.000000 0.000000 0.000000 0.000000 0.000000 0.000000 0.000000 0.000000 0.000000 0.000000 0.000000 0.000000 0.000000 0.000000 0.000000 0.000000 0.000000 0.000000 0.000000 0.000000 0.000000 0.000000 0.000000 0.000000 0.000000 0.000000 0.000000 0.000000 0.000000 0.000000 0.000000 0.000000 0.000000 0.000000 0.000000 0.000000 0.000000 0.000000 0.000000 0.000000 0.000000 0.000000 0.000000 0.000000 0.000000 0.000000 0.000000 0.000000 0.000000 0.000000 0.000000 0.000000 0.000000 0.000000 0.000000 0.000000 0.000000 0.000000 0.000000 0.000000 0.000000 
-1.316644 -1.986240 -0.720782 -2.515992 0.243049 -5.604257 -1.102743 9.392754 0.981513 50.809077 2.171523 -3.396845 -1.943958 3.404213 4.854338 2.218546 1.114697 -0.438420 1.903586 -4.391835 0.360292 -0.463925 0.006500 -1.433371 0.713037 -0.730507 -1.051409 -4.259250 7.834630 -0.076640 0.034923 0.082773 2.629413 0.385114 -0.027595 234.913849 3.205839 0.687640 -0.214499 5.341663 -1.890354 -0.117550 0.850282 0.141690 -0.008389 0.605443 0.000235 0.082179 -0.321728 -0.319073 -0.022616 -0.483547 1.317900 -0.840442 -0.756243 2.346944 -1.954092 22.486829 -5.468722 1.587041 -1.061700 -2.020249 105.635147 -3.377307 6.156045 -0.549254 16.094458 -1.203062 0.765281 -3.609431 -0.327388 0.044306 -1.718161 9.635717 -0.872109 -5.961582 6.065512 -46.334872 -1.181683 5.522639 -0.610573 -1.156813 0.602798 -0.525502 -0.057749 0.042527 -11.982449 1.997321 -0.423289 0.359033 -1.981990 -2.524584 -0.431619 2.273154 0.603758 0.258708 -1.264181 -0.778001 -0.808010 -0.526776 0.067460 -0.127869 0.436441 0.670048 0.253515 0.005108 0.704875 -0.028277 -0.518297 0.452993 0.265527 1.961271 0.325443 3.283537 0.064597 0.473900 0.857366 0.111282 -1.712695 0.510765 0.644508 0.367241 1.000000 0.000000 0.000000 0.000000 0.000000 0.000000 0.000000 0.000000 0.000000 0.000000 0.000000 0.000000 0.000000 0.000000 0.000000 0.000000 0.000000 0.000000 0.000000 0.000000 0.000000 0.000000 0.000000 0.000000 0.000000 0.000000 0.000000 0.000000 0.000000 0.000000 0.000000 0.000000 0.000000 0.000000 0.000000 0.000000 0.000000 0.000000 0.000000 0.000000 0.000000 0.000000 0.000000 0.000000 0.000000 0.000000 0.000000 0.000000 0.000000 0.000000 0.000000 0.000000 0.000000 0.000000 0.000000 0.000000 0.000000 0.000000 0.000000 0.000000 0.000000 0.000000 0.000000 0.000000 0.000000 0.000000 0.000000 0.000000 0.000000 0.000000 0.000000 0.000000 0.000000 0.000000 0.000000 0.000000 0.000000 0.000000 
3.724249 9.587637 8.231504 -0.443240 0.345995 2.029642 0.119801 -2.055750 -0.345220 14.584229 0.682680 5.484265 -0.143069 1.326904 5.135103 2.164496 1.381595 -0.467275 8.068259 -17.954257 1.537677 -2.783866 -0.062052 3.733394 0.183685 -0.459100 -2.217059 -0.811344 76.668843 -0.868333 2.828182 0.425172 2.565363 0.194220 0.607097 134.066240 1.843421 0.298194 2.791633 -24.100577 4.074831 0.369309 -0.193579 -0.033009 1.466635 1.366885 0.550016 0.220527 0.331169 -0.835573 -0.774032 0.055931 -1.572625 1.254909 -1.561620 -0.206103 0.784469 -28.426986 7.439163 -2.507841 2.184170 0.552173 111.550025 -2.811245 12.099500 -0.781995 45.575230 -2.865087 -0.104683 2.168979 -2.110216 -3.586642 0.212124 -7.585442 0.605316 0.313098 -0.604236 -6.005592 -0.087462 -2.176808 0.288810 1.368109 -1.875461 1.893792 -2.379138 0.665840 -8.579280 1.382124 -0.353702 1.243618 -0.822961 -1.623777 -0.220327 0.839845 0.650659 -0.344795 -0.639907 -0.630020 -0.723754 -15.581860 0.091119 0.716678 -0.360004 0.649226 0.795271 -0.835922 0.531515 0.346739 -0.683597 3.126871 0.860136 2.287613 -0.002294 8.034038 0.473154 0.536651 -1.977752 -0.439354 1.771866 -0.377364 -0.769190 1.411673 9.555925 1.000000 0.000000 0.000000 0.000000 0.000000 0.000000 0.000000 0.000000 0.000000 0.000000 0.000000 0.000000 0.000000 0.000000 0.000000 0.000000 0.000000 0.000000 0.000000 0.000000 0.000000 0.000000 0.000000 0.000000 0.000000 0.000000 0.000000 0.000000 0.000000 0.000000 0.000000 0.000000 0.000000 0.000000 0.000000 0.000000 0.000000 0.000000 0.000000 0.000000 0.000000 0.000000 0.000000 0.000000 0.000000 0.000000 0.000000 0.000000 0.000000 0.000000 0.000000 0.000000 0.000000 0.000000 0.000000 0.000000 0.000000 0.000000 0.000000 0.000000 0.000000 0.000000 0.000000 0.000000 0.000000 0.000000 0.000000 0.000000 0.000000 0.000000 0.000000 0.000000 0.000000 0.000000 0.000000 0.000000 0.000000 
-1.099416 4.329824 4.251130 2.742745 -0.178137 -2.372965 -0.793770 0.449619 -0.183411 21.264078 0.921033 5.563979 0.217672 1.256004 6.312921 1.383816 1.747060 -1.109426 -7.745514 21.293241 0.664540 -20.472039 -0.872846 3.514023 -0.484036 1.095220 0.201073 5.699079 17.718525 -0.208479 8.154290 0.925411 -0.495478 -1.521508 -0.505471 -38.372340 -0.498536 -1.001827 -3.099538 -0.338425 -1.742371 0.237386 2.272647 0.563319 1.514818 0.822281 0.242592 1.639732 -0.829587 2.827512 0.306045 0.750436 -1.438530 1.047393 -3.017505 1.413038 -2.176520 35.445017 -6.657707 1.272949 -0.241867 -1.564253 97.964366 -3.058068 8.512924 -0.389808 22.098423 -1.508389 0.110976 -1.973592 -2.575092 -5.400524 -0.460438 -8.915490 0.661095 -1.294997 2.734834 -27.573984 -0.660498 1.762613 -0.221442 1.017777 -2.118954 1.785749 -7.668621 1.020824 9.413553 -1.491149 0.301456 0.026743 2.059227 3.672387 0.676087 -1.922138 -0.548673 -0.308226 3.611825 0.746786 -0.818771 103.929468 -2.133678 1.060486 0.966808 1.166080 -1.065823 1.183112 1.252306 0.972959 -0.099905 7.200725 1.523066 -0.466788 -2.025828 -7.231649 -0.690662 0.723826 -3.021924 0.071020 -1.278172 0.643024 -2.738197 1.665622 4.823320 0.552072 1.000000 0.000000 0.000000 0.000000 0.000000 0.000000 0.000000 0.000000 0.000000 0.000000 0.000000 0.000000 0.000000 0.000000 0.000000 0.000000 0.000000 0.000000 0.000000 0.000000 0.000000 0.000000 0.000000 0.000000 0.000000 0.000000 0.000000 0.000000 0.000000 0.000000 0.000000 0.000000 0.000000 0.000000 0.000000 0.000000 0.000000 0.000000 0.000000 0.000000 0.000000 0.000000 0.000000 0.000000 0.000000 0.000000 0.000000 0.000000 0.000000 0.000000 0.000000 0.000000 0.000000 0.000000 0.000000 0.000000 0.000000 0.000000 0.000000 0.000000 0.000000 0.000000 0.000000 0.000000 0.000000 0.000000 0.000000 0.000000 0.000000 0.000000 0.000000 0.000000 0.000000 0.000000 0.000000 0.000000 
-2.516198 3.732842 2.033224 -0.464215 0.120867 2.476551 0.376320 -0.006795 0.076374 5.218778 0.271073 2.454210 0.486034 -0.431651 -0.455430 0.002895 -0.266431 -0.037928 -5.745919 14.889874 -0.054739 -9.115425 -0.383710 -1.309225 0.584056 -0.262538 -0.163904 0.579987 11.583302 -0.131739 0.373816 0.037608 0.009884 0.747143 0.530255 -102.547688 -1.411283 -0.227624 0.335886 -0.469270 0.834479 -0.034978 -1.484043 -0.414102 -1.998546 -0.761148 0.078022 -0.358260 0.062461 0.983974 0.343742 -0.020919 -0.137373 -0.140947 -0.657387 0.151086 -0.850800 15.332208 -2.810686 0.524202 -0.192412 -0.094892 -35.968670 0.851388 -4.857216 0.159761 -17.204850 1.074976 0.249158 -2.575730 1.878541 3.538833 -0.580342 13.048120 -1.118659 -2.572362 2.933244 -12.832146 -0.416953 3.092410 -0.271332 -0.568215 -0.048936 -0.678565 3.150276 -0.298118 -1.961438 0.320249 -0.155317 0.632338 -0.640728 2.391141 1.575469 3.012387 -0.531983 2.192610 -1.816609 -1.579776 -2.673451 62.942188 -1.319756 0.750620 1.097636 0.573589 0.053293 -1.263205 -1.202545 -0.094422 1.471193 -0.384099 0.037772 -0.682299 -0.422980 -8.076027 -0.670610 0.018251 -0.110359 0.041395 0.631789 -0.130768 -0.069135 -0.860457 -8.597534 -0.979598 4.173795 1.000000 0.000000 0.000000 0.000000 0.000000 0.000000 0.000000 0.000000 0.000000 0.000000 0.000000 0.000000 0.000000 0.000000 0.000000 0.000000 0.000000 0.000000 0.000000 0.000000 0.000000 0.000000 0.000000 0.000000 0.000000 0.000000 0.000000 0.000000 0.000000 0.000000 0.000000 0.000000 0.000000 0.000000 0.000000 0.000000 0.000000 0.000000 0.000000 0.000000 0.000000 0.000000 0.000000 0.000000 0.000000 0.000000 0.000000 0.000000 0.000000 0.000000 0.000000 0.000000 0.000000 0.000000 0.000000 0.000000 0.000000 0.000000 0.000000 0.000000 0.000000 0.000000 0.000000 0.000000 0.000000 0.000000 0.000000 0.000000 0.000000 0.000000 0.000000 0.000000 0.000000 0.000000 0.000000 
-1.282738 -1.355525 -2.924451 -4.453667 0.387562 -6.142228 -1.170536 5.203992 0.386965 -25.469970 -1.050885 4.968759 1.321705 -0.701683 0.238369 0.076359 -0.046266 0.192918 2.940378 -6.419300 -0.254721 6.853227 0.283784 0.433488 -0.333462 0.328406 0.430248 1.308800 27.268164 -0.303001 8.779174 1.009136 -0.704601 0.102604 -0.496771 10.471146 0.140896 0.037172 -4.605417 51.274008 -8.025865 -1.493164 3.080800 1.195889 4.633010 1.001489 -1.050187 -0.063871 -0.492460 -5.539884 -1.621401 -0.779284 3.200416 -2.346211 3.187196 2.069014 -1.359770 17.298696 -5.304765 1.976988 -1.788889 -1.905156 2.547282 0.013035 0.945583 0.177915 3.685264 -0.135244 0.231456 6.221566 -0.230479 -0.176850 1.846544 -9.021657 0.811435 9.434462 -8.745940 48.467934 1.361116 -8.071964 0.786726 -0.226070 4.239383 -3.652865 12.069492 -2.131943 20.209399 -3.429350 1.350118 -1.159526 0.808146 -1.280002 -1.188611 -3.080372 0.873646 -2.762145 -1.499411 0.197424 2.179069 -110.660732 2.208652 -0.875739 -0.825603 -0.553977 -0.838048 2.846446 3.991396 1.701905 -1.691879 -2.565844 -0.768258 0.136171 0.035008 2.351471 0.306366 -0.559224 0.773059 0.982088 -5.065652 1.228831 -1.047233 1.926273 16.120965 1.959833 -7.018731 -1.390977 1.000000 0.000000 0.000000 0.000000 0.000000 0.000000 0.000000 0.000000 0.000000 0.000000 0.000000 0.000000 0.000000 0.000000 0.000000 0.000000 0.000000 0.000000 0.000000 0.000000 0.000000 0.000000 0.000000 0.000000 0.000000 0.000000 0.000000 0.000000 0.000000 0.000000 0.000000 0.000000 0.000000 0.000000 0.000000 0.000000 0.000000 0.000000 0.000000 0.000000 0.000000 0.000000 0.000000 0.000000 0.000000 0.000000 0.000000 0.000000 0.000000 0.000000 0.000000 0.000000 0.000000 0.000000 0.000000 0.000000 0.000000 0.000000 0.000000 0.000000 0.000000 0.000000 0.000000 0.000000 0.000000 0.000000 0.000000 0.000000 0.000000 0.000000 0.000000 0.000000 0.000000 0.000000 
-0.518548 1.829560 0.389673 -3.370006 0.405501 -2.713577 -0.522783 5.477491 0.526980 -17.174047 -0.719084 4.740728 1.157219 -0.203349 2.253198 0.205492 0.554074 -0.202973 7.173005 -16.598885 0.038060 10.440897 0.502313 -1.279969 0.602400 -1.462872 -1.136055 0.479873 100.379049 -1.135612 4.106926 0.570137 1.402596 0.987196 0.641159 -92.863250 -1.279983 -0.714377 0.315117 -3.735116 0.084424 0.267830 0.099234 -0.034250 -3.584256 -1.341623 0.045594 -0.644052 0.648964 0.239959 0.271821 -1.358874 1.868976 -2.092194 3.421608 0.129954 -0.423211 7.815721 -3.213469 1.466486 -1.610562 -0.965233 -82.192488 2.096479 -4.139535 0.653910 -24.600870 1.493463 1.355817 1.124757 0.955403 2.387183 -0.012426 5.965100 -0.491509 -1.715493 1.339117 23.223401 0.387109 4.487043 -0.443875 -0.070843 -2.070395 2.581739 -10.210390 1.682131 -16.439384 2.782413 -0.980145 0.199345 -1.342507 -2.565810 0.150675 3.995079 2.242905 -1.108087 -3.892333 -1.680075 0.053692 -32.508651 0.652774 -0.295306 -1.313738 0.146246 -0.024478 0.911320 0.826103 0.345488 -0.239708 4.233811 0.850732 -0.004636 -0.822734 -5.918040 -0.707010 0.491381 1.303622 0.386107 0.669149 -0.112817 2.607777 -1.188095 -9.744515 -1.321252 3.665200 0.898994 -0.707096 1.000000 0.000000 0.000000 0.000000 0.000000 0.000000 0.000000 0.000000 0.000000 0.000000 0.000000 0.000000 0.000000 0.000000 0.000000 0.000000 0.000000 0.000000 0.000000 0.000000 0.000000 0.000000 0.000000 0.000000 0.000000 0.000000 0.000000 0.000000 0.000000 0.000000 0.000000 0.000000 0.000000 0.000000 0.000000 0.000000 0.000000 0.000000 0.000000 0.000000 0.000000 0.000000 0.000000 0.000000 0.000000 0.000000 0.000000 0.000000 0.000000 0.000000 0.000000 0.000000 0.000000 0.000000 0.000000 0.000000 0.000000 0.000000 0.000000 0.000000 0.000000 0.000000 0.000000 0.000000 0.000000 0.000000 0.000000 0.000000 0.000000 0.000000 0.000000 0.000000 0.000000 
-2.362034 -0.637350 -1.797600 3.828010 -0.517227 0.072195 0.057989 -6.000874 -0.541133 -48.642851 -2.013247 4.893637 2.518065 -3.288678 -6.180938 -2.022241 -1.720108 0.075688 -7.926897 19.620773 -0.241370 -11.322746 -0.498702 3.320210 -1.285065 2.377795 1.348589 2.932513 61.767226 -0.687504 14.743507 1.709699 1.505917 0.334823 -0.004321 39.045204 0.525381 -0.230900 -1.942035 11.584943 -3.583386 -0.114343 1.148076 0.155252 -4.790129 -1.917030 -0.476125 -1.330121 0.224293 -4.562167 0.280406 1.407633 2.700967 -0.963771 -2.052788 3.879857 -2.983982 34.370412 -8.469688 2.544741 -1.739673 -2.875195 97.347051 -2.931893 4.842478 -0.493667 16.795810 -1.135833 1.400118 3.778885 -1.140948 -1.083547 0.248977 -3.043441 0.166484 -2.640104 4.950702 -29.414952 -0.820937 6.242364 -0.642070 -0.416148 1.931225 -1.357192 0.169533 -0.325226 4.018112 -0.578858 -0.028935 -0.347372 0.212892 1.284608 0.300583 -0.463733 -0.522140 0.432765 0.236170 -0.256619 -0.841048 6.401838 -0.208548 0.391061 0.469465 0.335740 -0.951597 1.736040 2.303178 1.279223 -0.080844 4.177973 0.716702 -1.322453 -2.598708 -11.278663 -0.719318 -0.418889 -0.178201 2.383131 -8.466656 2.252520 -0.210855 0.812740 6.180116 0.748669 -5.325768 -1.515517 -1.283156 -1.088230 1.000000 0.000000 0.000000 0.000000 0.000000 0.000000 0.000000 0.000000 0.000000 0.000000 0.000000 0.000000 0.000000 0.000000 0.000000 0.000000 0.000000 0.000000 0.000000 0.000000 0.000000 0.000000 0.000000 0.000000 0.000000 0.000000 0.000000 0.000000 0.000000 0.000000 0.000000 0.000000 0.000000 0.000000 0.000000 0.000000 0.000000 0.000000 0.000000 0.000000 0.000000 0.000000 0.000000 0.000000 0.000000 0.000000 0.000000 0.000000 0.000000 0.000000 0.000000 0.000000 0.000000 0.000000 0.000000 0.000000 0.000000 0.000000 0.000000 0.000000 0.000000 0.000000 0.000000 0.000000 0.000000 0.000000 0.000000 0.000000 0.000000 0.000000 0.000000 0.000000 
0.724341 0.874216 1.172925 8.883122 -1.010028 0.518008 0.104117 -7.550957 -0.809667 -18.078018 -0.736828 -1.484946 0.048407 -1.317789 -3.725266 -0.655835 -0.758845 0.074876 -3.965589 8.997611 -0.102535 -4.813229 -0.201634 0.465780 -0.105528 0.370741 0.184866 -1.366020 -12.832743 0.152395 -3.258275 -0.400445 0.314930 0.741001 0.781880 20.371307 0.296510 -0.499470 0.552562 -2.784092 1.416234 -0.221666 -0.489309 0.026814 0.307564 -0.043866 -0.249321 -0.399486 -0.811862 -2.748118 -0.853593 -0.630416 3.357596 -1.651274 2.035404 -1.426729 1.931264 -32.080290 7.008186 -1.876605 1.325462 -0.216464 175.335814 -4.767095 13.987097 -1.092472 54.688216 -3.520884 -0.117396 -1.165756 -2.632726 -4.591751 -0.679728 -4.121068 0.237814 -1.281547 3.387173 -53.662736 -1.222269 0.449358 -0.019562 -0.098345 2.363098 -3.167923 11.145531 -1.708959 11.580132 -1.955708 0.456849 1.001203 1.459540 2.883846 0.242726 -1.578885 -2.291221 2.076771 3.214995 1.162527 -1.144828 85.683678 -2.012626 1.803850 0.412403 -0.098241 1.774672 -4.635048 -3.212875 -1.278773 -0.525256 -8.781728 -1.879519 0.285095 1.990982 12.288814 1.185716 -0.504073 0.741403 1.380742 -10.153160 2.386393 -5.627930 3.401475 24.098406 3.241313 -12.855765 -4.143584 -2.782715 -3.995327 1.469804 1.000000 0.000000 0.000000 0.000000 0.000000 0.000000 0.000000 0.000000 0.000000 0.000000 0.000000 0.000000 0.000000 0.000000 0.000000 0.000000 0.000000 0.000000 0.000000 0.000000 0.000000 0.000000 0.000000 0.000000 0.000000 0.000000 0.000000 0.000000 0.000000 0.000000 0.000000 0.000000 0.000000 0.000000 0.000000 0.000000 0.000000 0.000000 0.000000 0.000000 0.000000 0.000000 0.000000 0.000000 0.000000 0.000000 0.000000 0.000000 0.000000 0.000000 0.000000 0.000000 0.000000 0.000000 0.000000 0.000000 0.000000 0.000000 0.000000 0.000000 0.000000 0.000000 0.000000 0.000000 0.000000 0.000000 0.000000 0.000000 0.000000 0.000000 0.000000 
0.603306 2.795469 2.950723 1.179876 -0.031370 5.097368 0.973244 -5.351046 -0.479166 5.899640 0.239726 1.654666 0.292879 -0.449857 0.175391 -0.018440 0.137901 -0.121831 -7.277226 18.924317 0.117424 -13.023636 -0.607276 -0.617656 0.270658 0.075997 0.359413 1.199725 -25.517617 0.288650 0.609545 0.066961 2.967054 1.913169 1.695225 -68.660469 -0.914368 -1.397823 2.554491 -32.435498 6.305768 0.634374 -4.709531 -1.496230 -10.393592 -3.796397 0.608852 -2.369006 0.702820 0.021322 2.402474 2.317370 -0.081282 1.578135 -4.180567 0.936401 -0.759069 0.180353 0.440877 -0.381979 0.618133 0.181225 61.732390 -1.617649 5.092021 -0.388354 21.939659 -1.305390 -0.989964 -0.010470 0.484422 0.463849 0.159874 1.515580 -0.081645 6.650962 -6.998980 30.546856 0.917944 -8.117405 0.857132 1.278995 1.939619 -1.651082 11.911071 -1.687369 10.210173 -1.848313 0.986099 0.660271 1.179885 0.585533 0.308962 2.586004 1.157786 -0.949218 1.313163 -0.127180 -1.266561 11.131884 -0.204233 0.128497 0.122491 0.107188 -0.503485 0.681546 1.998363 1.250181 -0.402495 -4.367402 -1.297226 -1.588382 0.077380 11.363905 1.232118 -0.181115 -1.598772 0.000471 0.943460 -0.210403 -0.587360 0.357530 3.633980 0.441457 -0.665795 -0.047442 0.755565 0.008530 -0.172471 0.212396 1.000000 0.000000 0.000000 0.000000 0.000000 0.000000 0.000000 0.000000 0.000000 0.000000 0.000000 0.000000 0.000000 0.000000 0.000000 0.000000 0.000000 0.000000 0.000000 0.000000 0.000000 0.000000 0.000000 0.000000 0.000000 0.000000 0.000000 0.000000 0.000000 0.000000 0.000000 0.000000 0.000000 0.000000 0.000000 0.000000 0.000000 0.000000 0.000000 0.000000 0.000000 0.000000 0.000000 0.000000 0.000000 0.000000 0.000000 0.000000 0.000000 0.000000 0.000000 0.000000 0.000000 0.000000 0.000000 0.000000 0.000000 0.000000 0.000000 0.000000 0.000000 0.000000 0.000000 0.000000 0.000000 0.000000 0.000000 0.000000 0.000000 0.000000 
-0.860890 -2.548125 -2.514289 0.597502 -0.149867 1.502368 0.247982 -2.436167 -0.217490 10.663482 0.437996 3.006312 0.250563 0.165908 1.258400 0.733043 0.404621 0.441654 -1.838344 6.236691 -0.244594 -1.587688 -0.092300 0.576781 0.116437 0.438728 0.094011 3.857916 91.711245 -1.028194 19.375785 2.316907 5.520205 1.751225 1.252108 -132.885330 -1.824036 -1.359551 3.121149 -40.933851 6.018293 1.134654 -0.323198 -0.216391 -0.184956 0.596942 -0.121996 -0.126304 -0.498374 -7.420807 -2.415765 -0.554585 4.046987 -1.899646 -1.742406 3.867055 -1.534390 4.560692 -1.522108 0.535757 -0.206526 -1.942434 60.928899 -2.122478 -1.792664 -0.377569 -5.690472 0.299759 -1.152108 -7.831554 0.751354 0.387145 -2.623597 5.585375 -0.462599 -5.665039 6.346964 -26.115597 -0.805751 7.308471 -0.703246 0.547889 -2.307634 2.393564 -10.666103 1.417485 3.314679 -0.422729 -0.263662 -0.595671 0.199740 0.662407 0.228109 -0.831074 0.617251 -1.138590 -2.342005 -0.837939 0.829995 3.332622 -0.173985 0.369643 -0.599844 -0.123829 0.671265 -0.143505 -0.950369 -0.885321 -0.163078 0.994879 0.331567 0.953396 0.333070 4.459735 0.329441 0.799835 -2.210347 -0.454234 5.754663 -1.318670 2.779155 -2.145379 -12.531987 -1.629067 6.374061 2.909624 5.204045 3.562866 -2.060094 -3.629733 -4.504495 1.000000 0.000000 0.000000 0.000000 0.000000 0.000000 0.000000 0.000000 0.000000 0.000000 0.000000 0.000000 0.000000 0.000000 0.000000 0.000000 0.000000 0.000000 0.000000 0.000000 0.000000 0.000000 0.000000 0.000000 0.000000 0.000000 0.000000 0.000000 0.000000 0.000000 0.000000 0.000000 0.000000 0.000000 0.000000 0.000000 0.000000 0.000000 0.000000 0.000000 0.000000 0.000000 0.000000 0.000000 0.000000 0.000000 0.000000 0.000000 0.000000 0.000000 0.000000 0.000000 0.000000 0.000000 0.000000 0.000000 0.000000 0.000000 0.000000 0.000000 0.000000 0.000000 0.000000 0.000000 0.000000 0.000000 0.000000 0.000000 0.000000 
1.052173 0.465562 0.791580 -7.920101 0.946136 -3.255866 -0.673778 7.157600 0.584579 11.799359 0.564375 6.411231 0.623753 1.536048 5.640380 1.319463 1.169604 -0.946130 -0.001448 0.668891 0.065407 -1.385465 0.016193 -0.098457 0.561743 -0.069710 -0.534875 0.810395 37.915391 -0.429091 -4.531690 -0.544005 -0.233161 0.281254 0.747455 -94.209469 -1.283806 -0.675108 0.779099 -13.602257 2.485878 0.348009 -0.763422 -0.228535 0.582861 0.100288 0.029677 0.436248 -0.027484 1.324057 0.013985 0.551459 -1.742514 1.347875 -2.520637 -1.000478 0.485129 0.770441 1.457951 -1.049071 1.427600 0.278447 146.366610 -4.038439 8.344493 -0.996722 39.123186 -2.504227 -0.148424 -1.055813 -1.256344 -2.017589 -0.443488 2.379885 -0.318081 -6.935563 6.783119 -62.147785 -1.534674 4.269016 -0.391439 -0.677252 1.548194 -2.555104 7.514017 -1.139952 6.122364 -1.025618 0.360354 -0.151223 0.231510 0.366066 -0.287840 -2.870064 -1.630546 1.178774 1.065726 1.032911 0.633198 5.827973 -0.211995 0.330393 0.348586 0.042575 -0.296220 0.093881 -0.257053 -0.042576 0.107405 -1.784417 -0.570792 -1.531627 -0.586744 -5.646804 -0.287831 -0.530235 0.982042 1.037116 -5.024939 1.304275 -2.761032 2.253834 14.608738 1.904997 -6.738708 -2.926000 -4.987580 -2.516263 1.512041 4.320822 4.204011 -1.869630 1.000000 0.000000 0.000000 0.000000 0.000000 0.000000 0.000000 0.000000 0.000000 0.000000 0.000000 0.000000 0.000000 0.000000 0.000000 0.000000 0.000000 0.000000 0.000000 0.000000 0.000000 0.000000 0.000000 0.000000 0.000000 0.000000 0.000000 0.000000 0.000000 0.000000 0.000000 0.000000 0.000000 0.000000 0.000000 0.000000 0.000000 0.000000 0.000000 0.000000 0.000000 0.000000 0.000000 0.000000 0.000000 0.000000 0.000000 0.000000 0.000000 0.000000 0.000000 0.000000 0.000000 0.000000 0.000000 0.000000 0.000000 0.000000 0.000000 0.000000 0.000000 0.000000 0.000000 0.000000 0.000000 0.000000 0.000000 0.000000 
1.297662 1.377436 0.465097 -9.113130 1.059337 -1.771490 -0.338555 2.143082 0.213965 9.573453 0.445848 -7.823311 -1.718958 -0.567246 -5.368853 -0.708774 -1.375996 0.538677 1.345675 -5.239578 0.137023 1.839234 0.169727 -2.392025 1.053489 -2.086834 -1.799363 -3.092431 3.964891 -0.052135 -12.068441 -1.371218 -1.281949 -0.916532 -0.836914 142.996004 1.975255 0.806980 -0.145778 -3.060977 0.145388 0.138056 -1.248650 -0.523281 -3.430146 -1.153153 0.609288 -0.297439 0.138942 3.342419 2.225602 1.920014 -2.450617 2.479423 -3.747275 0.829315 -0.966603 6.860472 -0.781138 -0.065447 0.203275 0.689415 -40.453608 1.090309 -3.692045 0.210456 -13.089800 0.815709 -0.736577 -3.610621 0.150849 -0.445363 -0.896897 -0.784970 0.085568 -0.641949 0.830918 0.266351 -0.034696 0.959119 -0.029425 0.374293 2.351657 -1.820934 6.089763 -1.028396 14.105611 -2.381995 0.618231 -0.228264 1.313848 1.551068 0.474824 0.943171 0.430625 -0.478225 -1.675804 -0.266910 0.634848 13.321638 -0.444382 0.695676 -0.881941 -0.254906 0.569940 -1.367400 -1.752709 -0.700570 -0.431889 5.240903 1.799743 4.108504 1.055395 -4.085292 -1.036691 1.130225 2.025462 -0.817302 -4.472021 1.232151 -2.693360 3.266524 16.983004 2.047673 -4.132468 -2.671390 -4.812679 -4.323279 2.117375 -0.156096 -4.577344 0.702895 2.989236 1.000000 0.000000 0.000000 0.000000 0.000000 0.000000 0.000000 0.000000 0.000000 0.000000 0.000000 0.000000 0.000000 0.000000 0.000000 0.000000 0.000000 0.000000 0.000000 0.000000 0.000000 0.000000 0.000000 0.000000 0.000000 0.000000 0.000000 0.000000 0.000000 0.000000 0.000000 0.000000 0.000000 0.000000 0.000000 0.000000 0.000000 0.000000 0.000000 0.000000 0.000000 0.000000 0.000000 0.000000 0.000000 0.000000 0.000000 0.000000 0.000000 0.000000 0.000000 0.000000 0.000000 0.000000 0.000000 0.000000 0.000000 0.000000 0.000000 0.000000 0.000000 0.000000 0.000000 0.000000 0.000000 0.000000 0.000000 
-0.177554 -4.473810 -2.926927 1.904856 -0.340002 -7.462722 -1.441538 6.356939 0.465655 3.727765 0.124914 -2.648780 -0.744262 1.301990 2.352161 0.302440 0.597337 0.067192 -2.213375 5.630793 0.294324 -5.728153 -0.391626 1.342204 -1.389328 1.338452 2.107363 1.098378 -79.022989 0.886787 -1.524244 -0.228364 -1.502977 -0.686607 -0.480948 -47.400030 -0.652846 0.055301 0.926441 -8.020387 1.028628 0.350754 1.922217 0.644885 4.705683 1.322726 -1.154033 0.417031 -0.736481 -6.903461 -2.128678 -1.837829 5.945408 -3.402194 2.616599 1.196909 1.084771 -29.816568 5.012919 -0.762448 0.125652 -0.763685 7.010302 -0.381725 -3.287152 -0.279091 -12.939993 0.758198 0.574905 -1.765904 0.069945 0.337612 -0.804261 2.204076 -0.198017 -0.403059 1.394211 2.696936 -0.020599 2.613046 -0.275505 -0.352617 -0.207893 0.039025 -2.012478 0.267530 3.374747 -0.501904 -0.162788 0.172596 0.626818 0.204983 -0.204081 1.218930 0.134927 0.104667 2.333593 0.570696 -0.525025 32.811340 -0.843865 1.001828 0.246916 0.279671 0.906741 -2.805039 -1.783340 -0.575855 -0.367799 -5.763915 -1.164823 0.734166 1.882623 8.685297 0.656388 -0.157843 0.198983 1.006666 -7.064201 1.548886 -4.259472 2.880123 21.463601 2.809545 -10.673564 -3.390059 -2.563782 -2.591175 1.162214 3.396605 5.571393 -1.065228 -2.485493 -0.663153 1.000000 0.000000 0.000000 0.000000 0.000000 0.000000 0.000000 0.000000 0.000000 0.000000 0.000000 0.000000 0.000000 0.000000 0.000000 0.000000 0.000000 0.000000 0.000000 0.000000 0.000000 0.000000 0.000000 0.000000 0.000000 0.000000 0.000000 0.000000 0.000000 0.000000 0.000000 0.000000 0.000000 0.000000 0.000000 0.000000 0.000000 0.000000 0.000000 0.000000 0.000000 0.000000 0.000000 0.000000 0.000000 0.000000 0.000000 0.000000 0.000000 0.000000 0.000000 0.000000 0.000000 0.000000 0.000000 0.000000 0.000000 0.000000 0.000000 0.000000 0.000000 0.000000 0.000000 0.000000 0.000000 0.000000 
-0.285674 -5.666395 -2.610262 6.468905 -0.848075 -1.784856 -0.199340 3.738269 0.325235 34.614404 1.329952 1.483999 -0.640922 3.568081 9.808957 2.171888 2.784948 -0.626520 1.573953 -2.624074 -0.016858 2.447286 0.030805 -1.394336 0.191551 -0.084817 0.627585 4.056188 87.463319 -0.989013 9.659242 1.158355 1.271037 1.653358 1.429740 -415.305780 -5.726256 -1.437785 1.861912 -7.447780 2.898688 0.306871 1.063958 0.657433 5.465480 1.032895 -1.349731 0.491078 -0.206012 -3.428303 -2.102379 -2.841694 3.165934 -3.164827 6.352154 -0.677853 1.164319 -21.170578 3.181968 -0.302947 -0.258751 -0.810005 -24.310647 0.935397 1.203362 0.196579 3.972863 -0.198558 0.732922 5.021242 -1.467660 -2.484088 1.657482 -10.245667 0.840043 1.496892 -2.461868 20.545343 0.535661 -2.520881 0.218185 0.232464 -2.377901 2.390533 -10.082028 1.850509 -14.392496 2.385990 -0.737505 0.336433 -0.766476 -4.483457 -2.146077 -2.270893 0.004587 -0.865346 4.870296 2.541809 2.329267 -35.425677 0.571698 0.164107 -0.794601 -0.276880 0.940670 -2.063551 -2.582689 -1.279502 -0.154574 -8.941679 -1.918213 0.398597 3.211796 12.314510 0.826194 0.339627 1.842986 -0.847577 1.262179 -0.552504 -1.201541 0.657792 2.519221 0.344142 0.288861 0.704236 2.678944 0.833772 -0.827462 -0.047625 2.436188 0.479517 -1.586230 -0.083885 -0.521228 1.000000 0.000000 0.000000 0.000000 0.000000 0.000000 0.000000 0.000000 0.000000 0.000000 0.000000 0.000000 0.000000 0.000000 0.000000 0.000000 0.000000 0.000000 0.000000 0.000000 0.000000 0.000000 0.000000 0.000000 0.000000 0.000000 0.000000 0.000000 0.000000 0.000000 0.000000 0.000000 0.000000 0.000000 0.000000 0.000000 0.000000 0.000000 0.000000 0.000000 0.000000 0.000000 0.000000 0.000000 0.000000 0.000000 0.000000 0.000000 0.000000 0.000000 0.000000 0.000000 0.000000 0.000000 0.000000 0.000000 0.000000 0.000000 0.000000 0.000000 0.000000 0.000000 0.000000 0.000000 0.000000 
1.678127 1.357654 1.772605 0.275911 0.018561 10.075267 2.215167 -9.778875 -0.599279 31.998947 1.317859 -5.311679 -1.110148 0.373701 -2.244810 -0.343980 -0.541745 0.403581 -5.219070 12.404802 -0.701532 -1.142833 -0.065060 -3.191190 1.004719 -0.970681 -0.624830 -4.069611 -38.122242 0.436422 -6.763318 -0.774670 0.769681 -0.627173 -0.747487 167.312472 2.310354 0.292156 1.881404 -22.724776 2.647343 0.611170 1.382371 0.317500 4.072641 1.723072 0.025692 0.781769 -0.674828 0.519465 -0.613469 -0.758058 -0.120971 0.614799 -1.467399 -1.375511 2.163236 -43.627444 11.104869 -3.625650 3.116423 1.291469 125.980729 -3.461235 7.314071 -1.072814 32.243702 -2.194330 -0.010969 -5.670089 -1.587763 -2.815713 -1.733087 6.557225 -0.683781 -7.564902 8.648247 -82.909115 -2.039147 5.029001 -0.448764 -0.214657 2.776828 -3.103013 9.399134 -1.484125 10.193786 -1.656446 0.103490 0.613182 0.517405 1.752920 0.228296 0.266308 -1.625514 2.060261 3.300479 0.855057 -0.774977 106.401631 -2.730074 3.041267 0.275357 0.745821 2.116817 -5.528760 -5.205950 -2.294661 0.051384 -6.398728 -1.063028 1.571359 1.917357 4.393887 0.196041 0.173274 -0.445537 2.216403 -9.676394 2.152903 -4.097134 2.206252 15.399439 2.067787 -10.341747 -2.944714 -1.643342 -0.927046 0.606468 3.046808 7.140998 -1.050271 -3.328938 -0.983777 -0.291918 -6.420018 1.000000 0.000000 0.000000 0.000000 0.000000 0.000000 0.000000 0.000000 0.000000 0.000000 0.000000 0.000000 0.000000 0.000000 0.000000 0.000000 0.000000 0.000000 0.000000 0.000000 0.000000 0.000000 0.000000 0.000000 0.000000 0.000000 0.000000 0.000000 0.000000 0.000000 0.000000 0.000000 0.000000 0.000000 0.000000 0.000000 0.000000 0.000000 0.000000 0.000000 0.000000 0.000000 0.000000 0.000000 0.000000 0.000000 0.000000 0.000000 0.000000 0.000000 0.000000 0.000000 0.000000 0.000000 0.000000 0.000000 0.000000 0.000000 0.000000 0.000000 0.000000 0.000000 0.000000 0.000000 
-0.831672 -1.152552 2.437267 12.288816 -1.313372 7.763683 1.541534 -3.728934 -0.284008 38.650252 1.628149 -0.669055 -0.913391 3.036740 5.359922 1.296601 0.944529 -0.350880 -11.117910 28.439489 -0.158481 -16.314212 -0.809958 -2.186463 0.115901 0.390654 1.167610 -2.186498 -116.172767 1.313394 -10.732568 -1.314096 1.313191 0.883855 0.934794 38.698601 0.504876 0.904596 4.270840 -20.523273 5.146605 0.292012 -3.817325 -1.141377 -1.124047 0.282840 0.663448 -0.531303 0.702381 0.360016 0.483766 0.715139 -1.946547 1.748692 -1.691054 -1.292368 0.636133 -1.206948 0.447590 -0.197986 0.295816 1.025458 65.062422 -1.478527 7.503115 -0.470156 32.199554 -1.957981 -0.770438 3.236041 -0.273935 -0.051392 0.604897 -2.311398 0.270465 0.495408 -3.704193 4.484846 0.299636 -6.310019 0.597558 1.042235 0.218405 1.136255 1.331158 -0.055273 -11.910566 1.874486 -0.063154 0.572649 -0.521644 -0.969236 0.356298 0.524741 0.459158 -0.444287 -3.706566 -1.189578 0.417324 27.519315 -0.474522 -0.159441 -2.126654 -0.375442 1.123177 -0.957413 -1.476258 -1.129595 -0.719201 6.026154 1.318288 0.780804 0.571256 -1.896789 -0.372540 0.497820 1.558528 -1.002087 2.563978 -0.747926 0.656959 -2.317209 -17.511406 -1.999564 4.103977 1.047671 -0.160052 0.972586 -0.362528 -0.605515 -0.480365 -0.711371 -0.334128 -0.344791 -0.886314 -10.069723 1.413344 1.000000 0.000000 0.000000 0.000000 0.000000 0.000000 0.000000 0.000000 0.000000 0.000000 0.000000 0.000000 0.000000 0.000000 0.000000 0.000000 0.000000 0.000000 0.000000 0.000000 0.000000 0.000000 0.000000 0.000000 0.000000 0.000000 0.000000 0.000000 0.000000 0.000000 0.000000 0.000000 0.000000 0.000000 0.000000 0.000000 0.000000 0.000000 0.000000 0.000000 0.000000 0.000000 0.000000 0.000000 0.000000 0.000000 0.000000 0.000000 0.000000 0.000000 0.000000 0.000000 0.000000 0.000000 0.000000 0.000000 0.000000 0.000000 0.000000 0.000000 0.000000 0.000000 0.000000 
-0.064967 0.996338 -1.975248 -5.324023 0.516309 -10.254121 -2.096355 8.654076 0.586237 -19.074702 -0.780617 6.872107 1.132020 1.001446 5.859385 1.003917 1.252445 -0.364968 9.736637 -22.816442 0.809010 7.844450 0.290039 1.774805 -0.765635 -0.117366 -0.111273 -0.937914 -36.316756 0.402731 1.668634 0.234587 -1.844947 -1.791591 -2.031177 243.782462 3.346262 0.897530 -4.977310 39.656702 -8.839761 -0.817521 5.753821 1.701904 7.426800 2.280600 -1.331414 1.244077 -1.406203 -5.892631 -2.448601 -0.880359 3.831219 -2.330637 1.347842 2.372700 -1.144003 9.506438 -3.107774 1.154929 -0.851138 -2.203637 106.999161 -3.239755 6.415479 -0.448873 20.971171 -1.405454 0.450646 0.429304 -0.703662 -0.749291 -0.464787 -0.299567 0.018173 4.395740 -2.487710 5.039829 0.208425 -2.336601 0.146899 -0.446421 4.276776 -4.025880 9.871338 -1.856444 22.465348 -3.679817 0.561404 -0.661352 1.822509 3.006700 0.606267 1.154757 -0.121969 0.098393 3.050707 0.588929 -0.935300 96.208078 -2.067468 1.339115 0.775839 0.588721 -0.082317 -1.103937 -1.306580 -0.436466 0.147876 -1.501324 -0.419898 -0.826033 -0.265426 -0.954266 0.059809 -0.553642 0.516892 1.364594 -5.033614 1.183927 -1.068886 1.005598 8.560040 1.128533 -5.549887 -2.150084 -3.576071 -0.821066 0.827713 1.531936 -2.318664 -1.321350 1.720262 0.239426 0.471306 -0.033714 0.022412 0.179159 1.000000 0.000000 0.000000 0.000000 0.000000 0.000000 0.000000 0.000000 0.000000 0.000000 0.000000 0.000000 0.000000 0.000000 0.000000 0.000000 0.000000 0.000000 0.000000 0.000000 0.000000 0.000000 0.000000 0.000000 0.000000 0.000000 0.000000 0.000000 0.000000 0.000000 0.000000 0.000000 0.000000 0.000000 0.000000 0.000000 0.000000 0.000000 0.000000 0.000000 0.000000 0.000000 0.000000 0.000000 0.000000 0.000000 0.000000 0.000000 0.000000 0.000000 0.000000 0.000000 0.000000 0.000000 0.000000 0.000000 0.000000 0.000000 0.000000 0.000000 0.000000 0.000000 
0.366223 3.230019 2.328892 -6.945507 0.905697 -3.952375 -0.901648 7.389451 0.659576 -12.250153 -0.454768 3.490887 0.793726 -0.478092 -0.040687 -0.069396 -0.240374 0.068469 1.642364 -3.341353 0.454938 -2.124606 -0.085023 0.859115 -0.044621 0.002466 -0.527732 -2.121255 -75.023655 0.845221 -3.077467 -0.349200 -0.784170 -2.276364 -1.918310 388.424372 5.324988 1.543731 -3.059011 17.663881 -6.268079 -0.097389 2.901180 0.473374 -0.981547 0.311347 0.280429 0.432784 -0.090831 0.593063 0.754208 0.318307 1.073269 -0.863402 0.333600 2.588303 -2.361413 31.673888 -8.353558 2.822364 -2.637029 -0.976107 -172.832045 4.247456 -10.743987 1.467776 -58.473902 3.545246 0.972626 -3.323038 2.847859 5.594518 -1.922043 11.529399 -0.853324 -0.526787 1.616139 18.928722 0.294050 5.984361 -0.700688 -1.140469 1.542253 -0.297501 -3.080198 0.205530 -3.564122 0.630736 -0.489883 -0.237544 0.381708 1.639127 0.920229 0.539956 -0.072833 0.324546 -2.350056 -0.868573 0.012345 34.616082 -0.630599 -0.020048 -1.063930 0.387933 -0.321625 1.106112 0.353831 0.070756 -0.186725 11.633344 2.558538 0.097573 -2.577439 -10.881272 -1.045654 0.383085 -1.344303 0.207374 1.335682 -0.201265 2.066212 -1.033467 -6.616263 -0.953338 2.941488 0.477098 -1.035541 0.538945 0.093916 1.895386 5.550702 -0.375125 -2.353319 -0.682065 0.973550 1.383579 -0.205341 -0.567620 -0.518215 1.000000 0.000000 0.000000 0.000000 0.000000 0.000000 0.000000 0.000000 0.000000 0.000000 0.000000 0.000000 0.000000 0.000000 0.000000 0.000000 0.000000 0.000000 0.000000 0.000000 0.000000 0.000000 0.000000 0.000000 0.000000 0.000000 0.000000 0.000000 0.000000 0.000000 0.000000 0.000000 0.000000 0.000000 0.000000 0.000000 0.000000 0.000000 0.000000 0.000000 0.000000 0.000000 0.000000 0.000000 0.000000 0.000000 0.000000 0.000000 0.000000 0.000000 0.000000 0.000000 0.000000 0.000000 0.000000 0.000000 0.000000 0.000000 0.000000 0.000000 0.000000 
-0.657766 -4.121487 -1.815850 -3.521849 0.339540 -12.792577 -2.580487 16.086191 1.367759 4.982090 0.243882 0.998908 -0.229159 1.324227 3.934790 0.862467 0.945210 -0.336355 4.383213 -9.308259 0.730055 -0.889024 -0.054271 3.116341 -1.039165 1.345022 1.037712 1.045269 15.173450 -0.170499 0.988846 0.114957 0.660513 0.790710 1.050137 -225.700065 -3.128868 -0.427303 2.245520 -13.490594 2.501191 0.494560 1.970619 0.744638 7.232142 1.910440 -1.678082 0.942303 -1.173930 -7.855165 -4.041155 -3.357539 7.126721 -5.501240 5.789435 0.676517 0.552215 -1.578628 -1.863987 1.351995 -1.363022 -2.837942 93.074037 -3.132672 0.614828 -0.620707 -1.048804 -0.015071 0.273696 -4.042797 0.495065 0.615388 -1.131549 7.767420 -0.717424 -4.214708 5.224425 -22.731455 -0.700911 6.056860 -0.627461 0.123685 0.180678 -0.276924 -2.769877 0.126668 13.738056 -2.169947 0.240535 -0.475830 1.295612 3.353324 0.924277 1.903389 -0.897440 2.103399 7.988872 1.545978 -2.505768 112.063130 -2.309669 1.311734 2.759253 1.565729 -0.682417 -1.507512 -0.199823 0.527534 0.411835 -0.280839 -0.316422 -1.913257 -0.882710 0.024493 0.253528 -0.348525 -2.272314 1.999753 -3.754852 0.767259 -0.639734 -1.346152 -5.476402 -0.474191 -3.977825 -1.329295 -2.060622 0.161166 0.368438 4.586290 11.059211 -2.005415 -4.941715 -1.736723 1.005685 -7.166598 0.783439 0.786156 -1.837101 -1.972979 1.000000 0.000000 0.000000 0.000000 0.000000 0.000000 0.000000 0.000000 0.000000 0.000000 0.000000 0.000000 0.000000 0.000000 0.000000 0.000000 0.000000 0.000000 0.000000 0.000000 0.000000 0.000000 0.000000 0.000000 0.000000 0.000000 0.000000 0.000000 0.000000 0.000000 0.000000 0.000000 0.000000 0.000000 0.000000 0.000000 0.000000 0.000000 0.000000 0.000000 0.000000 0.000000 0.000000 0.000000 0.000000 0.000000 0.000000 0.000000 0.000000 0.000000 0.000000 0.000000 0.000000 0.000000 0.000000 0.000000 0.000000 0.000000 0.000000 0.000000 
-1.154220 5.244934 1.042370 -9.560812 1.079982 -9.270585 -2.070323 7.191048 0.435809 7.324838 0.356962 0.010805 -0.840057 0.847162 2.069664 1.385691 0.602277 -0.653939 5.770310 -15.039204 1.258251 -2.322289 -0.100574 5.105252 -1.317320 1.680547 0.263880 1.160399 -25.959582 0.290847 7.290524 0.842168 -3.511664 -2.282051 -1.744019 212.134683 2.928027 0.490754 -6.241821 46.758183 -9.286110 -1.164229 1.353687 0.257002 -3.919110 -0.816744 0.686047 -0.034267 0.050802 -0.370831 0.133769 1.134144 -0.496511 0.280627 -2.587570 3.324673 -3.742542 51.609706 -11.194507 2.889191 -1.820631 -2.385201 31.641126 -1.253706 0.724296 0.003591 -3.493627 0.159569 0.482908 -0.188162 -0.767625 -1.315373 -0.228457 -3.329270 0.246002 -0.061072 1.581695 -12.801581 -0.331541 1.735884 -0.212005 -0.800530 2.061101 -2.750439 5.075855 -0.944343 9.856396 -1.650911 0.294873 -0.361331 0.761556 2.392789 0.624344 -2.061581 -0.973302 0.616761 -0.278550 0.635528 1.277396 4.154301 -0.046777 -0.210519 -0.146787 -0.571061 0.371938 -1.289655 -2.458283 -1.302690 0.213664 -0.775362 -0.071360 -0.230748 0.325726 -4.432063 -0.328276 -0.238203 0.947934 0.743771 -4.075438 1.001483 -1.677743 1.048861 8.445007 1.195568 -5.478128 -1.667628 -1.559411 -0.933969 0.622285 0.471555 -2.153614 -0.490139 1.499053 0.497583 -0.754669 -3.461408 0.624542 0.812261 0.637433 1.113638 -2.613944 1.000000 0.000000 0.000000 0.000000 0.000000 0.000000 0.000000 0.000000 0.000000 0.000000 0.000000 0.000000 0.000000 0.000000 0.000000 0.000000 0.000000 0.000000 0.000000 0.000000 0.000000 0.000000 0.000000 0.000000 0.000000 0.000000 0.000000 0.000000 0.000000 0.000000 0.000000 0.000000 0.000000 0.000000 0.000000 0.000000 0.000000 0.000000 0.000000 0.000000 0.000000 0.000000 0.000000 0.000000 0.000000 0.000000 0.000000 0.000000 0.000000 0.000000 0.000000 0.000000 0.000000 0.000000 0.000000 0.000000 0.000000 0.000000 0.000000 
-0.499055 -3.730642 -3.460448 4.816380 -0.683032 2.517599 0.744036 -6.071929 -0.489753 -36.412006 -1.592548 -0.284315 1.278370 -2.634171 -5.168193 -1.881844 -1.036164 0.283745 -2.323002 4.820089 -0.701695 3.509250 0.141510 -1.766481 0.359945 -0.074790 0.337696 0.460249 63.830559 -0.708443 9.096922 1.066793 0.912480 1.488587 0.666208 -217.710005 -2.979883 -1.104173 0.044733 2.167549 0.545383 -0.211840 0.352665 0.296459 2.347827 0.257078 -0.694988 -0.180392 -0.321141 -3.265555 -1.081759 -0.398867 2.360481 -1.501772 2.161659 -1.026739 1.582254 -20.051047 4.141759 -1.005221 0.660692 0.175033 22.388780 -0.389918 0.632523 -0.284050 9.259158 -0.535299 -0.131744 1.450185 -1.590086 -3.528338 1.389836 -7.014440 0.479106 -2.349262 1.537709 -33.858496 -0.720191 -1.675636 0.144306 0.438437 0.380371 -1.045667 3.433510 -0.570956 7.989457 -1.357975 0.489064 -0.556601 0.251124 -0.135757 -0.346442 -0.920202 -0.300084 0.369960 4.489105 1.240268 -0.350017 -35.173391 0.719639 -0.235835 2.441194 -0.121384 -0.507913 -0.217126 -0.321501 -0.078431 1.431283 -14.153193 -3.371752 -3.253703 1.083501 3.308773 0.813488 -1.014679 1.060915 1.449862 -4.089867 0.967466 -1.461482 1.147052 7.758865 1.088205 -5.184264 -1.588272 -1.371136 -1.453594 0.598511 0.758904 -0.978244 -0.301448 1.475389 0.418415 -0.136605 2.406802 -0.263207 -0.081011 0.770887 1.261493 -2.512269 0.754236 1.000000 0.000000 0.000000 0.000000 0.000000 0.000000 0.000000 0.000000 0.000000 0.000000 0.000000 0.000000 0.000000 0.000000 0.000000 0.000000 0.000000 0.000000 0.000000 0.000000 0.000000 0.000000 0.000000 0.000000 0.000000 0.000000 0.000000 0.000000 0.000000 0.000000 0.000000 0.000000 0.000000 0.000000 0.000000 0.000000 0.000000 0.000000 0.000000 0.000000 0.000000 0.000000 0.000000 0.000000 0.000000 0.000000 0.000000 0.000000 0.000000 0.000000 0.000000 0.000000 0.000000 0.000000 0.000000 0.000000 0.000000 0.000000 
1.329433 -1.524298 -0.592964 0.572421 -0.097491 -7.204215 -1.408950 5.597078 0.349713 1.027077 0.030966 -2.218995 -0.966505 0.911757 1.315103 0.951654 0.590285 -0.149006 6.380576 -17.090685 1.153360 0.636834 0.004851 2.317424 -0.772448 0.447368 0.098244 0.610438 44.300025 -0.495123 5.275516 0.655528 -1.025328 0.036615 0.371708 -172.658814 -2.382107 -1.069226 -1.336253 9.787356 -1.746774 -0.012565 0.436592 0.146777 -0.935503 -1.018310 -0.229409 0.397925 0.147163 3.327547 -0.352084 -1.048317 -1.573843 0.057103 1.038558 -1.564574 0.012227 8.690936 -1.022491 -0.024812 0.069482 -0.218676 90.742752 -2.668821 9.905381 -0.281697 31.122810 -2.150643 0.428302 -3.784338 -2.329318 -3.982009 -1.605296 0.250785 -0.141011 -9.602327 9.397387 -49.008906 -1.380991 9.314639 -0.925779 -0.442197 -3.829868 3.361734 -12.946787 2.203215 -20.874038 3.446366 -0.883691 1.441398 -1.711075 -0.960874 -0.332281 -2.311738 -0.208155 -0.708815 -5.770601 -1.057790 2.257533 -57.947300 1.259486 -0.981899 -1.914345 -1.012222 0.642836 0.648203 0.335210 -0.476949 -1.088931 4.531651 1.214331 2.036460 0.334102 0.078820 -0.151689 0.782140 -2.486492 0.581891 0.076127 -0.044189 0.636220 -2.164382 -9.064776 -0.947525 -0.830752 -0.408427 -0.826741 0.805450 -0.357823 5.819718 14.841747 -1.867305 -6.378949 -2.044596 2.088631 -0.658243 -0.106237 -0.165042 -1.665692 0.040044 -0.020564 0.166125 -0.156029 1.000000 0.000000 0.000000 0.000000 0.000000 0.000000 0.000000 0.000000 0.000000 0.000000 0.000000 0.000000 0.000000 0.000000 0.000000 0.000000 0.000000 0.000000 0.000000 0.000000 0.000000 0.000000 0.000000 0.000000 0.000000 0.000000 0.000000 0.000000 0.000000 0.000000 0.000000 0.000000 0.000000 0.000000 0.000000 0.000000 0.000000 0.000000 0.000000 0.000000 0.000000 0.000000 0.000000 0.000000 0.000000 0.000000 0.000000 0.000000 0.000000 0.000000 0.000000 0.000000 0.000000 0.000000 0.000000 0.000000 0.000000 
-0.055462 -2.745402 -2.871120 1.228160 -0.229598 -13.258329 -2.793405 8.944244 0.436290 -53.173219 -2.224904 3.887941 1.362390 -1.753451 -1.668033 -0.796218 -0.485915 0.324861 4.343161 -11.365359 0.917015 -0.709459 -0.092348 1.345945 -0.921329 -0.196756 0.320107 0.902097 -7.019010 0.071477 0.545961 0.074950 -3.230847 -1.452685 -0.965816 -21.304979 -0.291793 0.184211 -0.546985 3.690270 -0.923206 0.084605 1.541395 0.503671 3.103609 0.894076 -0.563237 0.748343 -0.286110 -1.811435 -1.663246 -1.053792 0.788944 -1.087667 0.913651 0.463984 -0.192213 -0.721693 0.124981 0.005249 -0.097193 -0.786428 52.180164 -1.649736 3.340198 -0.167308 10.839814 -0.770329 0.102668 -3.230618 0.763325 2.117368 -2.272965 8.322708 -0.686447 -5.093886 6.113747 -13.357302 -0.560962 8.878991 -0.852304 -0.602298 -0.941510 0.681577 -3.659907 0.479929 -3.726868 0.694316 -0.614087 0.243557 0.215326 0.458892 0.272641 -0.034917 -0.154413 0.364184 -0.877107 -0.065561 -0.158779 -33.400946 0.868724 -0.981521 0.033111 -0.086089 -0.724491 2.358465 2.501382 1.013304 -0.332385 9.118531 2.145717 1.604747 -2.115206 -4.937147 -0.618713 0.622111 0.080500 -1.630588 5.894960 -1.111007 4.466329 -1.295460 -11.940124 -1.838070 10.985724 3.223662 2.635747 0.646062 -0.529880 -5.084279 -9.248493 2.556973 2.434106 0.916314 0.921708 11.320122 -1.883307 -0.805837 -0.304940 -3.525466 3.955075 -1.380702 -0.133395 -2.008012 1.000000 0.000000 0.000000 0.000000 0.000000 0.000000 0.000000 0.000000 0.000000 0.000000 0.000000 0.000000 0.000000 0.000000 0.000000 0.000000 0.000000 0.000000 0.000000 0.000000 0.000000 0.000000 0.000000 0.000000 0.000000 0.000000 0.000000 0.000000 0.000000 0.000000 0.000000 0.000000 0.000000 0.000000 0.000000 0.000000 0.000000 0.000000 0.000000 0.000000 0.000000 0.000000 0.000000 0.000000 0.000000 0.000000 0.000000 0.000000 0.000000 0.000000 0.000000 0.000000 0.000000 0.000000 0.000000 0.000000 
-0.230585 2.114305 0.079477 4.811216 -0.581331 -3.243585 -0.696476 -5.998566 -0.728393 -50.249324 -2.113174 -2.530024 0.662051 -3.514880 -8.020017 -2.070792 -1.748017 0.512647 -0.199062 -0.703698 -0.003208 0.434773 0.020901 0.306637 0.044120 -0.355855 -0.629997 -1.714740 0.703311 -0.006811 1.079067 0.151782 0.359381 -0.034477 -0.228644 22.043594 0.304508 0.463196 0.670043 -2.794574 1.167745 -0.070977 -2.399230 -0.769769 -3.095849 -0.643132 0.764103 -0.522913 0.244074 1.143420 1.052922 1.355507 -1.594788 1.762462 -3.116924 0.224295 0.149373 -11.136539 3.585371 -1.452463 1.463726 0.794367 27.509071 -0.602436 2.986862 -0.317094 12.938861 -0.858337 -0.058596 -1.924351 -0.982285 -1.727160 -0.929579 -1.526143 0.079937 -0.931541 2.423723 -32.266863 -0.759278 0.713163 -0.055421 0.090625 1.447346 -1.888602 6.997746 -1.003804 5.594009 -0.995964 0.191689 0.757776 0.798035 1.732240 0.056473 -2.658223 -1.834742 1.534238 5.049646 1.643326 -0.545580 19.487873 -0.374692 0.132420 1.457426 0.141576 -0.230873 -0.273570 0.426483 0.677133 0.990465 -1.290223 -0.019831 0.552190 0.228499 -1.389168 -0.079568 -0.624402 1.564806 -1.541128 0.497843 -0.086131 -1.387302 1.636261 8.497124 1.047167 0.193319 -1.096994 -3.049391 -3.903070 1.441325 2.723640 4.916848 0.379018 -1.692517 -0.319564 1.523012 6.975784 -1.305506 -0.140942 -2.457057 -2.493873 4.027501 -0.972821 -3.492444 -0.433653 -0.851984 1.000000 0.000000 0.000000 0.000000 0.000000 0.000000 0.000000 0.000000 0.000000 0.000000 0.000000 0.000000 0.000000 0.000000 0.000000 0.000000 0.000000 0.000000 0.000000 0.000000 0.000000 0.000000 0.000000 0.000000 0.000000 0.000000 0.000000 0.000000 0.000000 0.000000 0.000000 0.000000 0.000000 0.000000 0.000000 0.000000 0.000000 0.000000 0.000000 0.000000 0.000000 0.000000 0.000000 0.000000 0.000000 0.000000 0.000000 0.000000 0.000000 0.000000 0.000000 0.000000 0.000000 0.000000 0.000000 
0.502683 -1.479117 -1.151949 0.947428 -0.163550 -2.729747 -0.544702 0.093316 -0.066394 5.439094 0.276085 1.648717 -0.120572 0.881487 1.722347 1.007512 0.324314 0.005096 -1.406627 4.601833 0.325080 -5.610161 -0.262892 0.734084 -0.275621 0.272587 0.273298 -3.424605 -83.285312 0.946138 -7.556447 -0.880897 0.638931 -0.253660 0.242184 152.187431 2.098580 0.236336 3.805135 -37.502622 5.957295 0.847302 -1.948446 -0.737213 -1.085372 0.391122 0.586350 -0.055045 -0.077574 -0.900178 -0.389731 -0.158203 0.866503 -0.346576 0.480172 -0.427775 0.680256 -8.963785 1.586440 -0.261123 0.055032 0.139139 17.580608 -0.531700 -0.687121 -0.182590 -0.106474 0.007136 -0.063317 -0.620816 -0.273043 -0.391809 -0.376537 -1.313722 0.113590 0.493301 0.328362 -2.007948 -0.060081 0.333721 -0.031092 -0.363617 0.999731 -0.997299 2.937569 -0.374671 1.586137 -0.278976 -0.026484 0.353334 -0.290731 1.726658 1.285050 4.586591 0.805699 0.548977 -4.658930 -2.272583 -1.895658 51.203563 -1.019380 0.398068 -0.492424 0.540849 -0.370300 0.892032 1.273513 0.901729 0.066468 6.331146 1.325635 -0.495051 -2.263095 -4.533367 -0.309662 -0.051933 -2.370854 0.836370 0.868908 -0.126702 1.698963 -1.027009 -5.702501 -0.818947 2.913204 1.137826 0.902985 1.990575 -0.562541 -3.015132 -6.194359 0.672338 2.338826 0.599553 -1.705925 -7.524638 1.279236 0.406916 0.449799 2.192563 -1.750818 0.609674 -0.788343 0.969397 -0.880986 0.324033 1.000000 0.000000 0.000000 0.000000 0.000000 0.000000 0.000000 0.000000 0.000000 0.000000 0.000000 0.000000 0.000000 0.000000 0.000000 0.000000 0.000000 0.000000 0.000000 0.000000 0.000000 0.000000 0.000000 0.000000 0.000000 0.000000 0.000000 0.000000 0.000000 0.000000 0.000000 0.000000 0.000000 0.000000 0.000000 0.000000 0.000000 0.000000 0.000000 0.000000 0.000000 0.000000 0.000000 0.000000 0.000000 0.000000 0.000000 0.000000 0.000000 0.000000 0.000000 0.000000 0.000000 0.000000 
-0.019348 -5.021005 -3.267497 -1.852717 0.080277 -7.215641 -1.301541 10.503783 0.902266 25.758998 1.026510 -0.916652 -1.064322 3.608171 8.816079 1.718296 2.161377 -0.550228 6.646697 -15.393197 -0.141889 12.309765 0.496796 -4.279290 1.105342 -1.971732 -0.465761 -2.147984 -33.354988 0.369933 -10.976043 -1.280251 -0.495198 0.715921 0.032500 -159.550639 -2.211805 0.503214 1.201406 11.925517 0.402396 -0.455928 3.523691 1.623097 15.933516 3.928483 -1.997020 1.948281 -0.772644 0.884300 -1.024884 -1.174616 -1.859782 0.276257 2.473542 -0.989632 1.398092 -30.600510 7.318319 -2.142882 1.365080 1.140213 -55.024359 1.768559 -0.607340 0.279378 -5.128313 0.336140 0.487596 4.359767 -0.578705 -0.427404 0.690024 -9.085364 0.848441 6.841053 -6.074615 54.529085 1.340903 -3.877039 0.415930 0.357989 -2.029260 2.908029 -9.737867 1.518406 -7.273754 1.320863 -0.717801 -0.605942 -0.396127 -3.531349 -1.035469 1.449612 1.705929 -1.629957 -1.253412 -0.192128 0.836119 -36.562354 0.766130 -0.428063 -0.966528 -0.102331 0.268002 0.520505 0.408271 0.139583 -0.626817 6.904452 1.719915 2.202602 -0.122524 -4.513230 -0.789115 0.626437 0.912624 -1.793525 3.381536 -0.786376 0.947666 -0.639434 -8.924642 -1.211042 5.880819 2.205082 3.103767 1.694962 -0.904919 -3.131835 -5.053348 0.977349 0.704583 0.458424 -0.055549 2.672065 -0.271704 -0.041972 1.129894 0.587012 -1.423351 0.391722 1.791591 -1.223178 1.104904 -0.775951 -0.088510 1.000000 0.000000 0.000000 0.000000 0.000000 0.000000 0.000000 0.000000 0.000000 0.000000 0.000000 0.000000 0.000000 0.000000 0.000000 0.000000 0.000000 0.000000 0.000000 0.000000 0.000000 0.000000 0.000000 0.000000 0.000000 0.000000 0.000000 0.000000 0.000000 0.000000 0.000000 0.000000 0.000000 0.000000 0.000000 0.000000 0.000000 0.000000 0.000000 0.000000 0.000000 0.000000 0.000000 0.000000 0.000000 0.000000 0.000000 0.000000 0.000000 0.000000 0.000000 0.000000 0.000000 
1.289810 -1.323053 -1.294373 -0.234435 -0.018790 5.167176 1.163238 -7.325600 -0.611290 -14.081208 -0.579903 2.122117 0.693332 -1.063511 -2.710217 0.106613 -0.596718 0.213860 -0.898255 1.994291 -0.345929 1.453857 0.092879 1.088223 -0.146066 0.667938 0.007768 0.202346 -0.696730 0.010974 2.184277 0.244425 -0.235504 -0.630420 -0.489766 39.838836 0.532146 0.546451 -0.029271 1.077671 -0.810677 0.115695 -0.926442 -0.474059 -2.813994 -0.673211 0.714287 -0.176555 0.538137 2.331146 0.910882 0.589464 -1.840554 0.832086 0.064271 0.248284 -1.226042 26.684792 -6.366778 1.928533 -1.549039 -0.519033 -46.899009 1.297009 -0.397020 0.548791 -7.281905 0.461037 0.532605 3.494976 -0.981781 -1.733794 1.096790 -8.959437 0.736592 -1.744960 1.201551 0.639342 -0.020210 2.002582 -0.285052 -0.380097 0.849340 -0.445114 -4.191271 0.480449 2.070673 -0.274432 -0.396075 -0.555055 0.625386 0.917306 -0.023827 -2.442421 -1.051567 0.592045 2.974988 0.940970 0.136619 54.476995 -1.035429 0.210531 0.693570 0.644735 -0.863470 1.128187 0.768741 0.652681 0.347770 11.216465 2.690395 0.751630 -2.364014 -9.543047 -0.929974 0.091010 -1.905948 -0.440161 1.738595 -0.304766 0.339866 0.259736 1.288811 0.023066 2.238375 0.182267 -1.405987 0.110722 0.305772 2.751743 6.624017 -0.853377 -2.645398 -0.756283 1.017588 0.017111 -0.104775 -0.009447 -0.734357 -0.145168 0.948455 -0.109116 0.948893 0.040145 0.875695 -0.529110 -33.761325 131.512401 1.000000 0.000000 0.000000 0.000000 0.000000 0.000000 0.000000 0.000000 0.000000 0.000000 0.000000 0.000000 0.000000 0.000000 0.000000 0.000000 0.000000 0.000000 0.000000 0.000000 0.000000 0.000000 0.000000 0.000000 0.000000 0.000000 0.000000 0.000000 0.000000 0.000000 0.000000 0.000000 0.000000 0.000000 0.000000 0.000000 0.000000 0.000000 0.000000 0.000000 0.000000 0.000000 0.000000 0.000000 0.000000 0.000000 0.000000 0.000000 0.000000 0.000000 0.000000 0.000000 
1.011142 0.801280 0.881751 -3.525496 0.460963 1.385762 0.270580 1.486050 0.196593 1.192676 0.039333 -1.819030 -0.189885 -0.402989 -0.929073 -0.718462 -0.303456 -0.009531 1.843105 -5.160907 0.496266 -1.235496 -0.051176 0.834824 -0.291616 -0.208006 -0.274451 1.006445 21.961282 -0.253763 0.998916 0.148584 0.188202 0.066922 0.206889 12.663832 0.189880 -0.752106 -1.990184 4.472801 -1.631053 0.008975 -2.296799 -0.950694 -10.667326 -3.592457 0.780193 -1.666839 0.372123 -0.026823 1.714965 1.590832 1.103660 0.197804 -1.540983 0.901085 -0.940363 8.877834 -2.398928 0.771369 -0.562171 -0.342350 -22.876417 0.591933 0.837159 0.320921 -1.890728 0.097400 -0.247194 -2.113032 0.575057 0.974624 -1.206125 2.451748 -0.157313 1.197735 -0.265868 4.170379 0.095201 0.183822 -0.036050 0.063093 1.424213 -0.735549 0.936114 -0.175715 4.265759 -0.742359 0.079732 0.231426 0.919777 1.421705 0.349896 0.793246 0.374571 -0.542180 1.440571 -0.116915 -0.794936 57.980653 -1.281765 0.938137 -0.061555 0.298340 -0.049872 -0.696154 -0.337472 0.463047 0.477433 -1.316378 -0.122625 0.283426 -0.120171 1.927286 0.125900 0.037324 -1.885227 0.305932 -3.696247 0.941443 -3.480504 2.071495 9.678026 1.235725 -2.167549 -1.237072 -1.686483 -2.094933 0.896755 2.609117 5.213098 -0.532954 -1.910425 -0.474247 1.208963 4.071894 -0.705137 -0.434527 -0.369625 -1.835756 1.627256 -0.612329 0.143467 -1.193023 0.481821 0.117955 -2.364445 7.823187 0.094671 1.000000 0.000000 0.000000 0.000000 0.000000 0.000000 0.000000 0.000000 0.000000 0.000000 0.000000 0.000000 0.000000 0.000000 0.000000 0.000000 0.000000 0.000000 0.000000 0.000000 0.000000 0.000000 0.000000 0.000000 0.000000 0.000000 0.000000 0.000000 0.000000 0.000000 0.000000 0.000000 0.000000 0.000000 0.000000 0.000000 0.000000 0.000000 0.000000 0.000000 0.000000 0.000000 0.000000 0.000000 0.000000 0.000000 0.000000 0.000000 0.000000 0.000000 0.000000 
1.118331 1.099631 1.742280 -2.251443 0.356592 5.563542 1.056461 -4.735392 -0.468498 -2.621368 -0.115372 12.536633 2.406971 -0.044115 5.744597 0.713722 1.371008 -0.529772 -1.589942 7.015180 -0.125335 -3.997772 -0.142397 2.451419 -0.252457 0.871858 0.034632 4.566165 38.401230 -0.437743 11.097627 1.297942 0.657802 -1.458554 -0.903383 171.590280 2.370520 -0.245539 -3.500106 7.779542 -4.407684 0.106733 4.212725 1.035633 1.626548 0.875552 -0.439636 0.658145 -0.442704 -6.887707 -2.521702 -0.409077 3.092716 -1.688193 -1.608107 4.638970 -2.892518 20.066643 -5.327320 1.689363 -1.117899 -3.192850 90.817957 -2.859785 6.531829 -0.441337 15.019270 -1.033057 0.851542 0.261228 -1.047646 -1.357569 -1.208585 -4.007043 0.335719 1.421205 1.447685 -3.118847 -0.143437 3.342877 -0.345856 0.833198 0.464779 -0.185967 0.876262 -0.310873 10.873879 -1.837156 0.442898 0.381379 2.055591 3.139039 0.419191 -2.264282 -0.456617 -0.759968 2.796747 0.714052 0.200749 43.942392 -0.967320 0.686159 0.095180 0.433653 -0.155085 0.241145 0.624161 0.335902 -0.467045 0.430921 0.187330 1.008122 -0.179555 1.838546 0.043460 0.255835 -0.758074 -0.546892 1.513835 -0.317011 0.246710 0.202372 0.030213 -0.109770 2.368114 0.611054 0.563177 0.298107 -0.284139 -0.158570 0.587054 0.491937 -0.549963 -0.342245 1.138940 4.349967 -1.034654 -0.422352 -1.712215 -4.661289 5.691009 -1.839419 -0.522661 -1.680393 1.737557 -0.246632 -17.896860 66.893236 0.509181 -0.088700 1.000000 0.000000 0.000000 0.000000 0.000000 0.000000 0.000000 0.000000 0.000000 0.000000 0.000000 0.000000 0.000000 0.000000 0.000000 0.000000 0.000000 0.000000 0.000000 0.000000 0.000000 0.000000 0.000000 0.000000 0.000000 0.000000 0.000000 0.000000 0.000000 0.000000 0.000000 0.000000 0.000000 0.000000 0.000000 0.000000 0.000000 0.000000 0.000000 0.000000 0.000000 0.000000 0.000000 0.000000 0.000000 0.000000 0.000000 0.000000 0.000000 0.000000 
0.674790 2.975283 -0.326976 -9.472735 1.065847 -6.015903 -1.333979 3.331450 0.206047 -2.981661 -0.078467 -0.165049 -0.416629 -0.197564 -0.951138 0.423243 -0.161236 0.041904 5.631435 -14.577977 0.552175 3.782044 0.230933 1.936070 -0.118555 -0.449824 -1.257726 -3.167935 -19.949873 0.218858 -10.520347 -1.205799 -1.690848 -1.255305 -0.770027 268.026508 3.682777 1.116156 -1.858534 17.945592 -4.001797 -0.513729 3.557596 1.125362 5.933220 2.020408 -0.519019 0.949729 -0.682117 -1.649625 -1.183230 -0.504285 0.601314 -0.825500 1.330725 0.811726 -1.041531 10.241859 -2.058520 0.423624 -0.218999 -0.687082 -13.764673 0.367787 0.970492 0.172953 -0.088012 0.021841 0.287069 1.576955 -0.141001 -0.429781 1.010869 -0.631010 0.030554 -0.216230 -1.287895 1.683735 0.101940 -2.555863 0.280535 0.050128 -1.493081 0.826915 1.133359 0.049650 -2.616363 0.357274 0.462912 0.457160 -0.995362 -0.398514 0.097353 0.756017 0.384382 -0.360046 -5.181035 -1.319610 0.740870 -50.550739 0.937831 -0.211100 -1.274830 -0.211302 0.508039 -0.050539 -0.501615 -0.611709 -0.483989 -0.382549 -0.098699 0.562770 1.025703 4.254893 0.288898 0.360003 0.243972 0.447633 0.222158 -0.218210 1.535124 -2.077125 -10.317056 -1.195720 -0.632025 0.552931 1.908228 2.688038 -1.125552 -0.007224 3.019772 -0.131286 -1.918459 -0.687451 -0.875999 -7.766786 1.153221 0.307398 -0.465812 0.839591 -0.937675 0.312741 0.241053 1.491261 0.168251 -0.454620 -5.515724 21.335344 0.142399 -0.552853 -2.387938 1.000000 0.000000 0.000000 0.000000 0.000000 0.000000 0.000000 0.000000 0.000000 0.000000 0.000000 0.000000 0.000000 0.000000 0.000000 0.000000 0.000000 0.000000 0.000000 0.000000 0.000000 0.000000 0.000000 0.000000 0.000000 0.000000 0.000000 0.000000 0.000000 0.000000 0.000000 0.000000 0.000000 0.000000 0.000000 0.000000 0.000000 0.000000 0.000000 0.000000 0.000000 0.000000 0.000000 0.000000 0.000000 0.000000 0.000000 0.000000 0.000000 
-0.793641 1.206197 -2.022644 -11.615150 1.214095 -12.839263 -2.628074 8.561927 0.487736 -19.228640 -0.783361 4.613811 0.665536 0.340351 3.489675 0.773088 0.858560 -0.394758 6.401734 -14.949142 0.309048 6.479664 0.278473 4.465043 -1.296043 1.544067 0.516942 1.639178 -62.517352 0.697774 -2.124450 -0.314924 -0.959712 -1.744461 -1.028728 194.838617 2.659151 1.056870 -5.449074 50.818477 -9.398989 -1.284715 1.798878 0.445827 1.463889 1.135450 0.240289 0.538923 -0.307185 -3.091733 -1.766801 -0.558790 1.190759 -1.359746 2.366263 0.937680 -1.310034 30.568395 -7.957416 2.546276 -1.862286 -1.925165 55.065878 -1.353680 9.948052 -0.003845 29.839954 -1.854162 1.395204 11.301152 -2.270791 -2.776560 2.580765 -16.350139 1.418866 8.001737 -8.298649 41.469495 1.234380 -8.464636 0.671528 -0.127327 1.280862 0.104839 -5.017801 0.618735 1.006302 -0.111797 -0.141697 -0.981964 0.397132 -1.337488 -0.460998 -0.723010 1.217415 -1.996981 -0.229032 0.009231 1.395236 22.258433 -0.367928 -0.198689 -1.333987 0.274677 -1.096500 2.812303 1.856857 0.797626 -0.380816 6.010936 0.669604 -3.953573 -2.695432 -9.012502 -0.322138 -0.690894 -2.075028 1.181060 2.668307 -0.796241 2.222853 -3.751377 -23.650535 -2.786796 3.596387 1.303151 -0.000692 3.700807 -1.026426 4.339773 14.247339 -2.163989 -6.445683 -2.205304 -0.685716 -17.076333 2.405031 1.278255 -1.881049 1.760313 -0.540289 0.638102 -0.992749 0.690721 -0.108704 -0.165224 9.859905 -30.549930 -0.316322 -2.393766 -0.537942 -0.530503 1.000000 0.000000 0.000000 0.000000 0.000000 0.000000 0.000000 0.000000 0.000000 0.000000 0.000000 0.000000 0.000000 0.000000 0.000000 0.000000 0.000000 0.000000 0.000000 0.000000 0.000000 0.000000 0.000000 0.000000 0.000000 0.000000 0.000000 0.000000 0.000000 0.000000 0.000000 0.000000 0.000000 0.000000 0.000000 0.000000 0.000000 0.000000 0.000000 0.000000 0.000000 0.000000 0.000000 0.000000 0.000000 0.000000 0.000000 0.000000 
1.837667 5.158760 4.563133 -2.647556 0.453196 4.319860 0.828789 -2.967304 -0.250816 15.752877 0.694694 -2.353390 -0.939974 0.553436 -0.319122 0.594835 -0.115815 0.015062 0.065053 -0.157554 0.403491 -3.443886 -0.131200 -1.660266 0.945830 -1.574935 -1.476755 -3.511711 -16.161847 0.175020 -8.725657 -0.974662 -0.183843 0.104932 -0.574070 65.211924 0.886575 1.064772 0.523323 6.630638 0.046626 -0.254355 0.072952 0.186750 3.033519 0.828835 -0.175311 0.261438 -0.337849 2.347350 0.799809 0.860914 -2.254921 1.838905 -1.691436 -1.253109 0.857977 -16.770194 5.963238 -2.549326 2.499140 1.861337 2.227445 0.139897 -0.715167 -0.182648 4.892332 -0.219922 -2.062522 -4.351970 0.010290 -1.808000 0.270271 -1.135193 0.082322 0.985091 -2.831418 -8.637560 -0.029429 -6.772457 0.774471 0.641889 0.480472 -1.367099 8.760226 -1.308259 13.842094 -2.354645 1.069103 -0.462177 0.447180 -0.198425 -0.362555 1.365116 0.081692 0.255279 0.782533 0.425684 -0.498835 23.202002 -0.578229 0.652374 0.528689 0.037831 0.871567 -2.387441 -1.851788 -0.766449 -0.347881 -2.489928 -0.461455 0.668615 0.824059 6.670104 0.686270 -0.398761 0.025839 1.165462 -7.614513 1.830769 -3.350325 1.857758 10.042198 1.375774 -5.723795 -2.508155 -4.015929 -2.383252 1.378992 1.761155 0.084118 -1.173528 1.477431 0.256445 -0.538245 -4.760433 0.800433 0.315863 1.020862 1.392475 -2.791217 0.865892 1.136631 1.170238 -0.869381 0.136940 -23.956549 91.859408 0.717247 0.590207 -1.333606 0.786629 0.892019 1.000000 0.000000 0.000000 0.000000 0.000000 0.000000 0.000000 0.000000 0.000000 0.000000 0.000000 0.000000 0.000000 0.000000 0.000000 0.000000 0.000000 0.000000 0.000000 0.000000 0.000000 0.000000 0.000000 0.000000 0.000000 0.000000 0.000000 0.000000 0.000000 0.000000 0.000000 0.000000 0.000000 0.000000 0.000000 0.000000 0.000000 0.000000 0.000000 0.000000 0.000000 0.000000 0.000000 0.000000 0.000000 0.000000 0.000000 
-0.072454 3.110647 0.843850 -2.389971 0.278063 -9.058868 -1.839490 7.929278 0.659680 -7.610529 -0.277165 -6.005628 -1.264654 -0.182515 -3.575955 -0.163024 -0.901288 0.966841 2.740227 -7.321636 0.507128 0.740801 -0.017239 -0.289117 -0.585771 -0.750960 0.205903 -4.032317 -123.108544 1.385114 -12.725383 -1.499566 -1.289325 -0.977491 -1.083355 228.127112 3.117774 1.448367 0.096334 8.395455 -1.841141 -0.132386 -1.416596 -0.635713 -3.654413 -1.027431 0.558706 -0.783140 0.268761 0.498214 0.671025 -0.018266 0.654699 -0.943210 3.668177 -0.256516 -0.518490 16.808892 -5.191617 2.006754 -2.051540 -0.125091 -128.928535 3.624520 -4.195220 1.263659 -24.010156 1.608736 -0.031221 5.031470 0.820428 1.062084 2.154830 -7.719260 0.745583 8.543156 -8.663767 50.142259 1.406732 -7.699887 0.626085 -0.069670 -0.415037 1.049197 -5.900150 0.709705 -1.924653 0.365939 -0.056436 -0.980775 0.359941 -0.296181 -0.270851 -1.203307 0.428765 -1.313118 -1.704479 0.057156 1.280571 4.043566 0.229607 -1.177364 -1.224857 -0.183727 -1.299543 4.243833 3.222412 1.153887 -0.664859 13.662111 2.771178 -0.379630 -2.747296 -8.913432 -0.883600 0.703579 0.638217 -1.976743 5.567776 -0.986652 2.959957 -1.817949 -20.205765 -2.689016 11.537720 2.597617 -0.043157 0.283112 -0.169473 -1.246728 -2.596554 0.485957 1.221527 0.331755 1.578112 13.231626 -2.039304 -1.472429 1.148713 -1.384885 3.868363 -1.720190 2.070958 -0.462976 1.836169 -1.299003 -30.532908 116.237579 0.895808 0.541801 -1.854462 0.821727 -0.060184 0.172054 1.000000 0.000000 0.000000 0.000000 0.000000 0.000000 0.000000 0.000000 0.000000 0.000000 0.000000 0.000000 0.000000 0.000000 0.000000 0.000000 0.000000 0.000000 0.000000 0.000000 0.000000 0.000000 0.000000 0.000000 0.000000 0.000000 0.000000 0.000000 0.000000 0.000000 0.000000 0.000000 0.000000 0.000000 0.000000 0.000000 0.000000 0.000000 0.000000 0.000000 0.000000 0.000000 0.000000 0.000000 0.000000 0.000000 
-0.085486 4.449463 2.159569 -0.822731 0.110217 -5.251267 -1.093779 1.317218 -0.032093 -0.666708 -0.041485 -2.466085 -0.814781 0.640461 1.552355 0.611472 0.606589 -0.223759 1.246530 -2.647717 0.747855 -4.519237 -0.278328 1.707557 -0.516102 0.529425 0.173234 -1.980646 -39.781942 0.450016 1.076487 0.169632 1.995855 0.979942 0.482508 12.812552 0.175653 -0.109211 1.381922 -4.948619 1.861197 -0.077524 0.013627 0.207478 2.141911 0.827887 -0.128058 0.153987 -0.318195 0.066499 0.129597 -0.371417 1.013874 -0.567941 1.224502 -0.614400 0.573138 -8.859073 2.101736 -0.685129 0.543905 0.316901 33.054931 -0.820665 6.506726 -0.090511 18.969436 -1.205751 0.358767 3.764355 -2.070761 -3.805591 1.731844 -9.102423 0.743386 5.613423 -6.935493 19.075152 0.725129 -9.689004 0.891295 0.113360 -0.216602 0.140225 1.534795 0.008733 -5.638369 0.864530 -0.005893 0.788092 -0.883666 -1.072465 -0.047228 3.414659 1.238152 -0.916785 -6.758183 -1.820467 0.212932 -10.164218 0.343203 -0.642561 -2.001569 -0.767616 0.755468 0.259892 0.237201 -0.420040 -1.010304 -3.091390 -1.052636 -1.614224 0.244332 12.982492 1.435109 -0.464877 -1.203794 0.543562 0.608731 -0.224809 0.467431 -0.607474 -1.889968 -0.223758 0.063012 0.125304 -0.089546 0.864040 -0.271095 -0.687267 -1.478490 -0.320282 1.437048 0.235239 -1.393225 -6.066931 0.984973 0.062670 1.168427 0.405789 -0.141365 -0.166855 0.858821 1.317630 -0.076039 -0.134449 -36.434846 139.177208 1.092814 0.834199 -0.251284 0.526001 0.521161 0.552078 -2.437053 1.000000 0.000000 0.000000 0.000000 0.000000 0.000000 0.000000 0.000000 0.000000 0.000000 0.000000 0.000000 0.000000 0.000000 0.000000 0.000000 0.000000 0.000000 0.000000 0.000000 0.000000 0.000000 0.000000 0.000000 0.000000 0.000000 0.000000 0.000000 0.000000 0.000000 0.000000 0.000000 0.000000 0.000000 0.000000 0.000000 0.000000 0.000000 0.000000 0.000000 0.000000 0.000000 0.000000 0.000000 0.000000 
1.430135 -1.587162 -0.775177 4.575134 -0.522910 6.266964 1.265653 -9.637536 -0.872368 -17.848442 -0.760796 0.231775 0.595971 -1.933384 -4.705552 -0.970418 -1.020576 0.195216 -2.803517 5.616229 -0.550877 0.924250 0.082860 0.455388 0.224957 0.328406 -0.387771 0.675956 61.763762 -0.692709 4.627239 0.548312 0.650291 0.404974 0.159599 -41.196977 -0.567147 -0.305713 -1.873722 11.583585 -2.922901 -0.167906 2.957555 0.907713 4.331432 0.943682 -0.843447 0.957904 -0.562702 1.140730 -0.432278 -0.459074 -0.010103 -0.457657 0.526728 -0.895001 0.343790 -1.220126 1.261711 -0.697380 0.591649 0.593939 -8.220844 0.138718 2.356301 0.049456 1.462466 -0.243861 1.091664 -1.922363 -0.489951 -0.162478 -0.732525 8.430427 -0.750643 -3.001661 1.875792 -27.359583 -0.612787 -0.253840 -0.040221 -0.738482 0.000049 -0.585274 3.214099 -0.180101 -13.820133 2.253084 -0.624221 2.168309 -0.565890 0.186086 0.080932 -1.323564 -1.544681 1.259850 -3.031175 -0.439086 0.034546 29.540674 -0.555179 0.008103 -1.040168 -0.371850 0.498015 0.004430 -0.158574 -0.406246 -0.494296 5.696046 1.271675 0.431760 -1.107398 -6.401772 -0.548564 0.075889 -1.196363 -0.523758 1.252473 -0.216801 -1.918595 0.833725 7.075648 0.976088 -2.668343 -2.398171 -5.986438 -3.253589 1.557933 6.389222 9.684357 -2.144303 -2.254555 -1.039716 2.117396 3.130551 -0.705048 -0.389273 -1.011188 -0.121355 1.739336 -0.541228 -2.102536 -0.455244 0.075665 0.444829 6.896372 -25.212871 -0.201517 -0.267716 -0.943093 0.195329 0.408573 0.251559 1.353308 -0.091260 1.000000 0.000000 0.000000 0.000000 0.000000 0.000000 0.000000 0.000000 0.000000 0.000000 0.000000 0.000000 0.000000 0.000000 0.000000 0.000000 0.000000 0.000000 0.000000 0.000000 0.000000 0.000000 0.000000 0.000000 0.000000 0.000000 0.000000 0.000000 0.000000 0.000000 0.000000 0.000000 0.000000 0.000000 0.000000 0.000000 0.000000 0.000000 0.000000 0.000000 0.000000 0.000000 0.000000 0.000000 
-0.356499 0.380428 1.204017 2.714748 -0.271751 2.139572 0.403180 -0.161965 -0.025362 15.572090 0.679444 4.190632 0.380864 2.190662 6.490048 0.969267 1.212735 -0.754264 -2.927354 8.485274 0.460246 -9.162594 -0.459706 0.539173 -0.257337 0.837107 0.638823 -0.655149 -43.918288 0.496980 -1.395014 -0.157049 1.099426 0.810579 0.515532 87.162223 1.187438 0.200915 0.244049 1.788679 -0.687708 -0.038170 -0.129164 -0.102510 -2.014082 -0.848109 -0.539290 -0.743915 -0.124385 -4.668570 -1.148332 -0.645369 4.212690 -2.837079 3.624854 0.458170 0.552160 -9.500064 0.171490 0.762697 -1.358550 -0.255084 -90.291490 2.355947 -6.141922 0.768085 -27.796165 1.825277 -0.070995 0.492920 2.209046 3.782997 0.438157 4.749176 -0.314601 5.396543 -5.292824 51.353661 1.248560 -2.648726 0.196884 -0.808006 -2.859546 2.344013 -9.653146 1.431673 -9.828238 1.737592 -0.500868 -0.537539 -1.364842 -1.346421 -0.155440 -0.683067 -0.254998 0.716232 0.084751 -0.433626 -1.049559 -51.488356 1.282273 -1.243116 1.460294 0.023230 -0.631469 1.242085 2.032112 0.720751 0.273010 -4.412407 -1.332315 -1.877815 0.093384 6.687960 0.980590 -0.557493 -1.763553 0.447151 7.288777 -2.055285 4.966447 -5.526381 -29.699102 -3.584645 6.941994 3.422872 5.107379 4.787770 -2.416030 -2.073203 1.734837 0.293987 -2.561439 -1.071176 -0.728708 -7.708776 0.919799 0.333882 -1.254172 -1.632021 1.933906 -0.577438 -0.667768 -0.054745 0.192671 -0.005640 23.321249 -86.146500 -0.686133 -0.986982 0.112282 -0.368202 -0.511040 -0.699498 -0.524634 0.018710 7.228636 1.000000 0.000000 0.000000 0.000000 0.000000 0.000000 0.000000 0.000000 0.000000 0.000000 0.000000 0.000000 0.000000 0.000000 0.000000 0.000000 0.000000 0.000000 0.000000 0.000000 0.000000 0.000000 0.000000 0.000000 0.000000 0.000000 0.000000 0.000000 0.000000 0.000000 0.000000 0.000000 0.000000 0.000000 0.000000 0.000000 0.000000 0.000000 0.000000 0.000000 0.000000 0.000000 0.000000 
2.189281 3.532195 6.218495 4.861044 -0.311086 1.659812 0.168821 2.112362 0.220367 38.888653 1.743391 2.397004 -0.818328 2.101305 4.258338 2.079192 0.941645 -0.650235 -3.839880 10.140844 1.078771 -16.697085 -0.725427 1.288205 0.056668 0.813936 0.121116 -1.566953 -79.729466 0.901203 -5.336900 -0.637888 -2.141298 -1.167615 -0.617688 148.253688 2.012139 0.935951 -1.684688 21.764502 -3.885612 -0.410740 -0.303212 -0.178887 -2.464890 -0.938455 0.104808 -0.216399 0.035639 -1.586798 -0.701414 0.113051 0.091496 0.115853 -2.368697 3.276680 -2.592460 23.384236 -5.076179 1.285585 -0.790264 -1.940158 83.886571 -2.766622 4.079299 -0.323797 10.020184 -0.783302 -0.473033 -7.350590 -0.717531 -2.006891 -2.423275 3.570752 -0.356169 -3.629914 5.079470 -36.263128 -0.947738 4.733130 -0.444413 0.091338 0.416801 -0.197848 1.129504 -0.212538 6.523313 -1.131327 0.487101 0.658810 0.524831 0.852809 -0.076247 -0.850997 0.249615 -1.003278 1.279539 0.067774 -0.233992 -21.131327 0.408047 -0.032277 -0.108852 0.230778 -0.187676 0.777025 2.837584 1.393064 -1.165309 -2.731423 -0.615930 1.207483 0.200417 10.005377 0.925038 -0.308645 -2.064183 0.348724 -2.206510 0.482693 -2.035062 1.731598 18.187340 2.245266 -6.630065 -1.630824 0.340446 -1.045866 0.163076 3.207998 6.787333 -1.095947 -1.859976 -0.556589 1.145202 6.214989 -0.915693 -0.789169 0.180767 -0.847436 1.201210 -0.602730 1.082138 0.324152 0.782249 -0.487178 -29.839153 107.860337 0.900213 2.242942 2.790466 -0.065974 -2.341906 -1.053471 -3.291242 0.854527 3.045101 0.480253 1.000000 0.000000 0.000000 0.000000 0.000000 0.000000 0.000000 0.000000 0.000000 0.000000 0.000000 0.000000 0.000000 0.000000 0.000000 0.000000 0.000000 0.000000 0.000000 0.000000 0.000000 0.000000 0.000000 0.000000 0.000000 0.000000 0.000000 0.000000 0.000000 0.000000 0.000000 0.000000 0.000000 0.000000 0.000000 0.000000 0.000000 0.000000 0.000000 0.000000 0.000000 0.000000 
-0.162491 -1.314363 -0.738694 10.540675 -1.244103 3.328291 0.534346 -9.214838 -0.948216 -3.506371 -0.133233 -6.468329 -1.287066 -0.763156 -5.674643 -0.425041 -1.376800 0.798899 -4.950593 11.255684 0.286263 -9.599414 -0.462329 1.674705 -0.470927 0.774160 0.074382 -2.346433 -31.960699 0.374600 2.981083 0.349724 3.223926 0.519754 0.559842 177.394881 2.447088 0.224490 3.654308 -33.592677 5.750537 0.483070 -3.506260 -1.217674 -4.680687 -0.258352 1.395631 -0.882016 0.482613 2.493296 2.218593 1.352577 -0.386484 0.727845 0.094862 -1.119693 0.358269 8.925959 -2.841032 1.183627 -1.244333 0.795692 -86.158873 2.500673 -2.442768 0.689780 -14.172371 0.951072 -0.225206 2.067925 0.961576 1.963350 0.258857 -1.536416 0.241410 0.891073 -2.232496 25.473025 0.619124 -1.434667 0.105652 -0.254710 -0.311411 1.029623 -5.781246 0.724704 -4.316837 0.809917 -0.407111 -0.678084 -0.741499 0.965958 1.412316 3.511283 0.779970 0.612407 -5.696717 -2.908127 -1.807931 93.290952 -1.849346 0.632338 -1.024215 0.719739 0.245508 0.530717 0.056059 -0.076465 0.093128 15.937194 3.461364 -0.214811 -3.462265 -13.449495 -1.092809 0.418675 -2.474992 0.914133 2.907083 -0.553907 4.087270 -3.879010 -21.388977 -2.642350 5.139051 2.065832 1.675776 3.449899 -1.115845 -3.316940 -6.285067 -0.102052 1.542178 0.145239 -1.071375 -7.542746 1.218624 0.508052 1.473859 2.439524 -3.494475 1.039061 0.423379 -0.434747 -0.444045 0.292364 15.085452 -55.686666 -0.434730 -0.269398 -0.379241 0.011510 1.258509 0.958857 -0.934024 0.504116 -21.467909 -3.045329 -44.314158 1.000000 0.000000 0.000000 0.000000 0.000000 0.000000 0.000000 0.000000 0.000000 0.000000 0.000000 0.000000 0.000000 0.000000 0.000000 0.000000 0.000000 0.000000 0.000000 0.000000 0.000000 0.000000 0.000000 0.000000 0.000000 0.000000 0.000000 0.000000 0.000000 0.000000 0.000000 0.000000 0.000000 0.000000 0.000000 0.000000 0.000000 0.000000 0.000000 0.000000 0.000000 
-2.162519 -0.101905 -1.260097 -1.981693 0.120433 -2.074068 -0.406785 0.622165 0.047952 40.518591 1.676552 -3.493698 -1.666381 2.442822 4.320241 1.455278 1.242278 -0.433281 -6.076122 15.596431 -0.175164 -7.886548 -0.409814 0.207624 -0.025820 1.028420 0.763047 1.433466 -18.616254 0.216663 7.581626 0.895153 3.234197 0.970055 1.106725 -41.523797 -0.543418 -1.481079 3.445434 -48.720648 6.995631 1.268613 -2.819062 -1.139657 -6.468933 -1.248474 1.130502 -0.459437 -0.028108 -0.804647 -1.060451 -1.292965 2.473119 -2.030274 2.260560 -0.891933 1.073945 -1.520879 -0.396193 0.370063 -0.292645 -0.281815 -2.687847 -0.294840 -4.293247 0.031261 -17.452216 1.077199 -0.603172 -5.907350 1.420904 1.692231 -0.709710 11.045526 -0.917272 2.855968 -2.769411 -1.367836 0.096377 -4.513116 0.392343 -0.695835 1.790911 -2.888350 10.693572 -1.577393 10.672612 -1.895446 0.958013 -0.080110 -0.245271 1.659377 0.189862 -1.618486 -1.213139 0.932675 1.206563 0.909090 0.547486 -20.041914 0.485267 -0.487360 0.898935 0.021729 -0.624299 0.779046 0.093747 -0.131884 0.342161 -0.407364 -0.241928 -1.295852 -0.346973 -5.207995 -0.306262 -0.072683 -0.382977 0.593942 -0.022319 0.009410 0.044039 -0.400373 -0.537416 0.001015 -1.340304 -0.223711 0.056556 0.482754 -0.248859 -0.025474 -2.259704 -0.277215 1.284554 0.311844 0.144790 3.909323 -0.528491 -0.191855 0.450422 -0.603701 -0.103544 -0.099961 0.564339 1.090478 0.023770 -0.125273 -23.581797 83.770620 0.700604 1.750992 -3.798790 1.842125 -0.406278 -0.088511 1.660701 -0.776819 12.571931 1.767249 38.116943 -0.874325 1.000000 0.000000 0.000000 0.000000 0.000000 0.000000 0.000000 0.000000 0.000000 0.000000 0.000000 0.000000 0.000000 0.000000 0.000000 0.000000 0.000000 0.000000 0.000000 0.000000 0.000000 0.000000 0.000000 0.000000 0.000000 0.000000 0.000000 0.000000 0.000000 0.000000 0.000000 0.000000 0.000000 0.000000 0.000000 0.000000 0.000000 0.000000 0.000000 0.000000 
0.496354 -2.244665 -0.492195 7.472717 -0.853706 2.870150 0.529457 -6.258322 -0.518506 -8.659205 -0.332894 -2.690773 -0.172611 -1.692551 -5.967672 -0.630289 -1.380493 0.175285 -2.941643 5.443055 0.091705 -4.826406 -0.209627 1.510260 -0.569341 0.601393 0.170906 -0.075854 10.188987 -0.112248 2.726264 0.294792 -3.042027 -1.297997 -1.127019 57.176435 0.773387 0.631870 -4.844246 49.437742 -8.448383 -1.224087 1.797183 0.587320 0.264234 -0.014474 -0.124077 0.085119 0.064558 0.185597 0.264744 0.320307 -0.087202 -0.128918 -0.711311 0.848090 -1.464164 20.308982 -4.556337 1.300701 -1.077755 -0.994113 8.352458 -0.338492 3.941738 -0.002433 4.307411 -0.366313 0.795258 -1.052207 -1.983472 -3.515486 -0.796234 -6.810462 0.509403 -1.354443 4.203923 -44.382853 -1.083734 2.193301 -0.170575 -0.018484 1.771421 -2.647031 8.341650 -1.323445 14.776817 -2.532075 0.721829 0.748481 1.273315 4.270006 1.115022 -1.751288 -1.463284 1.419983 1.643145 0.476544 -0.466169 25.420391 -0.608579 0.562353 0.871138 0.223896 0.433816 -0.704714 -0.053926 -0.116036 0.018648 2.579787 0.787379 1.272593 -0.482233 0.431451 0.008360 0.272206 -3.474783 -0.245375 4.411477 -1.127250 0.467821 -1.972812 -10.627674 -1.247936 2.752595 0.829990 0.511638 1.415339 -0.751214 0.132363 3.466349 0.191347 -2.758723 -1.010685 -0.803542 -10.426826 1.270388 1.120001 -3.046485 -1.971980 3.646201 -0.660992 -4.438877 2.277523 -1.787891 1.097189 -12.878908 52.286021 0.419943 0.521713 1.067111 -0.100085 -1.334242 -0.709856 -0.112502 0.027215 5.731654 0.843457 -1.791651 0.043321 -3.160793 1.000000 0.000000 0.000000 0.000000 0.000000 0.000000 0.000000 0.000000 0.000000 0.000000 0.000000 0.000000 0.000000 0.000000 0.000000 0.000000 0.000000 0.000000 0.000000 0.000000 0.000000 0.000000 0.000000 0.000000 0.000000 0.000000 0.000000 0.000000 0.000000 0.000000 0.000000 0.000000 0.000000 0.000000 0.000000 0.000000 0.000000 0.000000 0.000000 
0.396525 -1.356824 -2.569655 8.395037 -1.091430 -4.218492 -0.733710 -6.147896 -0.790688 -61.765469 -2.570138 2.462710 1.492797 -3.044428 -6.824016 -0.847673 -1.597605 0.970638 -6.023079 14.612571 0.174457 -10.290188 -0.606782 2.734192 -1.766104 2.194760 2.302733 -0.953756 -138.550412 1.572601 4.513819 0.472858 -0.231219 -0.821152 -0.744098 112.794498 1.532748 0.798094 2.754924 -20.026949 2.773446 0.597311 -3.121274 -1.261180 -5.278796 -0.865770 0.837928 -1.077875 0.368902 -3.898644 -0.422207 0.236684 2.497001 -1.080486 0.318408 1.191896 -0.789715 15.772311 -4.757120 1.717552 -1.372970 -1.120047 65.185458 -1.813271 4.115939 -0.181504 18.262785 -1.137465 0.572457 5.609671 -1.030480 -1.343739 1.718702 -5.506566 0.426983 1.505760 -2.433269 8.961112 0.310479 -2.682805 0.157744 -0.542529 -0.545437 0.327985 -2.199805 0.265931 -0.173584 0.031522 0.260582 -0.866663 -0.567489 0.927671 0.798987 2.100088 0.514206 0.282670 -0.824466 -0.736399 -0.818574 3.346347 0.095301 -0.532814 0.352899 0.213748 -0.431284 0.501252 -0.417812 -0.233383 0.960636 1.455341 0.337846 -0.592452 -0.164756 -3.284458 -0.372317 0.402203 0.800762 -0.347998 3.968950 -1.004967 3.395084 -2.520846 -19.932189 -2.551431 8.173883 2.610226 1.986087 1.897363 -0.781499 -2.637686 -1.771942 1.251670 -0.979037 -0.228447 -0.381051 -5.320800 0.620117 0.571953 -1.552103 -0.955142 2.275487 -0.520645 -1.838207 0.464985 -0.528466 0.376047 -0.091213 2.989954 0.017865 -0.197965 1.311946 -0.446922 0.251347 0.050825 -1.375357 0.869467 -11.011835 -1.642057 -8.951180 0.251449 9.402928 -3.546695 1.000000 0.000000 0.000000 0.000000 0.000000 0.000000 0.000000 0.000000 0.000000 0.000000 0.000000 0.000000 0.000000 0.000000 0.000000 0.000000 0.000000 0.000000 0.000000 0.000000 0.000000 0.000000 0.000000 0.000000 0.000000 0.000000 0.000000 0.000000 0.000000 0.000000 0.000000 0.000000 0.000000 0.000000 0.000000 0.000000 0.000000 0.000000 
-0.878300 0.216250 -1.319406 -4.527469 0.446314 -5.327157 -1.073268 5.032992 0.339958 -4.856152 -0.169036 6.577040 1.065373 0.900248 4.365210 0.921413 0.893326 -0.477839 -0.113924 1.032328 0.036286 -1.178584 -0.082516 3.702111 -1.655685 2.132243 1.886197 3.855938 -34.539768 0.390256 6.069283 0.624190 -1.971469 -1.413040 -0.587986 107.481680 1.498189 -0.376439 -2.632394 9.488409 -2.808197 -0.205514 -0.874969 -0.506461 -4.951540 -1.313883 0.624010 -0.649981 0.222389 -4.555131 -1.049206 1.244210 1.029837 0.366511 -2.454073 0.435827 -0.432530 15.485863 -3.331367 0.783466 -0.052214 -0.624970 142.427927 -3.612465 10.222682 -0.824269 48.439928 -2.910067 -0.097085 9.318418 -2.058428 -3.264991 2.945017 -14.721166 1.197112 3.195449 -3.902258 3.102331 0.266361 -5.498986 0.458096 0.544545 2.403723 -2.038663 5.904182 -1.303373 21.166504 -3.515401 1.208287 -1.832093 1.472799 2.972797 0.907422 -0.973939 -0.172601 -0.132498 1.247437 0.274731 0.141730 45.483838 -0.834061 0.079450 0.775118 0.015196 -0.532987 0.313925 -0.799112 -0.626922 0.223849 7.072965 1.785212 0.993569 -0.880832 -11.088690 -1.218145 0.738440 -0.272056 -0.643990 0.365837 -0.018338 0.412543 -1.969089 -20.768679 -2.508272 6.678029 1.520257 0.411807 0.400656 -0.240673 3.470109 13.922433 -0.445871 -7.329002 -2.014555 1.611368 -2.165370 0.016197 -0.089349 -2.303604 -1.992701 2.269016 -0.530548 1.230568 -0.389606 1.227680 -0.687388 -21.872994 85.910757 0.629147 -0.682847 1.141248 -0.393234 -0.325176 -0.322919 -0.392749 -0.192567 19.377527 2.844594 16.801201 -0.515404 -12.199313 10.417148 -13.753283 1.000000 0.000000 0.000000 0.000000 0.000000 0.000000 0.000000 0.000000 0.000000 0.000000 0.000000 0.000000 0.000000 0.000000 0.000000 0.000000 0.000000 0.000000 0.000000 0.000000 0.000000 0.000000 0.000000 0.000000 0.000000 0.000000 0.000000 0.000000 0.000000 0.000000 0.000000 0.000000 0.000000 0.000000 0.000000 0.000000 0.000000 
-0.078728 -6.080217 -4.778776 0.851927 -0.243070 -0.928004 0.074946 0.274504 0.121586 -38.517794 -1.595423 4.500384 1.999007 -1.976048 -3.679764 -0.986500 -1.104941 0.468415 -6.657279 16.263836 -1.360284 2.553705 0.034944 -3.517306 0.156805 -0.003724 1.329858 -3.441956 -128.922036 1.460409 -9.713612 -1.207763 -0.859971 -0.002826 -0.383437 19.504775 0.237639 1.496882 2.176072 -0.671611 1.650928 -0.044330 -5.006765 -1.656519 -5.721591 -2.097314 0.653142 -1.688468 0.623946 2.575609 2.678890 2.930576 -3.345253 3.465101 -5.560241 0.810759 -0.785418 2.464455 0.723178 -0.770631 1.119172 0.626047 82.335244 -2.002438 6.043027 -0.584972 31.777252 -2.026709 0.066112 1.022634 -1.822001 -3.060282 -0.122754 -4.678233 0.270033 -4.091071 4.522744 -39.536656 -0.982792 2.815494 -0.257645 -0.274386 0.754640 -0.408309 -0.668951 0.168587 0.496825 -0.114481 0.003227 -0.084364 0.101204 -1.792727 -0.998507 -2.215235 0.174706 -0.883778 3.346817 0.927481 0.111632 -24.575215 0.509719 -0.206208 1.271584 0.195654 -0.969477 1.410949 2.218489 1.462320 0.465194 -2.279854 -0.321473 0.434095 -0.240895 0.040906 0.146126 -0.821267 -1.378256 -0.680613 1.844983 -0.553376 -0.829175 0.382397 2.327059 0.291133 1.334076 -0.329066 -1.662759 -1.732464 0.520487 4.062078 11.127723 -0.314836 -5.591216 -1.653595 2.079652 0.569855 -0.513747 0.025746 -3.403945 -2.204601 3.858405 -0.796602 -2.739829 -0.954378 -0.099251 0.803878 1.219076 0.783379 -0.055659 -1.879124 1.056668 -0.950927 -0.158623 -0.481406 2.115021 -1.231068 20.702833 3.099624 -0.348873 -0.123512 -21.345246 8.179138 -2.320076 -0.282028 1.000000 0.000000 0.000000 0.000000 0.000000 0.000000 0.000000 0.000000 0.000000 0.000000 0.000000 0.000000 0.000000 0.000000 0.000000 0.000000 0.000000 0.000000 0.000000 0.000000 0.000000 0.000000 0.000000 0.000000 0.000000 0.000000 0.000000 0.000000 0.000000 0.000000 0.000000 0.000000 0.000000 0.000000 0.000000 0.000000 
0.385461 -1.806661 -0.477247 5.360823 -0.601679 11.755611 2.382428 -12.418696 -1.018023 4.768211 0.160750 1.434679 0.467763 -0.489531 -0.218417 -0.330481 -0.105873 0.289847 -4.662784 12.956841 -0.337880 -4.662735 -0.256338 -1.617586 0.518807 -0.289563 0.122942 -1.803519 -80.611992 0.912949 -4.008168 -0.466008 2.469884 0.640358 0.614130 46.401692 0.637526 0.008609 4.654809 -42.180815 7.519927 1.031815 -5.955046 -2.085144 -10.447171 -2.903183 1.698185 -1.716414 1.318842 5.165044 2.914804 1.256059 -2.992554 2.386102 -2.153369 -0.543887 0.231172 -9.912930 2.147787 -0.523195 0.135476 1.550454 -98.825890 2.774011 -5.948867 0.560531 -24.812315 1.524844 -0.101618 -2.405435 1.456410 2.938616 -1.136249 6.397624 -0.441899 0.314141 -0.324095 15.403003 0.313564 1.412605 -0.153014 -0.059374 0.340189 0.412043 -0.911398 0.145430 -8.524433 1.435061 -0.547309 0.293405 -0.467128 -0.563442 0.051603 2.822966 0.101456 0.880887 2.960614 0.262672 -1.685468 68.856126 -1.326179 0.461488 0.663879 0.598573 -0.098502 -0.856969 -0.547963 0.144364 0.554893 2.941123 0.734629 0.060496 -0.879159 -3.480844 -0.376731 0.151570 -0.014424 -0.034407 -2.557414 0.765460 -0.377815 0.895826 0.473286 -0.073726 2.695406 0.587276 0.271064 -0.854510 0.397541 -1.389375 -3.595733 0.649067 1.337371 0.575105 0.966160 8.852343 -1.296263 -0.762501 0.831061 -1.572003 0.950571 -0.559645 1.198924 -2.154784 0.780821 -0.296857 21.091164 -85.128457 -0.620051 0.917409 0.152508 -0.008873 -0.040185 0.147692 -0.282199 0.222782 -15.649542 -2.211950 -20.485610 0.591396 9.921233 -9.157122 12.385192 -0.856100 -0.350525 1.000000 0.000000 0.000000 0.000000 0.000000 0.000000 0.000000 0.000000 0.000000 0.000000 0.000000 0.000000 0.000000 0.000000 0.000000 0.000000 0.000000 0.000000 0.000000 0.000000 0.000000 0.000000 0.000000 0.000000 0.000000 0.000000 0.000000 0.000000 0.000000 0.000000 0.000000 0.000000 0.000000 0.000000 0.000000 
0.882529 5.651235 3.810596 0.822660 0.024215 3.801697 0.596747 -7.789708 -0.857227 -9.097958 -0.369635 1.801562 0.335033 -0.848296 -0.822653 -0.106351 -0.148264 -0.087086 -2.088401 5.461815 0.526534 -8.549824 -0.370880 3.001334 -0.364304 0.963912 -0.360365 0.382654 -2.670636 0.036822 7.682886 0.914423 2.280619 -0.388567 -0.196731 211.793137 2.936322 -0.297089 0.224757 -20.192222 1.810775 0.416961 0.052131 -0.189678 -1.710908 0.315777 1.013572 0.367979 0.272604 2.691719 0.971195 1.507229 -2.961084 2.398428 -4.423569 0.657777 -0.710491 4.313367 0.263563 -0.515235 0.689803 0.497809 25.814492 -0.936333 3.009836 -0.097933 3.799205 -0.329310 -0.065586 -2.251411 0.344353 1.047049 -1.406707 3.871971 -0.274964 -2.686130 3.398078 -11.741406 -0.395819 4.717398 -0.453439 -0.062098 -0.915196 0.904575 -3.072961 0.317620 -4.119333 0.810579 -0.611064 0.079030 -0.642546 1.829150 1.440040 1.989075 0.111922 0.684299 -8.025212 -2.638709 -0.260045 -3.971747 0.077442 -0.115374 -1.281766 -0.416018 0.949444 -0.863141 -1.758870 -1.480166 -0.390163 1.389591 0.036758 -1.610293 -0.898771 -3.400923 0.039968 -0.464995 -0.026429 1.667753 -4.154946 1.053096 -0.569011 0.476597 9.358146 1.267191 -7.341020 -1.900014 -1.361166 -0.313518 0.466343 2.444413 1.992423 -2.095995 1.008607 0.149829 -0.062885 -1.316721 0.574949 -0.345362 3.394467 4.616127 -5.140327 1.272395 3.756959 0.744784 0.612304 -1.126062 -14.566951 56.250373 0.453331 0.985015 -1.265491 0.448505 -1.036157 0.150191 6.430533 -2.043687 -2.537159 -0.124176 -29.293240 0.717583 -12.290610 -6.073209 22.285760 -2.844692 8.548301 -40.848212 1.000000 0.000000 0.000000 0.000000 0.000000 0.000000 0.000000 0.000000 0.000000 0.000000 0.000000 0.000000 0.000000 0.000000 0.000000 0.000000 0.000000 0.000000 0.000000 0.000000 0.000000 0.000000 0.000000 0.000000 0.000000 0.000000 0.000000 0.000000 0.000000 0.000000 0.000000 0.000000 0.000000 0.000000 
-0.162818 -1.751262 -0.955753 1.836013 -0.236580 1.358244 0.392672 0.097850 0.017197 -17.512255 -0.774921 4.708551 1.390744 -0.170068 2.054350 -0.016290 0.554722 -0.293751 0.673083 -1.342906 -0.758903 7.882912 0.343271 -2.184918 0.368487 -0.160508 0.640896 3.239369 27.402944 -0.314129 3.552951 0.366046 -2.230712 0.013520 -0.456519 -228.071613 -3.136624 -0.380906 -3.242906 34.988284 -5.210573 -0.744584 0.463099 0.240450 -1.161752 -0.815323 -0.209204 -0.273204 0.245917 -0.659731 -0.849939 -1.665825 1.723866 -2.177460 5.677239 -2.241383 1.637191 -8.281620 0.588761 0.380151 -0.883355 0.828856 -140.690019 4.171169 -7.251812 1.024828 -27.087167 1.816270 0.770367 5.799203 0.796820 1.914560 1.859435 -4.081548 0.396508 4.636849 -4.760992 45.598343 1.119174 -2.734963 0.209991 -0.911527 1.071261 -0.745536 -1.977887 0.309918 -1.426874 0.263642 -0.288241 -0.795655 -0.099073 -1.448519 -0.373933 1.738041 0.860395 -0.549627 -1.343506 0.008994 0.769206 -6.205960 0.230548 -0.506120 -1.116122 -0.522784 -0.764866 1.661058 0.618493 0.388878 0.227552 3.570403 0.681023 -1.234265 -1.568102 -11.549406 -1.094135 0.183855 2.057146 0.017677 -3.111757 1.036028 -1.200661 2.659229 10.030479 1.107215 -0.250697 -1.356668 -3.990196 -3.715371 1.888345 0.520208 -2.188044 0.966070 2.478843 1.106177 0.367915 11.486228 -1.562868 -0.955841 0.347313 0.179917 -0.109133 -0.079462 -0.422031 -0.667195 -0.575563 0.255025 23.445672 -93.498089 -0.691402 0.627571 1.002843 -0.230062 0.224250 -0.028946 -5.738383 2.213292 -5.077849 -0.893484 16.261305 -0.278428 17.739737 -4.622892 -3.367594 1.068092 -5.842031 27.346836 -0.650399 1.000000 0.000000 0.000000 0.000000 0.000000 0.000000 0.000000 0.000000 0.000000 0.000000 0.000000 0.000000 0.000000 0.000000 0.000000 0.000000 0.000000 0.000000 0.000000 0.000000 0.000000 0.000000 0.000000 0.000000 0.000000 0.000000 0.000000 0.000000 0.000000 0.000000 0.000000 0.000000 0.000000 
-0.034880 3.391397 1.817332 4.337411 -0.440807 4.414526 0.708318 -9.073680 -0.907991 0.825313 0.039501 -3.599243 -0.699425 -0.689101 -2.648864 -0.841677 -0.682354 0.033291 -4.252901 9.490613 0.390575 -9.697926 -0.430720 -0.124652 0.119822 -1.064639 -1.012605 -2.159993 -26.083284 0.289145 -6.059141 -0.676091 -0.069263 -0.703650 -0.534442 189.548944 2.627524 0.402473 0.829974 -15.693192 2.082611 0.302664 -0.806243 -0.351222 -1.769141 0.134708 1.009829 0.263362 -0.025827 4.961424 1.577288 0.737032 -2.597670 2.105748 -0.686644 -3.561631 2.558171 -27.689236 7.708583 -2.721679 2.421136 2.675911 19.847378 -0.199386 4.381730 -0.213141 20.903237 -1.273222 -1.067531 -0.274630 -0.418545 -1.339237 0.883240 0.016645 0.026441 3.990898 -6.739838 14.132133 0.622874 -10.084769 0.982768 0.099052 2.513218 -2.342309 10.437865 -1.509585 4.848787 -0.882454 0.507090 -0.370535 -0.062424 -2.544358 -1.289655 -0.906831 0.057381 -0.672243 1.952893 1.090116 0.676270 -4.474233 -0.140550 0.811129 -0.346882 -0.251696 0.826932 -2.337625 -2.251464 -0.958043 -0.392554 -8.043296 -1.859364 -0.401368 1.907137 4.924070 0.489243 -0.494058 2.040683 2.278687 -11.650979 2.712795 -4.080313 3.071641 19.523580 2.576071 -12.238632 -3.686299 -3.113113 -1.683750 1.171412 0.788810 -2.847351 -0.699599 1.753779 0.490083 -1.169108 -6.219126 1.147837 0.771909 1.012997 2.367978 -5.068636 1.701223 -1.079570 0.547617 -1.919055 0.964417 48.458703 -186.717490 -1.427480 -0.199211 0.260277 -0.311773 -0.627809 -0.262259 0.431321 -0.421349 6.653903 1.040521 -8.214533 0.091581 -11.291475 7.072177 -7.631194 0.515799 0.138983 -1.267688 0.031693 -1.111422 1.000000 0.000000 0.000000 0.000000 0.000000 0.000000 0.000000 0.000000 0.000000 0.000000 0.000000 0.000000 0.000000 0.000000 0.000000 0.000000 0.000000 0.000000 0.000000 0.000000 0.000000 0.000000 0.000000 0.000000 0.000000 0.000000 0.000000 0.000000 0.000000 0.000000 0.000000 0.000000 
-0.680826 -1.421172 0.005437 6.202744 -0.713571 3.624425 0.648469 -3.487075 -0.305372 22.327368 0.910634 -0.308591 -0.543176 1.355678 4.060053 0.699182 1.090644 -0.516447 3.480098 -7.665486 0.393508 1.566805 0.086867 -0.413931 0.567353 -0.917668 -0.889782 0.043193 52.548679 -0.597183 -1.327909 -0.119826 0.525155 0.808464 0.782109 -107.008203 -1.454394 -0.779136 0.998128 -5.525921 2.085824 -0.062568 -0.423983 0.077745 0.270984 0.059747 0.020208 -0.228120 -0.069262 0.381216 -0.489247 -1.408919 1.086052 -1.240322 3.772868 -2.525508 2.708090 -35.201960 7.172449 -1.649079 0.794938 1.266935 -47.420130 1.576343 -3.141966 0.095566 -7.248172 0.495779 -0.153981 -0.188783 0.741065 1.457233 0.105804 3.421072 -0.263648 -1.776925 1.311520 -17.425859 -0.402388 0.336714 -0.025100 -0.213448 2.613241 -2.561817 7.653394 -1.318994 5.904367 -0.971466 0.146263 -0.552151 0.437279 -0.189337 -0.741595 -4.389437 -2.426461 1.974868 7.970498 2.651142 -0.398711 18.384295 -0.560576 0.919496 1.963424 0.452934 0.157777 -1.911597 -1.530428 -0.374119 0.715956 -1.305536 0.001431 1.365097 0.975953 -3.858230 -0.579536 0.331739 2.510872 -0.033648 -4.489963 1.177571 -2.062858 1.914649 9.300129 1.196449 -3.815435 -1.397789 -1.009614 -2.705926 1.003466 -2.277754 -7.196385 1.433070 2.300619 1.088462 -0.266830 6.873678 -0.803613 -0.068323 0.814679 1.373906 -2.377002 0.773778 -1.618460 0.132056 -1.840884 0.917974 34.658708 -133.799631 -1.018353 0.149868 -1.214967 0.267195 0.381767 0.421116 0.060805 0.037001 -4.523026 -0.678003 -2.171679 0.029375 2.479627 2.381130 -7.175193 0.905123 -2.012959 7.098076 -0.150879 -0.227804 -3.058140 1.000000 0.000000 0.000000 0.000000 0.000000 0.000000 0.000000 0.000000 0.000000 0.000000 0.000000 0.000000 0.000000 0.000000 0.000000 0.000000 0.000000 0.000000 0.000000 0.000000 0.000000 0.000000 0.000000 0.000000 0.000000 0.000000 0.000000 0.000000 0.000000 0.000000 0.000000 
-0.359471 -0.045455 -1.351267 6.507086 -0.822316 -3.491973 -0.791652 -8.148308 -1.038825 -52.270146 -2.184879 -0.134733 0.880902 -3.156587 -6.738761 -1.421819 -1.529907 0.442930 -1.462556 2.701578 0.053005 -2.351604 -0.114417 1.337127 -0.352284 0.739299 0.224437 -1.855486 -60.544563 0.687318 -2.246829 -0.284701 -0.595084 -0.215620 -0.160065 87.786531 1.194409 0.833754 1.540967 0.100995 1.124246 -0.224115 -2.477500 -0.731356 -2.409949 -0.555056 0.774463 -0.736204 0.860621 1.009168 0.872704 1.293153 -3.371256 2.237906 -3.148603 2.817480 -2.793369 26.369043 -5.009911 0.943658 -0.274666 -1.184363 69.626020 -1.825123 6.448292 -0.317452 25.199728 -1.639929 0.916836 5.289624 -1.572087 -1.593914 0.825048 -5.338879 0.439669 3.144351 -3.381772 10.935505 0.377313 -3.588136 0.326114 -0.323174 1.482033 -0.872588 3.440483 -0.410554 -10.636855 1.745868 -0.354691 0.368704 -0.947483 -4.072388 -1.373196 0.090027 0.634007 -0.998669 -1.217610 0.339940 1.500256 -27.900510 0.453049 0.098706 -1.553837 -0.444196 0.899746 -0.940121 -1.307410 -0.883511 -0.802925 -0.126085 0.045188 1.315393 1.687595 7.643611 0.453000 0.168288 0.322209 0.162110 -0.076262 -0.242213 -0.420162 -0.058101 5.895945 0.815872 -6.011457 -0.393799 3.151208 2.103666 -0.978098 -3.612576 -5.387333 1.078896 1.293739 0.603803 -3.831180 -15.120419 2.591233 1.465049 0.108271 2.691688 -4.349437 1.632235 -0.436563 3.700788 -1.482665 0.262747 -59.380815 220.977757 1.807182 3.502163 1.079444 1.049824 -4.841793 -2.282393 -2.259384 -0.337317 28.383565 4.537989 -1.757525 -0.028669 -32.079463 2.401894 18.447028 -2.957790 6.879187 -21.554621 0.485409 6.527521 3.274117 -1.554905 1.000000 0.000000 0.000000 0.000000 0.000000 0.000000 0.000000 0.000000 0.000000 0.000000 0.000000 0.000000 0.000000 0.000000 0.000000 0.000000 0.000000 0.000000 0.000000 0.000000 0.000000 0.000000 0.000000 0.000000 0.000000 0.000000 0.000000 0.000000 0.000000 0.000000 
-1.842114 -1.300700 -2.467081 -10.845704 1.119532 -9.340178 -2.064205 11.224122 0.900398 45.474660 1.960097 -5.414697 -2.561389 2.820744 3.236319 1.807625 0.744079 -0.012564 -0.080794 0.940070 0.481352 -4.939461 -0.210811 1.419573 -0.268987 0.255415 0.057997 1.452481 12.857919 -0.149067 -2.416392 -0.311818 0.245545 0.203352 0.540043 -115.737443 -1.588834 0.164477 3.596617 -21.640909 5.560235 0.240881 -1.166116 -0.103734 4.639450 1.872593 0.183617 0.562348 0.207813 2.425601 0.871100 -0.454979 -1.090813 -0.071367 2.706123 -0.510241 0.176197 2.479418 -1.284104 0.721294 -0.998847 0.216577 -122.598589 3.398713 -5.417194 0.796470 -30.598848 1.936414 0.998847 4.242733 0.200680 0.785889 0.990151 -6.219346 0.578393 -1.327043 0.943576 16.885458 0.296242 3.388825 -0.384317 0.199502 -2.155112 2.877878 -14.029168 1.951772 -5.650782 1.154869 -0.985627 -0.725887 0.896959 -0.082702 -0.048107 -1.759075 -0.928926 0.960111 1.956584 0.630300 0.256414 91.705229 -2.221053 2.040924 -0.485598 0.918606 1.192950 -3.563462 -3.939278 -1.386004 -0.115907 7.787997 2.033510 1.981489 0.396653 -6.339474 -0.981636 0.772575 0.288284 -0.199234 -1.965852 0.404803 -1.812541 -0.386237 -4.556582 -0.384462 -1.122004 -0.072172 0.437794 1.753934 -0.477471 -0.559254 0.294976 -0.529981 -1.061632 -0.464284 -2.011456 -18.299453 2.791454 1.689090 -0.525797 2.644766 -2.903817 1.331872 -1.273450 -0.340471 -0.310743 0.135907 38.503883 -138.215159 -1.151579 -2.841525 0.587898 -1.216225 1.451824 0.065466 0.679770 -0.288603 -3.063677 -0.502288 -5.019584 0.084570 -0.148981 1.171535 -1.987439 -0.058697 1.727006 -8.138519 0.182548 1.807219 -1.610788 0.311298 0.534882 1.000000 0.000000 0.000000 0.000000 0.000000 0.000000 0.000000 0.000000 0.000000 0.000000 0.000000 0.000000 0.000000 0.000000 0.000000 0.000000 0.000000 0.000000 0.000000 0.000000 0.000000 0.000000 0.000000 0.000000 0.000000 0.000000 0.000000 0.000000 0.000000 
0.011043 1.750319 0.784898 -2.829620 0.380274 -1.740633 -0.368725 3.537816 0.425631 -9.473750 -0.342824 1.410046 0.629587 -1.069323 -2.904928 -0.701369 -0.903212 0.469004 -0.028865 -0.242270 -0.509232 4.658249 0.278023 -3.380558 1.148010 -2.563611 -1.960510 -3.335626 58.981328 -0.671792 -9.157416 -1.007888 -1.217388 -1.162135 -1.045662 86.730017 1.182051 0.868473 -0.417480 2.326916 -1.622217 0.162048 2.538082 0.680401 5.742069 2.646193 -0.230108 1.489096 -0.985152 -0.899218 -1.894709 -2.404367 2.417155 -2.685216 4.278487 -0.834053 0.263449 10.235299 -3.298532 1.290722 -1.139844 -1.097563 -12.309444 0.146880 -2.093108 0.123083 -10.224971 0.569182 0.125231 -4.567999 0.543666 0.860501 -1.684811 7.298973 -0.628808 -5.177017 5.403036 -23.416212 -0.706281 5.748328 -0.584466 -0.494908 -1.344467 1.239619 -6.710112 1.100907 -6.297279 1.053248 -0.561273 0.143913 -0.999929 0.087515 0.587248 1.887774 0.998503 -0.144198 -2.571254 -1.487694 -0.320217 -33.064605 0.572097 0.063197 0.436517 0.470113 -0.127748 0.988013 0.454862 0.241771 1.000126 4.360436 1.360782 1.731465 -0.962839 -10.521070 -1.234545 0.930031 -0.369161 -0.484342 4.657632 -0.936406 3.508396 -1.342315 -13.735496 -1.966623 9.660762 2.895276 1.897628 2.499519 -0.947131 -4.898336 -8.784485 1.849981 2.811451 0.831456 -1.397309 -3.623960 0.538043 0.141844 -0.277124 0.049958 0.629280 -0.134361 0.016145 0.528618 -0.102098 0.004931 4.895338 -14.672808 -0.160322 -1.587868 -0.347131 -0.257714 2.527105 0.905191 -4.093024 1.736663 -11.601641 -1.907612 11.340892 -0.230943 17.708605 -0.609591 -11.588459 1.647617 -4.405773 18.984618 -0.490969 1.378032 1.421467 -0.572290 -0.007390 0.722780 1.000000 0.000000 0.000000 0.000000 0.000000 0.000000 0.000000 0.000000 0.000000 0.000000 0.000000 0.000000 0.000000 0.000000 0.000000 0.000000 0.000000 0.000000 0.000000 0.000000 0.000000 0.000000 0.000000 0.000000 0.000000 0.000000 0.000000 0.000000 
1.022406 3.599716 1.600168 -4.246680 0.558748 1.260041 0.061221 -3.945378 -0.522070 -29.632926 -1.195489 7.391229 1.862842 -1.811919 -1.371886 -0.556954 -0.631823 -0.216101 -2.190210 5.799556 0.594046 -9.588277 -0.426264 4.030473 -0.980326 1.285320 0.173409 0.875588 -40.579787 0.448252 -1.871019 -0.223770 -0.834472 -1.202876 -0.411709 168.366274 2.329664 0.547043 1.390402 -25.844883 2.939590 0.719441 -0.966392 -0.563780 -3.474942 -0.627496 0.534165 -0.424898 0.077895 -4.250764 -0.662395 1.810743 -0.005209 1.499246 -5.199437 2.724870 -1.195525 -0.296610 0.663703 -0.460197 0.739550 -0.146858 54.227962 -1.668087 -3.819836 -0.450303 -1.395047 0.211791 -2.001868 -4.131721 2.417329 3.176472 -0.419556 7.694177 -0.616610 0.743189 -0.615160 4.839024 0.096955 -0.138046 0.121738 0.959260 2.153429 -3.008663 16.505527 -2.882737 32.870717 -5.553025 2.293188 -0.860149 2.065862 6.213196 1.811058 -1.638642 -1.325609 0.804194 1.371435 0.562389 -0.045184 13.203160 -0.229567 -0.006960 0.935691 0.036394 -0.081614 -1.732215 -2.609844 -1.608099 -0.191009 -5.277229 -1.339675 -0.833453 1.879804 9.987184 1.084749 -0.401164 0.152386 1.156296 1.317337 -0.714079 2.519221 -2.565602 -1.969030 -0.066438 -5.973943 0.306718 4.931086 4.832360 -2.193340 -5.141203 -9.352221 0.822813 2.541382 0.525397 -3.870784 -22.733422 3.490091 2.181185 -0.421798 1.350869 -2.198927 1.142571 -2.751623 2.687820 -2.067300 0.807274 12.931675 -47.795638 -0.368213 -0.295926 -0.402625 0.235443 -1.421500 -0.673176 1.709124 -0.750539 -1.845255 -0.121590 -23.441089 0.592780 -4.385194 -5.109240 14.012048 -1.575522 3.780372 -17.796320 0.412425 0.868558 4.221675 -1.266812 -0.336132 -1.765359 2.186904 1.000000 0.000000 0.000000 0.000000 0.000000 0.000000 0.000000 0.000000 0.000000 0.000000 0.000000 0.000000 0.000000 0.000000 0.000000 0.000000 0.000000 0.000000 0.000000 0.000000 0.000000 0.000000 0.000000 0.000000 0.000000 0.000000 0.000000 
-1.576348 0.839396 -0.113247 -1.456182 0.144615 -7.989157 -1.647910 8.102029 0.729946 5.977945 0.271805 0.242881 -0.211490 0.488402 0.846251 0.539133 0.260577 0.415486 -3.366919 9.358307 -0.675743 0.821548 -0.043088 -2.482353 0.032530 -0.624416 0.885302 -2.339718 -98.671006 1.106174 -14.768991 -1.772242 -0.305128 0.385663 0.336548 -95.669449 -1.346959 1.107099 4.710038 -16.542666 4.932456 0.320823 -1.914683 -0.399343 4.663950 1.975777 0.010927 0.416762 0.088323 -0.434648 -1.898315 -3.024576 0.876537 -1.942140 5.919689 -2.829273 2.476697 -23.134263 4.013680 -0.649707 0.057699 0.629320 5.933467 0.091981 2.477153 0.038542 12.797169 -0.790466 0.707960 5.212199 0.414557 1.854767 1.153078 2.806857 -0.203716 2.137433 -3.513631 23.267906 0.633281 -2.559106 0.194262 -0.512672 -0.823460 1.979311 -6.206945 1.099505 -23.510482 3.898353 -0.987053 -0.456336 -1.828068 -5.768734 -1.247154 0.586565 1.625234 -1.356325 -2.477422 -0.239895 1.754114 -80.867351 1.624354 -0.764044 -1.914114 -0.360317 -0.206870 1.840548 0.906614 0.180432 -0.441854 7.675190 1.359155 -1.272160 -1.880246 -13.711963 -1.253468 0.534703 1.416677 -0.512985 3.690573 -0.797470 3.217813 -3.202789 -30.802721 -3.874389 11.490138 2.919073 -0.093107 1.617431 -0.310969 -1.852464 -2.263261 0.206614 0.227161 -0.008417 0.142395 -0.279457 0.031432 -0.226028 0.861563 0.785881 0.596332 -0.403313 1.827777 -0.103298 1.086674 -0.924678 -8.422321 36.725053 0.227017 -1.405924 -3.028063 0.586320 1.746236 0.631142 1.369327 -0.254890 4.046510 0.404228 30.567538 -0.705968 10.180855 1.032302 -8.869659 0.968443 -0.970427 2.544160 -0.039510 -1.317149 -3.726196 1.169440 -0.320496 -1.225846 0.766167 -0.646656 1.000000 0.000000 0.000000 0.000000 0.000000 0.000000 0.000000 0.000000 0.000000 0.000000 0.000000 0.000000 0.000000 0.000000 0.000000 0.000000 0.000000 0.000000 0.000000 0.000000 0.000000 0.000000 0.000000 0.000000 0.000000 0.000000 
-0.553695 0.803901 -1.681991 5.768724 -0.723980 -0.547262 -0.232865 -9.730247 -1.023151 -62.377113 -2.634491 -3.882847 0.897632 -5.078870 -11.742340 -3.287576 -2.704192 0.782886 -1.569012 1.600142 0.322988 -4.225315 -0.207861 1.888370 -0.812956 0.080989 -0.077314 -0.536480 -28.122769 0.310787 -0.445215 -0.047986 -3.827303 -1.664061 -1.574769 122.225200 1.686679 0.742088 -4.448130 40.407052 -7.426171 -1.011863 4.261971 1.441037 5.015108 1.211913 -0.663006 1.080124 -0.697185 1.517022 -0.219544 -0.461361 0.103108 -0.601315 2.356388 -1.983839 0.982839 -5.499605 1.665854 -0.557834 0.265394 0.628641 -18.574519 0.569376 2.641739 0.327503 4.783065 -0.294440 -0.551700 -0.804611 -0.344154 -1.369690 0.355526 -2.780785 0.251849 4.910983 -4.777488 22.563340 0.669562 -5.280369 0.522383 0.780833 0.473437 -0.209945 2.138519 -0.491021 10.183145 -1.714013 0.552287 -0.272562 0.786370 1.050262 0.380604 -0.144361 1.171796 -1.714077 -1.223944 -0.640754 0.545485 -33.927836 0.639928 -0.120885 -0.259176 -0.181632 0.021056 0.554373 0.841423 0.119221 -0.580153 -5.399441 -1.600107 -2.061640 -0.013157 6.176812 0.968871 -0.588339 -2.718696 2.244906 -0.356754 -0.127423 2.084637 -3.009757 -12.846452 -1.463529 -1.730506 1.211907 4.353721 5.091770 -2.098779 -2.015252 -1.482951 -0.571521 -0.739826 -0.486997 -1.564232 -12.602736 2.038196 0.869618 1.035299 3.262149 -4.618358 1.522614 -0.110536 0.907866 -0.767511 0.397112 20.858755 -75.466437 -0.609082 -1.071210 0.964963 -0.614404 0.115826 0.008378 1.388234 -0.654502 1.895031 0.351644 -18.792950 0.320680 -12.855503 7.383642 -6.642809 0.159799 2.402787 -11.038857 0.247180 -0.680068 0.829853 -0.163484 -0.332082 -0.730224 0.853129 0.114868 -4.414341 1.000000 0.000000 0.000000 0.000000 0.000000 0.000000 0.000000 0.000000 0.000000 0.000000 0.000000 0.000000 0.000000 0.000000 0.000000 0.000000 0.000000 0.000000 0.000000 0.000000 0.000000 0.000000 0.000000 0.000000 0.000000 
0.083457 -6.375298 -3.009705 9.875958 -1.243266 4.397162 0.952922 -7.414885 -0.682576 23.186079 0.952926 -6.553938 -1.688575 0.906579 -1.892516 0.266761 -0.412430 0.421390 -6.400457 14.918669 -0.421174 -5.327162 -0.261716 -1.324974 0.349250 0.006556 0.255073 1.356556 65.888704 -0.735476 5.119255 0.592465 4.126428 2.387595 1.735231 -161.979799 -2.207247 -1.484602 1.858330 -21.843482 4.346720 0.375920 -2.043962 -0.582065 -3.417465 -1.226319 -0.106680 -1.174070 -0.072339 -1.713560 0.932675 0.913996 2.400233 -0.736729 0.568308 -0.093804 0.362670 2.549250 -1.693814 0.888273 -0.859789 0.157723 -45.572235 1.524204 -1.236878 0.341173 -2.972831 0.328381 0.077554 5.701389 -0.192517 -0.427638 2.349966 -7.864656 0.688524 4.854327 -5.917685 27.976114 0.836133 -7.011505 0.666895 -0.097251 1.203009 -1.400442 1.987217 -0.519632 9.460980 -1.534729 0.589700 -1.112004 0.637565 -0.079362 -0.591697 -2.207663 -1.122378 0.754712 4.986308 2.245508 1.142886 65.230486 -1.421104 0.903990 0.432474 0.239812 0.691597 -2.368371 -3.120588 -1.682224 -0.148765 -4.144000 -1.055095 -1.154009 1.419750 5.742484 0.649512 -0.301551 -0.668576 0.075394 0.640799 -0.487056 -0.718797 -2.824651 -21.332973 -2.353589 3.077452 1.326695 1.809398 2.427401 -1.193601 0.494232 6.961284 -0.385448 -5.044137 -1.607162 -1.464588 -17.405902 2.449925 1.345671 -1.963988 0.124727 0.202428 0.300763 -2.604339 1.430480 -1.546565 0.789910 10.071941 -33.937859 -0.288186 -0.908654 -0.825079 -0.042222 -0.057544 -0.050641 1.963869 -0.915334 11.627336 1.776037 -8.695712 0.094675 -15.411873 6.879104 -3.620098 -0.196702 2.674743 -11.349094 0.280935 0.823735 -2.357726 0.695347 1.031562 3.132343 0.151902 -3.260465 16.128308 -3.166111 1.000000 0.000000 0.000000 0.000000 0.000000 0.000000 0.000000 0.000000 0.000000 0.000000 0.000000 0.000000 0.000000 0.000000 0.000000 0.000000 0.000000 0.000000 0.000000 0.000000 0.000000 0.000000 0.000000 0.000000 
0.638534 -1.012774 -0.058390 -0.405343 0.056188 -4.971726 -0.994168 8.772472 0.847982 8.237580 0.366164 -5.453975 -1.351719 0.758466 -0.222547 0.176350 -0.003043 0.143865 7.970455 -21.122232 0.345292 10.659238 0.485476 -0.992537 0.079604 -1.059460 -0.410137 0.571423 45.285178 -0.516653 1.786761 0.239110 -2.215267 -0.465596 -0.686013 -67.092283 -0.904647 -0.333251 -0.164865 -5.361398 0.274265 0.351848 -1.649552 -0.695955 -7.106204 -2.840734 0.344174 -1.338713 0.578320 -1.105678 0.394736 0.616977 0.714535 -0.266650 -0.466126 0.151498 0.316009 -3.526974 0.697939 -0.163520 0.180181 0.113967 -31.467071 0.841054 -3.740864 0.196228 -12.076288 0.759681 -0.114355 -2.811753 0.951092 1.503030 -1.143482 4.498156 -0.389653 0.194891 2.365586 -17.140870 -0.476535 2.568249 -0.195099 -0.244486 3.681629 -3.738791 10.825573 -1.854759 21.460377 -3.647693 1.078128 -0.607601 1.905852 2.957418 0.510991 -3.325832 -0.740259 -0.350203 0.926274 0.974617 0.937329 -59.338419 1.346869 -1.098125 0.253825 -0.637418 -1.725064 3.695537 3.314128 1.667793 0.176199 9.748973 2.343244 1.002748 -2.920455 -17.921862 -1.650954 -0.047170 0.597387 -0.367372 -3.005103 1.104685 -1.220917 3.203934 19.574181 2.249337 -2.591634 -2.354570 -4.913170 -5.447644 2.409346 1.326866 -2.366421 0.787690 1.740829 0.817912 2.540814 18.996740 -2.833574 -1.377030 0.097561 -0.123090 1.918457 -0.693790 -1.052766 0.001296 -0.181313 0.239867 -15.002612 57.241103 0.452441 0.561830 2.197762 -0.612926 -1.703569 -0.849214 -0.095504 -0.270775 23.153672 3.403674 23.494421 -0.723513 -17.498672 15.916403 -22.111366 1.825390 -1.473663 6.116565 -0.136501 -1.268400 -2.305790 1.065121 0.026339 1.646697 1.126892 0.602674 -3.961782 0.738884 0.123862 1.000000 0.000000 0.000000 0.000000 0.000000 0.000000 0.000000 0.000000 0.000000 0.000000 0.000000 0.000000 0.000000 0.000000 0.000000 0.000000 0.000000 0.000000 0.000000 0.000000 0.000000 0.000000 0.000000 
1.172118 2.132094 0.613778 -10.541242 1.226189 -6.970418 -1.403881 9.394986 0.834915 4.282500 0.224094 -1.756861 -0.723538 0.130498 0.023507 0.361226 0.141328 -0.207057 3.443227 -9.771004 0.393533 2.494149 0.120671 0.217181 -0.418718 -0.544299 0.167701 -1.354746 -96.964376 1.076342 -19.275282 -2.310491 -5.863535 -1.880603 -0.938904 4.838154 0.072148 1.007302 0.591853 2.291688 1.271702 -0.092532 -3.603656 -1.075048 -3.898534 -1.865030 0.604929 -0.714111 0.775674 4.419115 2.102749 1.468815 -3.932594 2.508868 -1.855519 -1.242086 -0.089298 1.685964 1.264466 -1.035521 1.370848 0.226042 106.494156 -2.693458 9.690289 -0.689524 41.583968 -2.613555 -0.429197 0.771349 -2.102966 -3.981230 0.140382 -6.403634 0.453910 -3.238758 2.886707 -38.471488 -0.889942 0.051333 0.124040 0.095275 1.668177 -2.706581 10.800350 -1.747162 16.961678 -2.888343 1.448025 -0.944135 1.180021 1.488696 0.025500 -2.584455 -1.479519 1.304889 5.738034 2.452420 0.465648 20.188817 -0.499146 0.495635 0.760684 0.538432 -0.328074 -0.309466 -0.630543 0.062112 0.463894 4.248172 1.018168 0.110139 -0.778807 -3.522754 -0.339152 0.311479 -0.421832 -0.290381 -0.210950 0.137624 -1.240600 0.132075 -4.751517 -0.538967 2.677561 -0.215058 -2.748875 -2.704458 1.355273 1.920987 3.746894 -0.504546 -1.478572 -0.338826 1.670255 6.177147 -1.050872 -0.366986 0.144068 -1.198030 1.484329 -0.659339 1.208329 0.459973 0.152172 -0.178531 -52.399007 196.671026 1.587229 2.708852 -1.850328 1.406222 -0.171013 0.669322 1.349301 -0.134175 -1.080710 -0.129732 7.062624 -0.154942 2.076957 -0.626443 0.401240 -0.160427 1.724792 -9.339194 0.243924 -1.901471 -1.848114 0.684866 -0.553505 -1.629646 -0.590250 0.325718 -6.185098 1.327239 -1.206384 -24.143248 1.000000 0.000000 0.000000 0.000000 0.000000 0.000000 0.000000 0.000000 0.000000 0.000000 0.000000 0.000000 0.000000 0.000000 0.000000 0.000000 0.000000 0.000000 0.000000 0.000000 0.000000 0.000000 
-0.869340 0.486128 0.278137 1.047864 -0.128420 0.184948 -0.032664 -2.428550 -0.243204 3.715194 0.175548 -0.988741 -0.265879 -0.441559 -1.839993 -0.010812 -0.378884 -0.042999 -7.593175 18.686167 -0.806066 -4.493090 -0.193988 -3.040825 1.224181 -0.933999 -0.658684 -0.244850 12.438603 -0.139654 -1.897505 -0.212873 3.188806 1.569549 0.885854 -62.002650 -0.838736 -0.452849 4.081062 -38.431966 6.949802 0.866663 -1.211297 -0.329868 0.676637 -0.090564 0.057767 -0.147796 0.443789 5.518131 2.226420 1.184880 -3.991495 2.602011 -3.602832 -0.479168 -0.325244 7.210657 0.555353 -0.955002 1.195740 1.005663 31.351503 -1.090048 2.145488 -0.227844 4.056158 -0.442110 0.140190 -6.084181 0.923737 2.363668 -3.101297 13.997853 -1.167874 -5.025739 6.238193 -27.435204 -0.847908 7.829247 -0.735656 -0.039594 -1.115624 2.386176 -7.749923 1.196657 -19.651663 3.350407 -1.292321 0.985316 -1.174853 -1.617056 0.495487 3.504430 1.567941 -0.821405 -9.230975 -3.428399 -0.597726 -10.762226 0.217723 -0.162119 -2.371528 -0.631139 0.561840 1.324441 1.610704 0.413815 -0.772174 5.941233 0.960946 -1.630481 -2.647395 -6.983857 -0.202626 -0.670792 -1.889145 1.131661 0.106128 0.033479 1.721856 -1.656636 -6.493140 -0.755949 -0.872892 -0.555562 -2.086609 -0.328037 0.547643 1.152729 1.206657 -0.943258 -0.163248 -0.292392 0.499181 -1.256272 0.257802 0.002212 0.498311 3.044039 -2.728579 0.910793 -0.091222 1.453892 -0.694860 0.145453 -27.446495 106.219788 0.849347 1.322168 -0.687974 0.559714 -2.829115 -1.072470 5.229989 -2.456314 29.941005 4.655803 -9.014056 0.118773 -34.211967 3.353730 17.929456 -2.928164 8.279641 -32.413904 0.787123 1.368093 0.672235 -0.288756 0.451920 -0.446811 -0.871966 -2.011562 7.163157 -1.248202 0.660985 11.076650 -0.494551 1.000000 0.000000 0.000000 0.000000 0.000000 0.000000 0.000000 0.000000 0.000000 0.000000 0.000000 0.000000 0.000000 0.000000 0.000000 0.000000 0.000000 0.000000 0.000000 0.000000 0.000000 
-0.437172 2.288915 0.193433 -2.552980 0.271798 -3.947513 -0.983334 -1.905562 -0.467810 -11.213887 -0.452133 4.592164 0.570002 -0.364964 1.557118 0.572870 0.390162 -0.119968 -4.035023 10.975136 0.538612 -11.793034 -0.599611 3.642610 -0.915562 1.844440 0.800301 0.085962 -78.694421 0.890843 1.766057 0.192732 1.968827 -0.237925 0.502669 114.589458 1.577104 0.121211 2.846851 -31.483564 5.117756 0.628884 0.382201 0.148991 4.621355 2.351880 -0.057761 0.972045 -0.721312 -3.647784 -1.497176 0.258459 0.853820 0.383919 -1.801173 1.180521 0.424119 -17.274264 3.726996 -1.042643 1.026963 -0.342008 118.017235 -3.079232 7.126266 -0.806077 34.709666 -2.114641 -0.576677 3.237412 -1.743418 -3.159331 0.864891 -10.943575 0.951713 10.961113 -10.043824 38.849612 1.228474 -11.895226 1.190527 0.426270 1.884471 -2.102558 11.053871 -1.620472 18.322112 -3.144282 1.313865 -0.293555 0.903294 1.688566 0.233973 0.789719 0.770700 -1.686031 -3.137715 -0.812033 0.121151 -18.939503 0.500434 -0.597105 -1.213626 -0.893608 -0.082137 0.372472 0.108409 0.025991 -0.202799 -8.758303 -2.082861 -0.858672 1.845367 11.201909 1.123360 -0.714287 1.529245 -1.193758 -0.128286 -0.028802 -2.865123 3.501161 25.223756 3.092038 -5.161769 -1.522633 -0.134722 -2.299424 0.514779 -1.503171 -9.239943 0.305644 5.463600 1.710192 0.105952 10.653125 -1.404630 -0.512621 1.727397 -0.936574 0.874544 -0.568755 0.261679 -0.687652 0.021739 -0.134123 17.265671 -73.215820 -0.535489 0.654754 0.316111 0.205073 0.388208 0.623485 -0.880804 0.769873 -26.408692 -3.870653 -21.042500 0.642969 18.840957 -11.633618 10.788021 -0.276087 -3.343679 14.557904 -0.333413 -0.950122 -0.330824 0.135418 -0.410985 -1.043194 -0.396302 0.358663 -0.696695 0.139247 0.735571 29.170187 -1.218945 0.776930 1.000000 0.000000 0.000000 0.000000 0.000000 0.000000 0.000000 0.000000 0.000000 0.000000 0.000000 0.000000 0.000000 0.000000 0.000000 0.000000 0.000000 0.000000 0.000000 0.000000 
-0.366275 0.380263 1.014684 11.915285 -1.344963 8.703322 1.748320 -15.020838 -1.345281 -20.330010 -0.875448 -1.356925 0.561345 -2.349528 -6.460414 -1.269247 -1.458203 0.282307 -11.946937 28.835942 -0.680998 -12.381331 -0.576556 -1.346703 0.628050 0.739751 0.288513 -2.047051 -62.063176 0.712734 2.539754 0.285168 2.616021 0.947273 0.509013 -31.881444 -0.454668 0.551877 5.213176 -36.743332 7.452694 0.792385 -6.467150 -2.159892 -8.712520 -2.118286 1.652990 -1.595487 1.030620 2.732525 2.274107 1.150504 -1.512665 1.442070 -1.513308 0.355539 -0.350976 0.489272 -0.325755 0.167062 -0.247869 0.532154 -50.448006 1.426275 -4.489669 0.235542 -15.344116 0.931514 0.198141 -0.399113 0.442407 1.166487 -0.225984 3.298319 -0.243114 -1.599995 0.019470 7.737344 0.170262 0.443267 -0.109120 -0.733429 -0.324891 1.038437 -4.264677 0.876819 -18.238891 3.014218 -0.872561 0.349744 -2.232506 -1.861170 0.138783 2.995844 0.656174 0.340632 -4.201253 -1.949150 -0.824047 33.950772 -0.644945 0.120488 -0.485808 -0.060851 0.817567 -1.698238 -2.609392 -1.339652 0.869970 -3.420043 -0.785824 -1.517415 0.500208 -2.736148 -0.033225 -0.308998 -0.828462 1.683765 -4.402204 0.977842 -1.967359 0.670897 9.567851 1.378892 -7.398772 -1.749067 -0.466601 0.411058 -0.076044 2.201585 1.634279 -1.730769 0.154032 -0.086106 0.269545 -0.257439 0.345710 -0.105322 2.204372 4.324144 -6.550461 1.926784 2.087331 -1.166045 0.416268 -0.192615 28.107521 -109.203037 -0.836202 -0.056275 0.079479 -0.314936 -0.309773 -0.213404 1.572058 -0.785693 -2.171939 -0.280196 -7.098898 0.182416 -4.080351 -2.916419 9.285247 -1.014215 1.319519 -4.513314 0.117345 0.827698 -0.168573 -0.047246 0.200348 -0.237616 0.320991 -0.415264 5.533010 -1.103341 0.901908 18.810178 -0.776040 -1.092061 -2.290317 1.000000 0.000000 0.000000 0.000000 0.000000 0.000000 0.000000 0.000000 0.000000 0.000000 0.000000 0.000000 0.000000 0.000000 0.000000 0.000000 0.000000 0.000000 0.000000 
-1.166765 3.592655 1.715620 2.750301 -0.274861 1.719475 0.161118 -4.801830 -0.553093 -9.415667 -0.418280 -2.005931 -0.214517 -1.040698 -2.349096 -0.653179 -0.452280 0.248474 -1.431824 3.329445 0.066882 -2.980957 -0.131535 1.976546 -0.598494 1.216972 0.735797 1.616743 -18.007522 0.207521 5.085490 0.584201 1.078126 0.259376 0.815182 -8.681923 -0.099831 -0.680975 4.620662 -49.645008 8.379513 1.172774 -5.608820 -1.974537 -11.420468 -3.043239 1.852813 -1.732977 1.235983 1.528047 1.368124 1.267797 -1.613307 1.270272 -2.573496 1.214829 -1.006229 7.212638 -1.334696 0.302146 -0.197512 -0.145767 -44.338875 0.833902 -8.440863 0.165516 -31.828913 2.011148 -1.691427 -8.761482 2.746889 3.850977 -2.297720 12.571454 -0.951485 -2.790661 2.168135 -4.534012 -0.209945 2.581565 -0.111177 0.251235 -0.812122 -0.068443 4.651251 -0.732135 1.823316 -0.333352 0.523754 -0.243500 -0.181787 0.620963 0.265777 -1.581844 -1.278954 1.436018 -0.393368 0.291521 0.160539 -21.272357 0.418049 -0.170763 0.399752 -0.121401 0.646884 -0.800573 -1.760227 -1.306864 0.478772 -1.257750 -0.295897 -0.141907 0.385514 1.017499 0.109847 0.370855 0.744938 -0.529681 3.083370 -0.609273 1.079560 -0.312444 -1.684158 -0.257421 2.242805 1.207809 2.196600 0.711228 -0.564972 -4.908029 -14.091140 0.694687 6.380289 1.838449 -0.983549 6.295579 -0.650992 -0.309159 3.200408 1.005084 -2.629330 0.378821 2.267693 0.379336 0.067713 -0.283144 -22.625486 80.272523 0.683556 2.139398 -1.279209 1.150239 -1.266959 0.116666 2.468539 -1.024668 -0.221121 0.211830 -29.955629 0.652063 -17.003070 -0.431369 13.267189 -1.882155 4.139112 -13.590859 0.298349 2.157152 2.720257 -1.128997 0.834224 1.986547 0.036551 -4.419667 20.367852 -3.886868 2.575706 45.497212 -1.882580 0.814698 2.218258 -5.395471 1.000000 0.000000 0.000000 0.000000 0.000000 0.000000 0.000000 0.000000 0.000000 0.000000 0.000000 0.000000 0.000000 0.000000 0.000000 0.000000 0.000000 0.000000 
-0.328401 -1.250345 0.198714 -3.377931 0.390158 -0.615692 0.000721 7.726644 0.927835 45.401433 1.888937 -6.493840 -2.007061 2.717535 2.848899 0.870747 0.600687 0.195061 -2.909593 7.577047 -0.321229 -0.518420 -0.076787 -6.916220 2.057894 -2.833389 -1.334752 -4.373509 13.393086 -0.148414 -7.673797 -0.814012 4.266193 2.664376 1.405981 -153.785133 -2.118246 -0.302608 6.896688 -48.001216 10.127970 1.034776 -2.550072 -0.567582 1.066334 -0.047773 -0.441233 -0.863079 0.316348 1.552193 1.438731 -0.415005 0.188282 -0.063713 2.371868 -2.013457 2.538358 -41.697462 8.525468 -1.992288 0.935119 2.299246 -147.928544 4.318342 -10.665417 0.636810 -37.646253 2.475500 -0.363761 -0.560456 2.118153 3.389114 0.349732 3.327573 -0.207486 3.546942 -3.616896 27.102928 0.689160 -3.267825 0.367737 0.241860 0.972896 -0.613179 5.096640 -0.613572 1.660121 -0.381345 0.373777 0.466530 -0.026334 -0.840952 -0.296151 0.261323 0.484420 -0.542809 0.598091 0.264675 0.084729 -89.016226 1.840414 -0.877134 0.056735 -0.034742 -0.734467 1.451269 2.515711 1.457519 -0.218643 -0.810286 -0.158150 0.701162 0.113560 3.372514 0.286707 -0.432863 1.270820 -0.525801 0.137039 -0.038679 0.130795 1.821385 14.594243 1.651612 -2.436015 -0.930603 -1.136808 -1.698968 0.763308 -1.136784 -5.006688 0.691112 2.778894 0.959267 0.085421 6.051031 -0.763781 -0.513673 0.831270 0.852590 0.686531 -0.329967 -0.789453 0.934831 -1.146631 0.385009 2.216149 -8.486170 -0.058179 0.203403 -2.861689 0.857435 1.792621 1.186547 -0.024110 0.707083 -18.851677 -2.864139 -8.631296 0.335434 17.262042 -11.604921 12.742595 -0.939142 -0.061345 2.020139 -0.079368 2.458870 2.972403 -1.146612 -0.067733 -1.407847 2.480087 -1.500684 10.785196 -1.945024 1.803535 39.648260 -1.640777 -1.323224 -4.276737 7.194496 50.602302 1.000000 0.000000 0.000000 0.000000 0.000000 0.000000 0.000000 0.000000 0.000000 0.000000 0.000000 0.000000 0.000000 0.000000 0.000000 0.000000 0.000000 
-0.135471 1.553248 0.424069 -6.405313 0.765272 -4.064508 -0.915089 6.834478 0.605954 -0.186209 0.043154 1.551589 0.089532 -0.380191 -0.308326 0.175102 -0.134219 0.201993 1.102313 -2.525570 0.552072 -3.479986 -0.154450 0.979361 -0.245459 0.358822 0.300422 1.018956 -24.825925 0.284259 4.569522 0.538958 -0.880233 -0.787529 -0.056551 -24.350420 -0.335342 -0.360890 2.218766 -29.437746 3.927092 1.029360 -4.274665 -1.721283 -10.926351 -3.680563 1.195903 -1.557334 1.256619 -1.589191 0.261185 1.469717 -1.376918 1.690534 -4.464699 1.958212 -1.193686 5.156021 -0.730089 -0.015423 0.393215 -0.808643 105.653770 -3.047968 3.407023 -0.737065 19.199816 -1.255301 -0.535569 -3.469167 -1.836757 -4.106916 -1.047882 -5.609349 0.359483 -4.824846 6.382342 -45.447718 -1.191753 5.385384 -0.481621 1.330074 -0.624830 0.531367 -0.618413 0.083546 12.029277 -2.051106 0.727738 0.331920 0.881434 3.763333 1.274324 -0.588069 0.113402 -0.628995 -0.846476 -1.268975 -1.303650 3.349846 -0.006624 -0.129791 0.844991 0.054295 -1.168824 1.931353 2.561264 1.609329 0.711198 -1.230526 0.066490 1.449228 -0.015843 -4.596219 -0.737659 0.565879 0.459033 -0.860461 -0.033703 0.250800 -1.551300 3.692872 22.986973 2.613486 -1.730633 -1.304980 -2.100633 -3.584461 1.339099 1.379986 -2.284715 0.572362 2.021906 0.760102 3.120643 22.229408 -3.530016 -1.193167 -0.640720 -3.465706 3.838436 -1.243035 -1.125308 -3.597297 1.510776 -0.140698 56.459936 -217.426494 -1.693426 -1.065144 3.902084 -1.864099 -0.807526 -1.293241 -3.920409 1.527689 -6.937166 -1.218807 19.069151 -0.361553 21.525672 -1.373828 -13.256092 2.137472 -5.489500 18.351773 -0.404861 -3.887275 -0.404069 0.724399 -1.054764 -3.134345 2.114840 3.339339 -7.309578 1.339681 -0.942363 -13.899881 0.579238 -0.715762 -0.175007 0.999354 -2.812775 -0.230443 1.000000 0.000000 0.000000 0.000000 0.000000 0.000000 0.000000 0.000000 0.000000 0.000000 0.000000 0.000000 0.000000 0.000000 0.000000 0.000000 
0.797773 -2.987143 -2.477399 -1.713606 0.107549 2.094560 0.555016 -4.563552 -0.335089 1.006889 0.011569 -2.237980 -0.281634 -0.552749 -2.388359 -0.186644 -0.344643 -0.133759 0.426033 -2.402681 -0.512159 5.486785 0.253882 2.008553 -0.953304 0.959291 0.753988 0.719756 -29.480633 0.325902 -4.487814 -0.578849 -2.476409 -1.110501 -0.779481 37.844301 0.513005 0.577420 -3.775630 37.945178 -6.315876 -0.965567 3.284827 1.181668 6.227642 2.206321 -0.382378 1.543838 -0.505232 2.594843 -0.662315 -1.456981 -0.862724 -0.732413 2.832125 -1.117180 -0.165516 18.669299 -4.107309 1.113546 -0.818132 -0.754956 32.656227 -0.897702 7.451047 0.151468 20.582736 -1.353576 0.530461 1.550314 -1.140391 -1.801376 0.194036 -1.715871 0.139597 6.009983 -5.674687 21.888205 0.702045 -6.755209 0.623997 -0.861749 2.074603 -2.525392 8.058065 -1.053110 5.774630 -1.060602 0.454053 0.205669 -0.272155 -0.435316 -0.332541 0.753951 0.363358 -0.419083 -1.140256 -0.272158 -0.156548 -30.266419 0.650290 -0.375173 -0.189539 -0.282367 -0.101942 0.602396 1.580998 0.952920 -0.201955 -5.033443 -0.972385 1.093794 1.603862 12.794787 0.933632 0.160197 0.660398 -1.380897 2.441708 -0.609105 -0.566923 1.523831 7.692601 0.830222 0.562490 -0.326498 -0.699888 -1.445484 0.351466 -0.792240 0.186409 1.713494 -0.359939 0.042430 -0.999133 -4.878745 0.492122 0.620148 -3.419754 -2.317249 3.618607 -0.686769 -3.829615 1.118668 -1.148944 1.013903 -9.217327 36.026203 0.268405 -0.419574 2.397200 -0.520024 -0.431324 -0.659320 -3.941411 1.063032 9.994650 1.369981 28.031990 -0.630398 4.219326 1.621932 -6.900985 1.123743 -4.654272 22.376296 -0.549522 0.040741 1.003977 -0.289838 -0.079266 0.875525 -1.409560 1.038077 -11.625818 2.258593 -0.772166 -11.243190 0.471928 -0.015581 -1.431685 5.687613 26.347347 0.551370 -0.128885 1.000000 0.000000 0.000000 0.000000 0.000000 0.000000 0.000000 0.000000 0.000000 0.000000 0.000000 0.000000 0.000000 0.000000 0.000000 
-2.046579 -0.822641 -2.484774 -1.912621 0.123168 -0.523986 -0.002797 -1.501218 0.038958 -17.261882 -0.755721 -3.807019 0.387174 -2.347290 -6.511262 -2.246477 -1.612039 0.606966 -2.439994 5.080071 -0.575281 2.168358 0.057669 -1.458387 -0.084061 -0.654114 0.017278 -2.270182 -46.316840 0.522682 0.572466 0.077430 -0.761972 -0.777916 -1.262614 91.844607 1.249227 1.007148 -0.977687 14.702548 -2.528118 -0.348631 0.273995 0.045222 0.993700 0.701379 0.201759 0.234702 -0.349666 1.959231 0.485358 0.335877 -1.346951 1.151173 -1.296442 -0.994847 1.172194 -18.403063 4.759171 -1.550394 1.242216 2.048492 -101.056795 2.706989 -9.619549 0.453779 -34.631218 2.251305 -1.496235 -6.682548 3.216839 4.370359 -0.682021 13.117478 -1.058941 -1.778449 0.641566 -13.378267 -0.294561 -0.438784 0.067547 -0.120312 0.422635 -1.365396 7.877317 -1.351820 10.121800 -1.710872 0.716073 -0.496078 0.495748 0.183861 -0.965432 -6.384230 -1.962125 0.266773 3.335504 2.276417 2.111123 -119.143209 2.429493 -1.111414 1.384237 -0.355323 -0.312073 0.419278 0.611143 0.126481 -0.107831 -7.897422 -1.564843 1.276139 2.182541 7.711076 0.611760 -0.048465 0.803131 -0.505236 -1.222332 0.280347 -2.380913 2.226849 14.373452 1.808199 -4.482573 -1.544225 -0.971924 -1.947286 0.556708 -0.715745 -3.889316 0.545383 2.164394 0.624811 -0.163176 2.702747 -0.407587 -0.287332 -0.073638 -1.198762 1.184774 -0.534422 -1.232293 0.069793 -0.942067 0.534105 40.327032 -157.993015 -1.180951 0.523246 -0.731011 0.135558 1.147467 0.360381 -3.254271 1.653654 -11.221468 -1.933454 24.639448 -0.425815 27.882850 -7.722187 -3.632768 1.211987 -4.588599 16.785901 -0.397557 0.466298 -1.389347 0.388950 -0.542176 -1.852367 1.861267 1.380361 -2.305120 0.453967 -0.517647 -7.002121 0.304708 -2.143845 -3.149389 6.057376 39.817695 0.683567 0.584451 0.628699 1.000000 0.000000 0.000000 0.000000 0.000000 0.000000 0.000000 0.000000 0.000000 0.000000 0.000000 0.000000 0.000000 0.000000 
0.287532 6.265914 3.188684 -1.196378 0.222299 -4.264031 -0.958623 -0.984453 -0.156180 -16.197771 -0.633205 1.725822 0.561543 -1.580396 -2.847726 -0.357480 -0.493343 0.260155 -2.219447 6.574137 -0.015723 -4.754272 -0.181189 1.796087 -0.357653 0.304646 -0.151888 0.702237 -26.561063 0.298034 5.258693 0.602985 -2.050724 -2.457005 -2.471912 315.094754 4.329647 1.062361 -8.309801 67.681779 -13.697665 -1.598851 9.893821 3.186500 13.926067 4.330425 -1.468105 2.761532 -1.344150 0.349063 -0.782554 0.041055 -1.545401 1.398999 -3.924806 2.137521 -1.599492 7.604391 0.121816 -0.779459 1.191451 -1.451016 257.410995 -7.302738 21.979374 -1.371213 75.697928 -5.083271 1.596036 0.099859 -3.598270 -4.529238 -2.496959 -1.612905 0.005534 -1.746208 5.720368 -48.423055 -1.223079 6.132003 -0.679835 -0.535910 3.380175 -1.531746 2.255496 -0.480606 3.944183 -0.629495 -0.483042 0.871683 0.735112 -0.130791 -0.216763 0.826721 2.134538 -3.593292 -6.597027 -2.583766 0.178756 -3.601624 0.077011 -0.050782 -2.638133 -0.213139 -0.130852 3.371768 5.373007 2.384565 -2.347541 4.009919 0.748026 1.343614 -1.450590 4.653129 0.423798 -0.446009 -1.137015 -1.155014 1.129897 -0.142941 -0.415249 2.053643 16.651720 1.854927 -0.926290 0.146798 2.095122 0.014718 -0.337896 -0.451359 -0.992674 0.279176 0.219009 0.146651 0.664922 5.031534 -0.863762 -0.031151 -0.794168 -2.888611 3.646242 -1.022217 -1.203055 -2.163835 0.662346 0.172400 13.075275 -52.383670 -0.417525 -0.563292 1.072170 -0.482870 0.580791 0.294928 -0.522750 0.273120 -22.001436 -3.202298 -26.532271 0.766237 12.493341 -11.790626 15.842399 -0.916802 -2.063264 10.023238 -0.239425 1.121580 -0.129211 -0.355568 0.169426 -0.111823 -1.029675 -2.346029 9.937344 -1.866041 1.467072 31.433294 -1.317235 0.477573 3.186717 -4.213312 1.679667 -0.033177 0.265929 1.137724 2.247492 1.000000 0.000000 0.000000 0.000000 0.000000 0.000000 0.000000 0.000000 0.000000 0.000000 0.000000 0.000000 0.000000 
0.384352 4.309402 2.912669 -1.488728 0.234714 -1.234112 -0.258623 2.133295 0.065227 2.593380 0.131006 1.849055 -0.214657 1.361366 3.141767 1.414508 0.631525 -0.184097 3.534288 -8.035414 0.727709 -1.035102 -0.063199 1.070591 0.036161 0.449011 -0.246079 0.355133 -2.808927 0.036142 8.128357 0.968045 0.150008 -0.624859 -0.574497 64.784493 0.879791 0.376743 -0.686694 6.472290 -1.881785 -0.116261 -0.399507 -0.297213 -1.787129 0.353755 0.654525 0.072618 0.316697 -3.319628 -0.828800 -0.412832 2.191310 -1.676864 1.627090 2.501371 -1.918118 30.341519 -8.970624 3.297194 -2.891578 -1.882894 -92.622638 2.350373 -7.992270 0.701652 -36.083529 2.338856 0.887873 5.579700 0.180463 0.226877 2.427731 -7.803500 0.694848 4.509535 -5.343172 40.604386 1.055936 -4.197132 0.335903 0.672398 -0.317400 0.614337 -1.850453 0.170842 2.759441 -0.459281 0.333365 -0.604238 0.153733 2.474603 1.632904 2.030732 0.542817 0.110739 -4.188440 -1.278144 0.714106 15.673408 -0.246173 -0.251857 -1.364377 -0.168818 0.265855 -0.953664 -2.813781 -1.664547 0.120820 2.317788 0.283081 -1.872040 0.089426 -6.136635 -0.547701 0.314394 0.067034 1.177010 0.082908 -0.214739 0.556953 -1.568149 -5.648036 -0.531165 -2.377192 -0.200173 -0.096630 2.699773 -0.661068 2.920837 6.902254 -2.232913 -1.955545 -0.840618 -1.354164 -14.533679 2.305042 1.014610 0.590058 2.498526 -3.537063 1.234449 1.172780 0.036459 0.163509 -0.537987 29.590746 -113.157466 -0.887373 -0.765172 1.656207 -0.921118 0.607464 0.014838 -2.255065 1.192074 -14.395536 -2.225496 1.806537 0.020667 16.483452 -3.181259 -5.294924 0.942279 -1.755614 3.219426 -0.067703 -1.675609 -0.691938 0.418817 -0.354836 -1.251164 0.551254 0.843801 -0.584523 0.090520 -0.200400 -0.653708 0.027273 -0.395505 -0.488651 -0.892643 -11.614332 -0.308778 0.442000 -0.206770 0.025511 -0.053647 1.000000 0.000000 0.000000 0.000000 0.000000 0.000000 0.000000 0.000000 0.000000 0.000000 0.000000 0.000000 
-0.651362 1.659884 0.382701 -1.282478 0.164924 10.802294 2.150641 -9.145645 -0.710087 13.326032 0.586108 -2.649009 -0.548492 0.090848 -2.697753 -0.295877 -1.091171 0.280085 -7.097088 16.547189 -0.395315 -6.784505 -0.317066 -1.513196 0.461697 0.203102 -0.074872 -3.222671 -74.230523 0.843305 -5.978348 -0.720414 1.019539 0.165761 0.138175 137.278584 1.862838 1.440505 4.410697 -27.021182 5.184774 0.539302 -5.358380 -1.882144 -6.100114 -0.637693 1.786472 -0.843992 0.946618 2.029639 0.933022 1.134684 -2.631659 1.870492 -2.398045 -0.479611 -0.237915 14.818041 -2.847973 0.605078 -0.243365 1.274415 -76.860387 2.188495 -6.960789 0.389428 -22.841270 1.535273 -0.268229 2.190834 2.324923 4.567626 0.997767 7.302753 -0.511009 0.835825 -3.727174 29.378205 0.763946 -3.461656 0.298203 -0.421723 -0.369026 0.382238 0.906775 -0.073039 -7.958976 1.331899 -0.263877 -0.659728 -1.637863 -0.690598 0.864789 2.307783 0.182381 1.266688 -3.857189 -2.058965 -1.367113 -4.125375 0.161409 -0.329251 0.397271 0.183138 0.038707 -0.334685 -1.038230 -0.475073 1.402473 -0.433802 -0.053763 -0.890184 0.067012 -7.929333 -0.702406 -0.092624 2.131130 -0.331833 3.358631 -0.886797 2.159911 -1.558773 -11.572488 -1.416634 3.789205 0.555013 -2.136287 0.201032 0.227845 3.835916 7.583972 -1.608091 -1.803508 -0.695495 0.417046 -2.988512 0.451913 0.138173 -0.155174 2.197398 -2.536296 0.951991 -0.102987 -1.459256 -0.121462 0.090247 55.529096 -209.453132 -1.679464 -2.387809 1.676417 -1.328827 1.680568 0.487910 -3.066346 1.423922 -22.702399 -3.410337 -17.824804 0.444284 15.013902 -2.014305 -7.047101 1.217268 -3.628007 13.890201 -0.328975 -1.127480 -1.030056 0.328265 -0.656455 -1.898437 -0.803779 2.088654 -8.855550 1.682455 -0.424938 6.392965 -0.281418 -0.177588 -1.639442 0.710005 -14.708537 -0.352871 0.395772 -1.161223 1.146656 0.180770 8.920637 1.000000 0.000000 0.000000 0.000000 0.000000 0.000000 0.000000 0.000000 0.000000 0.000000 0.000000 
0.565177 0.472722 0.033074 -0.814609 0.092920 1.579268 0.365489 -2.307498 -0.195667 -11.828994 -0.464394 1.689583 0.602848 -0.947535 -1.966448 -0.352541 -0.609549 0.362428 -2.461786 6.559847 -0.220856 -2.112117 -0.139572 0.972191 -0.722192 0.911499 1.205635 -0.621486 -88.605461 1.003300 -3.902904 -0.535588 -1.398768 -0.786145 -0.802421 134.304047 1.845975 0.492208 -4.375240 40.907001 -7.205382 -1.136516 2.857835 0.948083 4.245710 0.852252 -0.677303 0.387079 -0.202398 1.732180 0.878288 0.706083 -1.733187 1.258722 -1.821298 -0.203705 -0.310259 6.475851 -0.759088 -0.027890 0.176556 -0.127025 96.791044 -2.737019 8.096269 -0.638932 27.631466 -1.811231 0.889315 2.692288 -1.142322 -0.901847 -0.039105 -1.430332 0.080569 -1.972894 2.347350 -8.261437 -0.276266 3.458841 -0.360705 -0.067369 -0.921629 1.654205 -7.504175 1.170439 -14.521766 2.547469 -1.185146 0.181872 -0.496884 -3.427015 -0.907051 0.847811 0.485633 -0.090807 1.631349 0.086253 -0.611909 45.028836 -1.163747 1.347382 -0.344990 0.587583 0.881481 -1.977427 -1.024873 -0.043378 -0.320074 2.758144 0.977490 2.757746 0.815766 -2.058882 -0.657624 0.606784 2.117656 -0.673977 -3.295916 0.823496 -1.634134 0.899478 -3.617066 -0.447054 1.642169 -0.375915 -2.249733 -1.545582 0.881466 0.920863 3.440538 0.205951 -2.313261 -0.680069 0.053836 -7.176013 0.758655 1.085108 -2.540536 -1.676043 2.652266 -0.409795 -2.218919 0.129592 -0.002422 0.252519 -9.891111 43.103934 0.287613 -1.169805 1.793786 -0.668594 0.056963 -0.035019 0.165379 0.006443 1.969100 0.360205 -20.089934 0.351869 -11.499965 7.884548 -8.972412 0.680752 -0.267483 1.513086 -0.057453 -1.700904 2.910789 -0.681308 -0.802423 -1.397211 -0.657911 3.466716 -20.126329 3.886744 -1.560608 -18.688379 0.772744 -0.166386 -2.400114 4.738957 14.019775 0.278678 0.058553 -0.645503 0.996738 -0.027405 13.993074 -2.063857 1.000000 0.000000 0.000000 0.000000 0.000000 0.000000 0.000000 0.000000 0.000000 0.000000 
0.134632 -1.815038 -1.624997 -3.537935 0.353543 -8.477510 -1.744543 7.915930 0.522119 -23.232519 -0.938918 -2.683298 -0.269278 -0.578965 -2.585414 -0.660393 -0.887461 0.143272 2.661706 -8.419546 1.217158 -5.401414 -0.260854 0.188330 -0.305908 -0.616231 -0.323822 -3.225400 -64.930139 0.727617 -13.440667 -1.584364 -2.463152 -0.451574 -0.361593 110.022211 1.514151 0.657040 -2.413978 27.966052 -3.951643 -0.859138 0.326471 0.239537 0.692523 -0.120718 -0.665960 -0.286286 -0.906293 -3.448845 -0.334470 0.886821 2.817959 -1.044600 0.221197 0.082114 0.279830 -3.363800 0.771969 -0.306951 0.481281 -0.307175 67.823835 -1.654454 7.649805 -0.348116 29.898797 -1.828972 -0.159866 2.353810 -1.774467 -3.734845 1.291922 -8.889369 0.665482 6.006664 -4.518644 -20.259368 -0.185389 -8.985766 0.837267 0.520284 1.907289 -2.618914 11.716898 -1.782999 17.276479 -3.038834 1.265588 0.346255 1.609307 2.624789 0.177551 -0.016179 -0.002661 -0.533342 4.653256 1.155110 -1.128504 -10.335062 0.374865 -0.543759 1.531341 -0.364506 -1.015993 1.281731 2.709059 1.726404 0.529195 -8.075875 -1.946213 -1.655654 -0.001931 6.451782 0.966719 -1.018876 -0.542749 0.128670 -3.634210 0.943031 -2.436409 1.808053 9.549005 1.223472 -2.831710 -1.539548 -2.139467 -3.357137 1.212312 2.104070 2.906069 0.017622 -0.469421 -0.103449 2.062502 13.377153 -2.204170 -1.038213 -0.717200 -3.325393 3.319276 -1.200258 0.095690 -0.777919 0.283823 0.067422 -6.268767 18.711833 0.174675 0.927121 -0.110079 0.414437 1.294424 0.925020 -2.120321 1.057223 -8.321143 -1.304903 5.275998 -0.088547 11.083921 -2.690046 -2.165052 0.578892 -3.620403 19.720991 -0.486973 0.175319 0.373862 -0.219859 0.513081 1.822292 -2.703851 -2.563301 3.456813 -0.557307 0.836006 21.837246 -0.935994 0.877623 -1.153141 8.392954 63.479381 1.193597 0.349056 1.392693 3.035418 -0.241257 22.377703 -3.764332 1.717026 1.000000 0.000000 0.000000 0.000000 0.000000 0.000000 0.000000 0.000000 0.000000 
0.203085 2.746111 1.664578 9.934184 -1.100162 0.440857 0.034004 -7.465770 -0.778489 -28.231156 -1.213571 -1.351106 0.520143 -1.868298 -3.606566 -1.536723 -0.717898 0.210526 -2.180653 4.805976 0.127492 -4.314764 -0.209649 0.655849 -0.283141 -0.167391 -0.367454 -0.680697 7.938222 -0.088426 3.299636 0.427736 0.027042 -0.470275 -0.537758 143.291529 1.979515 -0.364090 -2.393804 12.739120 -3.613526 -0.268881 3.604478 1.106932 2.956142 0.421318 -0.691308 0.704755 -0.684339 2.334604 -0.366322 -0.877317 -0.324266 -0.233405 1.361468 -3.026254 2.056641 -19.774799 5.212011 -1.705705 1.370703 0.981097 77.046231 -2.223661 7.074799 -0.581321 22.602491 -1.522169 -0.287874 -4.746653 0.309195 0.957238 -1.901771 10.742330 -0.865810 1.397285 -1.434092 -3.160989 -0.000332 -2.743846 0.273232 -0.385145 2.702807 -2.758943 13.112253 -1.711197 -1.181753 0.048354 -0.054111 2.017550 0.172238 1.403496 0.358063 2.516020 -0.860779 1.622123 0.800657 -0.164654 -2.023809 51.899481 -1.294062 1.410374 0.087532 0.511283 0.611026 -1.953201 -0.388977 0.476871 -0.049560 0.194453 0.084493 0.048395 -0.859694 -0.188602 0.088430 -0.359692 -0.710333 2.509047 -10.854766 2.774212 -3.251484 4.003880 30.337302 3.699559 -11.964657 -3.531925 -2.647586 -2.805335 1.696106 -0.490637 -7.456281 -0.306831 4.405482 1.344673 0.687754 9.942820 -1.191811 -0.728559 3.006881 2.126915 -3.654698 0.803885 2.290754 -1.764324 0.559205 -0.297993 38.010154 -148.384987 -1.143105 -0.352180 -2.402937 0.356330 4.235448 1.900285 -4.001584 2.323361 -36.482735 -5.767837 22.337493 -0.352986 41.999192 -11.441930 -4.831817 1.539710 -6.897900 31.303580 -0.781205 0.979225 -0.378369 -0.119625 -0.128140 -0.469380 -0.530310 -0.428826 -3.398615 0.836803 -0.104807 8.507088 -0.381619 -0.297808 -1.020425 7.695787 56.116181 1.147453 -0.124257 0.764658 3.189753 -3.004101 -4.568621 -2.143752 -0.835031 -7.973208 1.000000 0.000000 0.000000 0.000000 0.000000 0.000000 0.000000 0.000000 
-0.755669 -0.213633 0.687144 0.523417 -0.038003 -1.358893 -0.423597 3.151486 0.264340 31.437911 1.349878 -6.230709 -1.982716 1.216404 -0.442991 0.472344 -0.098381 0.355291 2.395057 -6.254653 0.097066 3.354598 0.247742 -3.829557 1.888919 -2.350494 -2.031969 -0.575645 128.061125 -1.439408 3.429355 0.470394 1.152473 1.096986 0.616489 -141.057840 -1.918400 -0.959374 3.780966 -34.685112 6.689942 0.806719 -2.520226 -0.724423 -3.936663 -1.215145 0.419652 -1.024064 0.306360 0.969652 0.907003 -0.829909 1.514541 -1.150452 2.825818 -1.018522 1.218305 -17.893756 2.975892 -0.390043 -0.198706 0.999868 -156.950811 4.481953 -13.607025 0.740067 -46.407247 3.009513 0.269495 0.076030 1.582449 2.611388 0.905569 3.076691 -0.241095 -2.180450 1.749072 9.679435 0.093556 3.430598 -0.288783 -0.086182 -2.889462 2.597779 -10.259992 1.642276 -14.301010 2.528299 -1.061469 -0.044028 -1.267685 -2.275407 -0.411382 1.913817 0.320491 0.534453 -1.981371 -0.441787 0.383716 -1.677328 -0.239932 0.926395 -0.671718 -0.021402 0.678441 -1.532429 -2.237765 -0.988747 0.092686 3.959101 1.119281 1.424463 -0.218327 -10.658078 -1.279877 0.910199 -0.249265 0.388037 -3.158956 0.869195 -2.136275 0.905320 2.175176 0.347714 -1.928350 -1.404293 -3.098696 -1.566869 0.931953 0.497649 -1.616104 -0.005585 1.045269 0.396443 -0.229495 2.275153 -0.084414 -0.497894 1.114716 2.243379 -2.762290 0.781041 0.264901 1.645291 -1.200396 0.091933 -4.547057 15.192396 0.161711 1.440868 -2.245470 1.004286 -1.218586 -0.467230 0.356616 -0.458978 21.483296 3.194206 21.912749 -0.516567 -11.375808 1.140409 6.011610 -0.968434 2.491667 -9.790556 0.253469 3.127833 -1.410201 0.256591 0.628825 0.364969 -0.235555 -0.791097 0.119030 0.071671 -0.696258 -20.166250 0.808135 0.969122 1.856414 0.294392 -4.412452 -0.083368 0.041375 -0.156823 2.400302 -0.788661 64.404382 -10.104168 4.808208 0.425054 -0.151454 1.000000 0.000000 0.000000 0.000000 0.000000 0.000000 0.000000 
0.072356 5.100597 4.406072 -2.615342 0.430732 -1.853629 -0.639305 3.071165 0.123423 35.793332 1.540855 -2.498561 -1.724938 2.393317 4.467875 1.571505 1.111057 -0.781938 1.733504 -4.210181 0.755970 -4.203054 -0.088718 -1.875267 1.797968 -1.616905 -2.386818 -1.059156 108.152808 -1.217512 1.711350 0.282518 2.130889 1.568823 1.458931 -152.763044 -2.083136 -0.818254 3.752202 -29.218730 6.831967 0.381330 -2.332336 -0.468251 0.183995 0.842474 0.763544 0.212739 0.009792 2.390328 0.076417 -0.775493 -0.804367 0.088588 1.198944 -1.606191 1.183923 -15.267252 4.154126 -1.439617 1.203745 1.114207 -30.121215 0.946313 -1.203069 0.052308 -3.699352 0.268874 -0.371222 -1.331222 0.972394 1.548651 0.394690 7.467376 -0.606207 0.403957 -2.422303 -2.095767 0.073145 -4.699505 0.492634 -0.173949 -0.891440 -0.195729 6.073142 -0.582322 -10.932662 1.724069 -0.064551 0.761789 -1.252217 -2.164301 -0.796342 -3.450826 -1.689141 1.359043 0.366748 0.687043 0.359476 -38.784233 0.831545 -0.545572 0.364854 -0.160538 0.524040 -0.602726 -0.494886 -0.389895 0.244759 -4.749351 -1.090553 -0.366903 1.460455 4.366285 0.400456 -0.082693 0.474242 -1.651627 5.499949 -1.433009 -1.087239 -0.037649 -4.208346 -0.471428 4.146103 1.020590 0.570076 -0.853989 -0.120325 0.742157 2.824666 0.125947 -1.017995 -0.264230 0.494164 4.631968 -0.741189 -0.568020 -0.144449 -0.245366 0.026867 -0.193461 0.697202 -0.862628 0.444719 -0.151558 13.107130 -50.815381 -0.395466 -0.230425 -0.561433 -0.092000 -0.690075 -0.594518 1.529122 -0.892253 18.939145 2.784966 20.244583 -0.533178 -10.211095 4.353146 -1.913240 -0.241177 1.955298 -7.714999 0.194404 0.306872 -1.403635 0.449172 0.975138 2.630973 -0.337083 -3.181818 20.091980 -4.036672 1.195009 5.878466 -0.236995 0.999253 4.170015 -11.907605 -56.693798 -1.155943 0.078650 -0.361509 -0.608648 1.155813 36.468544 -5.219871 3.295433 4.568202 -0.673285 0.627603 1.000000 0.000000 0.000000 0.000000 0.000000 0.000000 
-0.158965 -6.162083 -4.014576 -4.982480 0.481000 -1.726316 -0.163018 6.209087 0.760247 -7.557921 -0.324293 -4.138876 -0.071089 -1.367905 -5.185980 -1.611556 -1.384157 0.541365 -5.470230 11.745390 -1.074607 2.544713 0.101087 -4.758666 1.006078 -1.483287 -0.329336 -1.704903 -7.473373 0.087917 -4.358485 -0.494824 1.416774 0.908313 0.003253 -40.317672 -0.580721 0.064773 -0.772599 6.727938 -2.160759 0.223425 0.124151 -0.177300 -2.346481 -2.005429 -0.741225 -0.446723 0.359787 4.349961 2.488406 0.597935 -0.719455 -0.196520 0.838820 0.211698 -1.545236 32.684103 -7.763095 2.359792 -2.082155 -0.035469 -204.137315 5.319522 -11.448281 1.448748 -60.548845 3.717507 1.644091 -1.101505 2.278143 4.643383 -0.562364 10.738870 -0.858151 -1.367983 1.350899 20.129017 0.330612 4.334485 -0.530345 -1.232620 0.036164 0.374533 -5.791885 0.931208 -12.358501 2.078081 -0.961177 1.048581 -0.182566 0.885989 0.700119 3.733628 0.240287 0.735328 -5.831133 -1.350070 0.214539 47.721403 -0.771728 -0.402043 -1.518617 -0.424704 0.304863 0.021106 -1.067171 -0.796167 -0.440155 7.109783 1.435386 -1.341452 -1.962873 -8.696806 -0.595371 -0.331928 -1.376274 2.075049 -5.911800 1.456901 -0.404905 -0.205873 0.487774 0.140558 -4.657404 -1.348831 -1.777629 0.601688 0.445877 1.052795 1.806210 -0.970740 -0.177917 -0.176503 -1.267901 -10.902969 1.789500 0.629972 0.626774 2.658788 -3.301781 1.098441 0.732973 1.556357 -0.329750 -0.173086 -29.302831 113.756108 0.898956 1.036636 -1.332114 0.836789 -0.402680 0.018156 0.640106 -0.387004 6.754406 1.134677 -7.856713 0.166279 -12.710115 -2.156162 14.557812 -2.135990 5.012566 -16.289302 0.377658 3.494452 -1.293276 -0.003537 1.304449 2.880764 -0.606851 -3.968935 14.754152 -2.755472 1.795238 22.736559 -0.937463 -1.018465 -5.857347 8.324414 44.334483 0.929870 -0.263309 -0.249302 -0.416636 -0.093156 -45.161882 6.833753 -3.646752 -1.995541 0.451661 -0.994200 -2.292142 1.000000 0.000000 0.000000 0.000000 0.000000 
1.540762 4.148354 1.954442 -14.805298 1.770991 -7.853012 -1.562473 10.982320 0.907525 -23.581694 -0.915344 5.611963 1.265241 -0.580656 1.764224 -0.164505 0.152735 -0.238309 6.833039 -16.594513 0.447195 6.905185 0.314116 0.771705 -0.096276 -0.211096 -0.436997 -1.959767 -23.439929 0.257950 -12.951164 -1.522161 -1.403192 -0.407272 0.150596 -20.285194 -0.277608 -0.107656 -0.391423 5.555838 -0.567460 -0.157667 0.362509 0.188691 2.689169 0.702360 -0.010389 0.759730 -0.355708 0.893574 -1.444883 -1.243376 -0.678865 -0.376746 1.987086 -2.387917 1.266785 -5.119478 2.286588 -1.120661 1.317946 -0.160873 164.866947 -4.410547 12.672755 -1.082842 52.141430 -3.429788 0.566161 0.858643 -3.206381 -4.930926 -0.420570 -3.585905 0.202647 -4.183759 3.282024 -39.240295 -0.894242 0.389165 -0.056319 -0.274225 0.916920 -0.619752 1.067211 0.003108 -2.878579 0.440705 -0.293588 0.872120 0.108676 -0.954202 -0.693318 -0.223603 0.117767 -0.744666 -0.114300 0.328762 1.050345 5.760412 -0.352461 0.837213 -1.817642 -0.399845 0.420407 -0.313185 -0.052605 0.223201 -0.493706 -1.003380 -0.261525 -0.231943 -0.052001 -0.665434 -0.090763 -0.171658 0.442751 0.802214 -6.892871 1.719113 -4.152472 3.943505 26.579949 3.332544 -10.480609 -4.462388 -6.474990 -5.193628 2.640392 6.674270 9.283810 -1.643739 -1.247653 -0.168879 2.075624 13.055055 -1.750680 -1.350820 0.836452 1.720204 -2.006997 0.425856 1.421479 -0.107675 0.191158 -0.191002 -5.719131 17.007858 0.172339 1.274876 0.621278 0.046880 0.105579 -0.132071 -4.189733 1.333956 -1.140262 -0.219224 23.720640 -0.520713 8.022780 -1.071245 -2.984914 0.396162 -1.846825 11.212766 -0.264359 1.257724 -2.888857 0.729468 1.177156 3.240466 -0.348520 -4.354442 17.041072 -3.213082 1.699371 19.804124 -0.820101 0.290751 -0.841397 4.429449 41.298325 0.765546 0.309157 0.527396 2.828215 -1.636267 -29.263032 2.941654 -2.706691 -5.698503 0.894140 -0.804389 -1.789379 0.768700 1.000000 0.000000 0.000000 0.000000 
-0.825371 -0.749777 0.267411 -6.108085 0.704201 -6.154710 -1.260781 11.573104 0.990118 18.523196 0.806069 5.608202 0.251193 2.932110 9.159027 1.989222 2.038173 -0.935795 3.999873 -7.525259 0.437374 0.708740 0.062873 0.774847 0.447250 0.558344 -0.417381 0.100213 -0.042565 0.003754 4.849540 0.597107 3.766037 1.118700 0.651151 47.546930 0.633557 0.415893 0.080348 0.055577 -0.140007 -0.008027 -0.479024 -0.219237 -0.353267 0.039695 -0.146319 -0.208467 -0.588898 -5.347937 -1.551703 0.921249 1.530507 0.058138 -3.064145 3.246531 -1.665414 7.130206 -0.916310 -0.163725 0.765118 -1.361093 128.826111 -3.739058 5.630085 -0.753657 25.426618 -1.590307 -1.366364 -1.813189 -0.512264 -1.611923 -0.500389 -3.447349 0.333485 6.990337 -6.844142 22.288962 0.767526 -8.627678 0.835463 0.442270 3.077993 -2.760757 10.071040 -1.648521 21.344333 -3.612817 1.235659 -0.551593 1.521835 -0.446579 -1.005788 -1.937091 0.467337 -2.002736 2.727787 1.503562 1.384466 21.736667 -0.385450 -0.001096 -0.271177 -0.137258 -0.285398 0.428467 0.534821 -0.063860 -1.410583 -6.165767 -1.896680 -2.092674 1.034907 15.049901 1.721233 -0.864059 -1.882288 1.146598 -1.410103 0.104481 -2.166756 0.616431 12.395210 1.725460 -8.913946 -1.860372 0.393091 1.488069 -0.664749 3.221829 5.986023 -2.125395 -1.496917 -0.798067 -0.819915 -9.482490 1.390711 0.928146 -0.486058 -0.370181 -0.428878 0.303836 -0.244319 0.881397 -0.326529 0.037735 -2.332047 6.565093 0.081908 0.809601 -0.323189 0.247649 0.331536 -0.039632 -1.489078 0.599951 -1.772124 -0.350818 12.720346 -0.167405 10.334525 -10.134970 14.858041 -1.229222 -0.449350 6.579736 -0.173008 2.677261 0.361033 -0.496114 1.431774 4.296280 -2.631876 -4.534052 13.510487 -2.565569 0.711079 -0.235559 -0.019968 0.965779 -0.618044 11.680655 85.380843 1.834814 -0.724494 1.382971 -2.153343 -2.986292 -43.492941 4.199134 -3.514614 -6.804393 0.894346 -0.406086 -1.207479 0.647612 -0.563423 1.000000 0.000000 0.000000 
0.884524 0.477988 0.104962 -4.950375 0.560695 -13.102801 -2.635540 11.195941 0.837081 -28.840170 -1.137038 1.952277 0.490756 -1.117982 -1.117117 0.189634 -0.170275 0.192645 0.734901 -0.655930 0.758289 -6.247687 -0.335198 1.617024 -0.790873 0.255941 0.391310 -1.100054 -70.163149 0.788835 0.510941 0.084457 0.530416 -0.682007 -1.012520 166.194063 2.274500 0.831212 1.122779 -9.784464 0.683367 0.378888 -0.070345 -0.189300 -2.051028 -0.548801 -0.138971 -0.643902 0.188182 -0.894364 1.000638 0.703204 1.080927 -0.430881 -2.060541 4.074113 -2.872907 23.769393 -6.161905 1.966376 -1.547708 -2.728407 81.978249 -2.983296 4.981759 -0.211481 4.081430 -0.505574 0.990403 -5.234898 0.989251 2.869836 -3.880621 12.796230 -1.049390 -1.632108 5.857083 -11.254954 -0.541749 10.308960 -0.962927 -0.931233 2.619313 -1.972682 3.859717 -0.790958 3.114449 -0.461172 -0.327379 0.152775 0.591996 1.243243 0.898022 4.298908 0.813080 0.637502 0.075832 -0.672106 -1.788595 16.987439 -0.485688 0.754543 0.183600 0.862079 -0.286490 0.188801 1.119471 1.039775 0.155299 0.346255 -0.296797 -2.490892 -2.485287 -0.417341 0.469248 -1.054584 -1.657450 2.734902 -4.734675 1.158156 1.276536 -0.308853 2.233606 0.234941 -3.440627 -1.102076 -2.043355 -0.735372 0.919737 -1.521876 -5.161446 0.300569 2.268236 0.784546 -0.974046 -1.318912 0.519073 -0.160620 1.657827 2.750051 -2.122798 0.532164 0.876277 2.787420 -1.343477 0.109277 -43.077254 165.251505 1.319305 1.741952 -2.495273 1.265654 -1.032884 -0.232377 2.408628 -1.249528 19.582799 3.022933 17.315751 -0.452428 -14.036872 1.972026 6.662266 -1.345046 4.445572 -15.941582 0.379843 0.774635 -1.395989 0.311893 0.419080 0.299399 1.582439 -2.982196 17.019968 -3.199793 1.740329 28.300290 -1.149537 0.496392 2.037326 -8.623271 -35.828919 -0.705944 -0.134805 -0.200989 -0.655106 0.985729 -2.173643 -0.077385 0.444773 3.479126 -0.350891 -0.330765 0.139688 -0.110149 2.610812 -3.222199 1.000000 0.000000 
1.728233 4.773450 4.704808 1.076790 0.016058 3.315729 0.672760 -2.538949 -0.180407 34.841312 1.469692 -0.646263 -1.061246 1.922061 4.237675 1.590620 1.334914 -0.731595 1.194413 -2.433633 0.005844 1.302685 0.100431 0.599683 0.246318 -0.200443 -0.396738 1.275523 31.343521 -0.358026 -1.184372 -0.136257 0.524132 0.386062 0.623945 -66.989289 -0.886954 -1.357195 -0.921399 -7.603956 0.614649 0.211339 -0.000826 -0.062438 -2.142562 -0.663436 0.282909 -0.080012 -0.060820 -0.666412 -0.359720 -0.317211 1.002310 -0.355225 -0.559998 -0.970250 0.812783 -8.375169 2.677023 -1.099074 1.220073 -0.178334 148.041802 -3.887889 10.426073 -1.084877 46.773562 -3.030789 0.577173 -0.123755 -3.112055 -4.976833 -0.405665 -3.696634 0.157886 -3.287833 4.612964 -68.298396 -1.558427 0.446184 -0.042848 -0.124285 1.500809 -2.641569 11.359855 -1.534399 4.691636 -0.913838 0.501559 1.270093 0.540820 1.998921 0.471684 0.654796 -0.707305 0.836194 0.235546 -0.131227 -1.437312 24.611740 -0.464207 0.147447 0.625191 -0.331410 -0.191817 0.199739 0.906413 0.719711 0.382522 0.175956 0.218846 0.911230 -0.315878 -2.039824 -0.211351 -0.120267 0.032549 -0.467895 0.372265 -0.016469 -0.189674 0.346520 1.059840 0.110387 1.277205 -0.668068 -3.073613 -2.098898 0.914726 1.700884 1.442000 0.020194 0.317075 -0.045743 0.767807 4.267692 -0.977969 -0.054997 -2.104847 -4.725507 5.446001 -1.594319 -2.332252 0.747376 -0.609734 0.718262 -29.164921 108.503911 0.864568 0.981764 -0.903436 0.914574 0.164658 0.524905 0.777847 -0.169512 -0.406582 -0.121571 5.994170 -0.145980 3.206896 1.304477 -5.301156 0.890277 -3.306719 15.085834 -0.369174 -2.246637 1.707692 -0.449552 -0.544908 -0.269156 -2.932924 1.994728 -18.216790 3.535984 -1.318476 -7.079261 0.286958 0.711367 0.216025 5.390970 33.351609 0.708233 -0.227638 0.297067 0.303941 0.034258 -19.780241 4.863201 -2.181373 -1.492224 0.269120 -0.399631 -0.731886 0.339690 -3.544693 3.392885 -0.536512 1.000000 
0.851672 -0.327854 -0.221273 0.284821 -0.449118 0.053771 0.506473 1.006781 0.295639 -1.495040 -0.726285 0.419249 -1.775034 -0.455496 0.587003 1.242830 0.224733 0.502082 0.342806 0.352872 0.120809 -0.996126 -0.915092 0.089832 0.360062 -0.041681 0.233500 1.410860 0.506528 0.579835 -0.946099 0.438058 -0.418400 -0.879833 -0.754802 0.811793 -0.626835 1.130416 0.795404 -1.275077 0.417821 -1.952927 -0.886516 -1.063910 0.108037 -0.558184 -0.692858 -0.442677 -0.328629 1.118311 0.492267 -0.689591 0.666264 -1.154821 0.114551 0.145895 -1.003404 -0.459842 0.189758 -0.762994 0.529098 0.633300 -0.583829 0.508812 -0.145962 -0.760180 -0.811165 1.241608 -0.196602 -0.570997 0.937085 -0.256949 -0.908467 -0.067661 -0.859257 0.520726 0.514673 -0.223368 -1.660749 0.466829 0.698159 -0.156585 2.662994 -1.250724 1.400243 0.563663 -0.180921 -0.039254 -1.101517 1.817438 0.500278 -0.465292 -0.990120 0.889903 0.083619 -0.359575 0.345138 1.144669 0.542226 -1.205694 1.709933 -0.231172 -1.665176 -0.900982 1.326319 0.121156 -0.445782 0.289355 -0.761035 -0.085445 1.635460 1.098653 0.583403 0.072366 0.147300 0.051649 0.618501 -2.217366 0.709567 -0.854599 -0.677549 -0.956898 0.262083 -0.353239 0.765676 -0.994441 0.027159 0.824251 -0.314651 -1.607285 0.278780 1.163971 -0.298463 0.626933 -0.482851 1.420439 2.879300 0.335971 -0.616188 -0.804517 0.793055 0.095818 -0.972411 1.091879 -1.089790 1.214244 -0.672031 -0.106647 -0.952489 0.459724 -1.130366 0.351244 -1.823606 0.002415 -1.419895 1.112289 1.177235 -0.187367 2.066660 -0.370200 -0.399863 -0.104477 0.604490 0.200622 0.723294 0.673395 -1.444970 -0.233618 -0.281663 0.678477 -0.543578 -0.829838 -0.432963 1.336454 -0.126860 -2.943432 1.934270 1.674127 0.626276 1.207864 0.825603 -0.828035 0.067930 -0.740630 1.498592 0.790781 -0.970216 -0.568269 -0.977504 -1.903412 -0.826517 0.589933 0.542987 -0.371843 -0.191915 0.017141 -1.466182 -0.462101 -0.055798 -0.815357 
0.000000 0.317203 -0.500981 0.476365 0.476770 0.074151 -0.360091 1.396997 -0.197723 1.144604 0.839858 -0.199921 -0.852228 -0.805922 -0.048236 2.544977 -0.097183 -0.315114 -0.299127 2.051918 -0.962979 -0.687932 -0.218838 -0.527316 2.136486 0.423590 -0.097003 0.548261 -0.799737 0.818145 -2.239653 -1.135512 0.131186 -0.601168 -0.562019 0.289261 2.020591 -1.915180 -0.009112 1.364306 0.710492 -2.366300 -0.978374 -1.590687 0.025670 -0.663023 1.004345 -0.174161 0.114109 1.312511 1.251521 1.545194 -1.011619 0.318602 0.193777 0.508654 0.646945 0.932268 0.728620 -0.130677 -0.110562 -1.003616 0.345038 -0.979911 -0.963253 -0.755723 -1.182927 -1.294291 0.261009 0.849280 -1.497123 -0.795069 1.420441 0.006098 -0.645568 -0.271742 0.398070 0.598012 -1.573709 -0.397021 1.458158 0.264508 -0.793647 0.055198 0.262322 0.622050 -0.454624 -0.525828 -1.515767 0.312354 0.836283 -0.082867 -1.080626 0.448624 -0.863619 -0.345719 1.418408 0.334512 -1.135969 -0.157171 2.997697 -1.306573 -0.767830 -0.715342 0.318223 1.470511 -1.298780 0.458833 -0.982143 -0.198743 -0.296339 -0.366000 -0.445798 1.862717 -0.772146 0.683539 0.648387 -1.479642 -0.568142 -0.727701 -1.663783 0.685273 0.167921 -0.361640 0.767172 -0.997013 0.310174 -2.014030 2.117650 -1.278000 -0.263132 -0.437502 0.231730 -0.042927 -1.589354 -1.795158 -0.265457 0.738359 -0.155531 -1.745826 -1.303883 -0.380160 -1.407755 0.832677 -0.023511 1.227854 0.336496 1.256624 0.482713 2.012210 0.250910 0.943975 -1.275488 -0.211675 -1.175480 0.535888 -1.929843 0.636288 0.101093 -1.415779 -0.945684 1.508420 0.455632 1.076304 -0.424581 0.303279 0.133650 -0.450812 -0.477334 -0.592502 0.446402 0.408813 0.645339 -0.119243 0.015933 -0.426707 0.639465 0.133392 2.113862 1.243232 -0.595870 -0.467373 -0.195755 -0.610275 0.601697 0.033946 -1.751832 0.230216 -0.008152 -0.573988 -0.117445 2.018355 0.287177 0.173580 0.257791 1.341686 1.311685 -2.173443 -2.675998 -1.268538 
0.000000 0.000000 0.860896 -0.532287 -2.379918 -0.671352 0.915109 -1.228723 0.430403 -6.573833 -3.340671 1.000337 -0.173392 0.299686 0.583467 -7.475908 0.626599 0.228379 0.021275 -4.972497 2.158823 -0.471825 -0.421255 3.204938 -6.396672 -2.907176 1.301927 1.935388 3.684784 -1.622220 4.026589 2.331550 -1.667706 -0.076344 1.441474 0.140266 -7.332303 7.795164 2.340430 -5.966323 -1.228209 2.277309 1.999779 2.964357 1.934104 1.569414 -3.877871 -0.791173 -1.385397 -0.914288 -4.234654 -6.743897 4.047674 -3.229549 0.341854 -0.527903 -4.006306 -3.462360 -1.687289 -0.451213 1.456788 2.873158 -2.101251 3.390575 3.902849 0.775002 1.622507 5.362752 -0.488645 -3.386647 6.162878 2.040423 -5.386498 0.099951 -0.237227 1.031108 -0.138828 -1.696298 1.526458 1.757448 -2.667784 -1.026344 7.920727 -2.607506 2.749211 -1.301935 1.210476 0.656805 1.622280 3.495138 -0.806002 -2.085233 0.264624 0.739160 2.808271 0.463848 -1.512689 0.480150 4.069488 -2.919790 -5.818839 2.816265 -0.668426 2.381092 3.332869 -6.171694 3.603608 -1.655563 1.301495 -0.139245 2.308381 3.720346 3.631245 -3.626946 1.468247 -0.652011 0.290583 1.100799 4.174526 -1.221509 2.666185 -4.536188 -1.696190 2.219409 0.097458 2.520159 -1.089549 7.525043 -9.659901 0.039819 1.685415 3.616139 -0.741249 1.440406 5.550147 7.725688 5.862947 -1.823282 0.059403 3.477340 5.912964 2.270143 1.364279 -1.043711 -2.315907 -1.610918 -1.225222 -2.808779 -1.676307 -4.522682 -2.392749 -1.652302 0.234096 -0.860511 2.059293 1.208325 7.649322 -1.216825 2.886083 3.076569 1.402762 -6.778378 0.348291 -1.989843 3.014807 2.121575 -1.888781 0.329418 0.812523 3.983931 -2.193779 -1.330252 -1.540560 0.912398 -1.460059 -4.624451 1.298757 2.953463 -5.139007 0.542506 2.492412 -0.037712 -0.351970 -0.502720 0.395583 0.203121 5.826962 -3.079572 -2.386386 -1.682466 -0.007747 -3.828298 0.154754 -0.885172 -2.212657 -4.115543 -5.934192 6.702377 7.034466 1.782667 
0.000000 0.000000 0.000000 0.202197 6.463951 2.518495 -3.360833 -2.387435 -0.800532 20.307551 8.666670 -2.910619 4.816575 2.640459 -1.513388 14.832792 -0.563907 -0.200532 0.260945 9.642584 -4.545129 4.156041 2.312782 -10.263314 13.669785 9.306457 -6.766864 -10.862849 -11.370596 1.340075 -3.774854 -2.117859 6.845041 4.515790 -2.925307 -1.753321 18.806828 -22.650707 -11.516009 16.929189 1.282042 3.644067 -2.338220 -5.599033 -7.449158 -4.605791 11.223970 3.071661 5.241633 -5.011536 9.720952 19.907649 -13.002900 11.420212 -2.137062 -0.280327 12.635231 10.135370 3.065620 3.581087 -5.675428 -6.618291 6.455635 -8.645179 -10.432717 1.423800 0.083106 -14.154750 0.396402 8.425306 -18.161196 -4.719335 15.877426 -0.622438 5.309743 -3.812811 -3.097934 3.297158 1.411510 -4.805639 1.957384 4.075702 -30.232444 11.717004 -12.155879 1.981880 -2.610854 0.206677 2.335324 -17.179124 -2.665860 9.022326 5.613947 -4.008949 -7.797764 0.436382 -1.362399 -4.306017 -9.921178 12.687004 6.322435 -5.129624 8.654876 -5.893156 -15.968084 18.060209 -8.164284 3.385770 -0.208039 2.813245 -9.210203 -14.097909 -11.625313 3.706470 -3.036056 0.397100 -4.350401 3.751768 -14.587418 9.517211 -1.782308 16.671657 5.371667 -8.223100 -5.525135 -5.784102 3.493320 -21.372632 26.238371 6.676100 -6.261120 -13.878472 3.080206 -7.157131 -14.205211 -22.925494 -24.210898 3.627039 0.509676 -3.610818 -19.106439 -7.291044 3.283942 -0.950177 9.815858 -1.212346 4.424299 3.797657 4.055432 6.930818 9.405097 2.789134 7.149143 3.870532 -0.667944 -7.045597 -22.447885 3.138713 -12.641132 -4.961901 -0.634477 18.184928 -4.824892 3.262641 -9.581648 -11.483473 10.517155 0.980523 -0.060345 -14.694955 7.640728 5.969557 4.238082 -4.903133 6.894359 23.767083 -9.073217 -13.644308 10.432605 -8.617679 -5.754534 2.736156 1.832854 5.761657 -5.185514 -1.254498 -13.983539 12.612875 11.045828 11.000929 1.346193 3.305141 -0.544836 2.671487 7.605218 8.990331 19.497563 -17.082876 -15.984240 0.345326 
0.000000 0.000000 0.000000 0.000000 55.913405 20.891741 -28.245175 -25.007903 -6.975743 176.850521 74.235354 -25.515462 44.434031 26.838642 -13.193085 126.928693 -5.158885 -0.169817 3.963191 79.060050 -36.996710 40.454302 21.372101 -89.061076 115.534964 81.254995 -59.724010 -98.198878 -100.149397 10.015228 -27.018497 -16.839680 60.382137 41.512827 -24.894647 -16.728681 159.124232 -196.222187 -100.932404 145.452384 9.762922 37.737257 -19.631364 -45.857523 -67.041812 -38.226902 96.900727 26.394432 46.805187 -47.384038 82.590747 171.100688 -110.367683 99.559674 -19.479344 -4.171841 109.503869 85.805265 25.716976 29.818408 -49.636420 -55.508448 56.799201 -74.240157 -89.381476 14.418379 3.232105 -120.579599 2.037633 72.049360 -157.911458 -40.181735 135.746667 -4.702732 47.505091 -31.311476 -28.939086 29.107062 16.028668 -40.731160 12.673662 33.146602 -264.619998 102.779123 -109.937323 16.315998 -22.432711 2.551265 23.327596 -152.572119 -26.501683 81.199613 52.958877 -38.399184 -66.651573 3.578159 -16.306882 -38.840375 -83.715767 113.434783 50.058750 -42.374204 76.531124 -50.760183 -142.248292 157.503397 -69.152605 29.863735 1.947465 25.604747 -79.761447 -123.599665 -101.965010 27.251193 -23.582785 2.252099 -41.060281 35.734484 -129.389045 86.754189 -11.975534 145.924951 48.806445 -73.793384 -50.060035 -49.205127 30.587566 -181.620330 227.726671 61.146434 -55.337658 -120.983023 26.795785 -62.071520 -122.388435 -197.963448 -211.470736 30.904959 4.296353 -29.345255 -164.616095 -63.654263 33.011267 -11.553078 86.193929 -11.865776 37.992585 28.314635 35.218997 57.835815 82.041957 20.618038 63.016382 36.387252 -5.059396 -64.190659 -192.185520 26.449113 -111.352535 -41.464966 -1.518029 159.225198 -42.058374 25.726660 -84.160821 -102.754527 91.025363 11.251289 0.600087 -128.026503 65.826077 49.753999 35.334955 -42.215080 60.809935 209.491967 -81.712042 -120.590270 84.870118 -80.300123 -47.946350 25.734401 18.400111 52.727294 -47.424648 -10.860964 -119.111263 109.313763 97.479508 96.932160 8.800235 24.555572 -7.055485 22.825192 66.436421 77.899283 167.639338 -145.992624 -133.500527 4.381229 
0.000000 0.000000 0.000000 0.000000 0.000000 -0.246682 3.030610 1.954407 0.883776 -6.878682 -4.472342 1.185503 -1.471922 1.500169 1.198501 -0.556731 -1.772464 2.114642 3.087387 -5.539914 2.537652 2.901964 0.069449 1.235293 -4.007266 -0.621513 2.355805 2.733642 3.332679 1.150479 2.376589 0.852516 -2.082914 -3.560814 1.241462 0.551689 -7.934428 8.778263 5.519689 -6.433694 1.393124 -0.720485 -0.483204 4.086300 0.392495 2.906103 -4.708578 1.252348 -2.014861 0.878970 -0.299442 -8.942471 7.230571 -3.480727 -0.459161 -0.104197 -3.801780 -5.816195 -0.587313 -2.089020 1.165039 3.229549 -3.386582 3.993955 2.711406 1.690352 0.566996 4.972882 -1.793550 -4.544467 7.353544 2.445788 -6.970443 0.187466 0.089138 4.712474 1.768219 -0.479933 -0.045313 1.404175 0.085647 -5.128212 9.907281 -5.151746 1.316048 -0.621157 0.405742 -0.263772 -2.636496 5.486465 1.222168 -1.006191 -0.184413 -1.296391 2.937530 -0.473978 -1.705372 3.313687 0.687470 -3.173080 -2.241358 2.728452 -4.533146 1.904350 1.511204 -2.757927 3.298347 -0.246448 3.797705 -1.452856 5.698061 4.970527 1.963665 -2.512897 3.535162 -4.979617 1.022527 -1.977063 3.605994 -0.797940 1.771661 -7.305390 -1.066609 2.497339 3.541232 1.282205 -0.849207 10.348863 -5.297705 -0.749913 2.163837 5.604485 -1.105763 4.337178 1.455833 7.132278 9.086925 0.388124 -1.638701 0.599871 8.322633 2.270128 -3.246144 1.499090 -3.043053 2.423386 -1.727660 -2.582415 -2.102871 -1.538563 -3.967044 -3.736731 -4.934632 1.606004 -2.078235 0.090969 9.120262 -0.927617 6.905081 2.584362 1.733292 -4.127225 3.400695 -0.366582 1.997370 4.220702 -8.379624 1.051655 -0.300057 5.189989 -4.812754 -8.169561 -3.442069 3.950962 -3.318261 -9.795674 2.287268 5.034548 -3.716359 0.733576 2.152854 0.084187 -0.058623 -0.539496 2.247077 1.439929 3.182040 -3.808559 -4.927056 -4.455798 -4.011046 -1.270361 -4.410411 0.011447 -2.130143 -1.072853 -8.016835 6.209423 8.734227 -1.042427 
0.000000 0.000000 0.000000 0.000000 0.000000 0.000000 -14.288893 -6.083104 -6.863828 29.556031 21.367810 -7.361016 5.210000 -12.103251 -6.219935 4.352168 5.658308 -10.124678 -16.267395 29.161932 -13.482822 -15.299704 3.320384 -2.276418 20.076020 -1.589584 -3.835405 -7.477815 -12.753209 -3.856742 -16.862437 -12.282882 8.020370 14.791628 -4.648375 -3.782357 38.124040 -38.217283 -19.492568 31.952722 -7.122250 -2.469773 1.116917 -14.868452 1.225407 -9.997719 19.852959 -3.527288 8.555910 3.311804 1.422795 39.251329 -30.123335 13.468410 1.892962 2.594215 17.971479 24.687207 3.867860 9.509908 -3.729130 -16.960433 14.891096 -18.540043 -12.593975 -9.344343 -4.851468 -25.307386 10.293948 23.462116 -29.418356 -11.536871 31.172216 -0.924490 -2.421497 -21.734663 -4.423615 4.275698 1.242916 -8.148307 4.823155 24.377617 -37.960311 17.750998 -1.681188 1.417715 -2.071021 -1.196549 7.201359 -20.527437 0.350404 0.067656 -3.987484 6.783614 -11.709592 1.460651 11.543992 -13.931123 -6.319456 8.977721 15.589348 -13.757799 15.390750 -8.114911 1.000194 6.854756 -13.697197 2.854009 -21.549732 3.226325 -25.813674 -19.092307 -7.051247 18.479461 -16.982801 23.183830 -1.128609 6.796176 -11.360762 -2.846270 -11.283731 27.783268 0.915346 -4.799217 -13.721921 -1.373762 2.527278 -47.671431 23.134118 0.244978 -7.097931 -21.901336 2.704684 -17.010823 -3.663676 -31.133381 -38.600453 -2.820518 8.654343 -4.999247 -33.147466 -8.027173 9.944754 -5.626519 10.383816 -8.035553 5.869768 17.147302 12.411180 9.854506 15.743939 17.509163 18.857451 -9.118355 9.456700 2.713059 -39.052697 2.296867 -30.953305 -14.368963 -11.759970 17.642040 -12.190315 1.939563 -9.610285 -13.138630 31.704674 -7.017996 -0.350773 -15.955766 20.203427 35.318443 16.601462 -18.592240 10.684720 35.267696 -7.450393 -22.262181 17.426011 3.054693 -12.884011 -1.650757 -2.000543 -2.193709 -8.897993 -7.402926 -12.389367 13.428882 18.665659 15.970049 20.730976 13.739942 18.244531 0.284048 7.540743 7.370200 32.697994 -24.994984 -40.770517 3.278820 
0.000000 0.000000 0.000000 0.000000 0.000000 0.000000 0.000000 0.793597 -1.752288 0.791353 0.851017 -1.282584 -2.717085 -3.169072 0.691314 6.204206 -0.634320 1.087734 -3.322142 2.843218 -1.375109 -0.387996 3.025381 1.295700 3.646527 -2.363975 3.513918 3.238793 1.346531 1.050899 -5.902927 -7.636858 -1.886080 1.006467 -0.857926 -1.022495 5.016021 -2.912566 2.077495 2.387342 -2.290747 -6.744178 -2.598520 0.775912 0.359042 0.744364 -1.246104 2.337331 -0.968744 4.896026 -0.633544 3.263008 0.473214 0.461413 -0.554392 -0.253262 2.744043 -0.440022 1.145123 -0.385756 0.189615 -1.165305 -1.332324 -4.295596 -3.115235 -0.780972 -1.288411 -2.495862 1.323611 3.900639 -1.501551 -0.877613 2.307821 -2.278820 -2.662423 -1.357552 2.324115 1.184036 -2.610207 -1.479835 5.275066 2.623071 0.464295 -2.069814 1.841131 0.501133 -0.430586 -2.374378 -3.309902 1.413005 2.986460 -2.220412 -3.030423 0.791303 1.019076 -2.179540 2.115637 0.315569 -4.205553 -2.656569 5.841932 -3.447501 -3.218012 -1.258517 5.666196 -2.583932 -2.216450 1.058413 -3.332817 -2.044704 -0.080495 0.304854 -0.320000 5.292044 0.058743 2.567638 2.820412 -2.374780 1.390849 -3.203929 -3.156724 -2.880895 -0.588084 1.721089 1.406787 2.145195 1.417807 -2.587080 2.776900 -2.479261 0.406314 2.269990 -1.062051 1.179789 -1.634691 -1.416264 -0.017603 0.503155 -0.796530 -2.239175 0.915576 -1.256728 -2.862105 2.026469 -2.561636 2.175381 -2.649264 3.985285 3.196736 3.706801 -0.571357 0.440226 -4.408567 0.140280 0.438365 1.330269 -0.647199 -1.187780 -0.922381 -5.599395 -2.100469 3.003670 1.796562 0.254459 -3.013652 3.804843 -2.831682 -1.154048 -1.039628 4.860387 0.629834 -1.450387 2.569174 -2.386352 -1.818838 -4.455167 3.078155 -0.786553 1.935663 3.201553 -1.937187 -0.384283 -3.230265 -3.773687 1.397287 0.295011 -1.113532 -0.739812 -0.551305 -5.073115 1.555186 6.657507 0.198024 -0.062872 -0.086952 2.276319 -0.461923 -3.070505 -3.312269 -0.114391 
0.000000 0.000000 0.000000 0.000000 0.000000 0.000000 0.000000 0.000000 16.054089 -17.362573 -11.652957 12.338191 23.234857 23.492119 -5.290937 -63.666587 3.882806 -13.246678 34.513962 -23.246607 11.467913 -1.042347 -30.063065 -10.760471 -37.543731 19.258533 -27.785331 -21.192993 -7.426175 -7.694434 53.572173 73.902287 17.363437 -17.490241 11.270632 10.093310 -53.945324 40.334214 -12.805349 -25.648421 26.346748 60.876963 26.201145 -3.706053 2.530082 -3.077606 5.889837 -21.807841 7.873753 -39.217095 9.337129 -41.504413 0.562526 -10.320950 6.480104 8.043738 -32.566969 1.531605 -8.756646 4.182034 -0.236106 10.566119 8.591975 49.729062 34.676525 6.525479 10.798308 25.660807 -13.292536 -42.758278 28.091494 8.960603 -29.039898 22.771275 26.597737 16.728281 -18.488171 -13.082640 26.573319 12.888048 -46.982315 -28.688465 13.774149 10.244170 -8.075165 -8.601136 3.986326 22.344097 24.947055 -4.932601 -20.770860 16.640676 22.957933 -2.618234 -9.063665 23.880038 -17.487408 1.174234 41.350705 17.800466 -55.368572 35.660103 25.182172 12.491066 -48.961632 17.879111 27.926669 -9.005645 30.049512 18.957746 6.457464 5.689888 7.982667 -46.412709 -1.424377 -30.526944 -23.434885 17.877387 -2.005272 24.167733 30.250905 18.772667 -2.992520 -6.981509 -8.538537 -18.362637 -20.273311 28.554420 -34.328995 20.842770 0.011917 -16.357107 7.073167 -6.223002 21.111227 20.542195 11.428588 -7.184106 9.706197 22.126821 -0.112909 20.576652 17.186849 -15.392053 21.069673 -16.494168 25.341540 -34.017502 -34.972278 -38.710036 0.309455 -3.061956 40.466667 -6.989649 -6.616056 -6.861552 12.082779 9.186675 16.876348 59.260553 14.138567 -39.262661 -13.591527 -0.024504 34.634130 -27.533718 15.475246 5.180249 7.187515 -38.071998 -13.078059 10.707710 -27.088818 27.442532 11.843166 28.292575 -25.566887 14.991808 -15.477656 -20.460933 17.136210 -0.551329 30.103967 31.948895 -8.487858 -1.272122 13.733328 1.959936 -4.235618 48.057705 -11.324168 -59.950691 -4.255014 0.987671 -3.844056 -24.495665 -4.782883 40.129666 34.446466 -0.492635 
0.000000 0.000000 0.000000 0.000000 0.000000 0.000000 0.000000 0.000000 0.000000 0.148915 -1.545530 0.351359 0.614823 -0.548075 1.937751 -2.192044 2.955664 -2.114159 0.155007 2.786403 -1.346203 -1.317443 -2.469242 -1.664886 -2.486218 2.733421 -1.379136 0.003949 -0.537026 -0.982487 1.947739 5.513572 0.974088 -1.495471 1.114818 0.358942 -2.282501 2.545397 -2.481114 -2.363094 1.432977 3.151852 0.914754 -1.853527 0.409693 -3.234933 -1.521870 0.207898 0.370273 -2.434146 1.621653 0.496485 -3.145653 1.880320 0.477096 -0.320824 0.585398 1.080670 -0.362571 1.897180 -2.402429 1.299859 -2.063060 2.295635 1.762607 1.284467 1.888698 1.323228 -1.152124 -3.132940 2.971764 -0.161669 0.828265 -0.230202 4.713512 -1.034425 -1.940295 -2.368169 0.604926 0.298179 -1.003323 1.407184 -1.328945 0.488568 1.337122 -0.957285 1.158228 1.378460 2.785929 -1.439952 -1.292058 0.204311 3.011439 3.053236 -1.788363 0.616367 -3.648794 1.001275 2.464431 3.189765 -4.851035 0.784538 3.295527 0.481478 -2.835972 1.101735 1.421539 -2.204005 1.694654 1.748740 -0.376373 0.393129 1.074536 -2.028876 -1.369915 -1.776338 0.615469 1.009000 -0.296254 1.951984 1.775695 2.242064 0.037560 -1.037647 -3.599274 -1.868336 0.756279 -1.748710 -2.317338 2.364292 -2.021284 -0.715632 0.395673 -2.101313 0.532524 -0.136006 0.508605 -0.879349 -0.866389 3.156941 -2.044710 0.330315 -1.356291 3.237681 1.395459 -3.146800 0.482345 -0.076496 -2.899560 -3.400115 -0.279525 1.598383 2.984100 -1.529794 1.393761 0.694363 -0.918464 0.835179 1.966552 4.405359 -0.158223 -2.982288 -3.013639 0.867973 1.506961 -2.277618 4.120885 -2.177844 0.915630 -1.490545 0.576226 5.894340 0.198067 -2.693077 1.761954 3.958302 -1.157312 -0.397800 1.103213 -0.732306 0.345806 -0.333704 -1.496782 2.164705 0.688375 -0.001430 0.557374 3.794183 0.222084 4.242915 2.236647 -3.985215 2.805251 -0.324018 -2.339461 -1.601977 2.016978 0.761537 0.034901 1.110809 
0.000000 0.000000 0.000000 0.000000 0.000000 0.000000 0.000000 0.000000 0.000000 0.000000 38.929492 -8.214974 -23.542116 7.706948 -43.884508 71.986993 -66.997584 54.881289 -13.792311 -64.321149 33.116399 29.905294 62.642583 40.497725 70.208566 -70.232643 33.636884 6.621368 15.940562 25.439812 -60.871987 -145.924018 -31.293959 40.420358 -31.879792 -9.538026 69.661983 -76.221528 57.561869 59.862479 -43.769905 -95.615906 -31.436980 37.757819 -11.864544 73.681782 36.023872 -4.898240 -11.558406 67.164895 -46.250606 3.073554 72.753846 -40.265666 -11.756954 3.860462 -8.519537 -25.397080 9.662000 -49.566356 58.147815 -31.129757 44.968223 -71.210403 -51.176856 -34.281259 -48.532442 -33.662031 30.849128 85.673354 -84.635087 0.174911 -10.814758 -2.444728 -128.311970 19.480070 50.543064 55.859542 -30.941933 -8.102325 34.384142 -24.852308 27.077655 -11.072747 -29.399362 27.726159 -31.210861 -39.142383 -72.853111 38.793642 32.984876 -7.326878 -81.031637 -69.924700 44.505470 -21.204516 95.422308 -24.726749 -67.774871 -79.909172 132.554009 -29.803333 -83.658948 -15.867937 81.354163 -29.421220 -47.964585 53.589644 -48.819666 -44.678289 11.201741 -11.559653 -26.769989 58.102318 33.076207 57.622922 -12.574234 -32.425337 5.805004 -50.677467 -52.531619 -57.279376 3.944201 18.877592 90.085369 45.043035 -13.712720 37.073965 62.314059 -66.830825 45.851924 21.620242 -10.685288 50.050998 -23.426245 -0.184942 -10.722158 25.740146 16.115490 -82.995875 44.717647 -17.048806 28.534614 -72.196932 -38.443573 80.877227 -20.059945 8.252140 76.429697 93.055893 6.150708 -34.848829 -86.662691 38.517312 -35.898902 -13.838683 16.696841 -22.002304 -49.670380 -124.035160 1.308931 84.135772 73.467783 -20.735387 -45.053925 62.996034 -96.531593 50.955320 -24.538095 41.969200 -9.108609 -142.119077 4.347118 57.906430 -40.236023 -101.221223 38.539438 9.910936 -20.605762 21.102675 -9.700599 6.400659 28.309943 -61.589104 -12.528737 2.062323 -20.123212 -90.978816 -1.629560 -119.594593 -52.671679 108.201203 -59.042397 6.344119 59.468607 39.622538 -45.779456 -36.942535 -12.663137 -26.721609 
0.000000 0.000000 0.000000 0.000000 0.000000 0.000000 0.000000 0.000000 0.000000 0.000000 0.000000 0.336350 2.495971 -0.622819 0.768936 -11.013572 -0.624182 -4.120682 0.830367 2.528795 -1.779989 0.268950 1.452468 1.173693 -5.667576 4.229080 4.766524 -2.648969 1.413121 -1.289201 3.039412 5.078845 -0.676020 0.348813 3.161969 0.790131 -3.296343 8.309948 2.794531 -2.910085 2.600431 8.824461 5.004500 4.712445 1.773149 -0.777867 -0.559726 4.241419 -0.928875 -4.720886 1.382038 -3.897378 -2.216322 -3.581771 0.349022 -1.478698 1.359760 0.770239 -2.097286 4.524521 -1.167756 -0.273635 0.115248 5.593691 3.899361 2.983985 2.745597 0.154940 -0.362313 -2.647758 8.077008 2.884733 -2.407719 2.130179 8.359118 -2.107144 -1.864545 -1.584889 8.985245 1.494924 -1.497107 2.783302 0.180546 -0.425202 0.298033 -1.211526 2.348640 2.993509 3.516302 -0.586378 -0.182633 -2.038193 7.674094 0.528832 2.171676 3.091514 -4.246828 -0.564832 1.713180 0.855173 -10.326941 3.777836 2.656077 4.314159 -2.701697 -2.603732 7.481727 -2.920864 1.743205 0.198255 -3.762354 1.584529 2.080417 -3.188876 -2.234926 -6.913898 4.562852 6.815584 3.142113 -1.526598 4.300375 -1.083564 -2.508979 4.756895 -5.906576 0.450391 2.921259 1.417915 -5.117880 7.199799 3.175643 -1.485703 0.827490 -0.005958 6.779733 2.756181 -5.219399 -2.831666 0.261492 6.717795 3.228840 2.020882 2.254527 0.874659 1.035811 -8.085351 2.511094 -1.688747 -1.332779 -5.716438 0.407784 0.307965 9.840259 -0.740003 6.720227 0.881520 3.473278 0.269290 0.132034 7.207502 0.739248 -8.484177 -1.736432 -0.485094 2.557728 -5.095992 4.878290 0.641961 3.164131 -0.239554 1.900039 5.349371 -2.640315 -2.425422 -0.489371 3.661977 -2.815092 -0.798134 -3.151892 -0.937510 -1.750323 -2.030692 -1.475435 3.061648 0.783584 -4.410042 5.567195 0.648953 -0.334300 6.746220 3.828673 -5.149053 0.329135 -0.763765 -2.916499 -2.767278 0.087725 8.950097 5.591022 2.174529 
0.000000 0.000000 0.000000 0.000000 0.000000 0.000000 0.000000 0.000000 0.000000 0.000000 0.000000 0.000000 -13.970229 1.811590 2.105745 47.697980 -0.619307 18.055697 -8.085841 -10.294224 9.837970 6.287996 2.468320 -3.559944 23.502165 -17.141945 -15.156610 13.104284 1.685938 5.958368 -15.876882 -30.222543 -3.422224 5.705991 -13.726229 -4.709357 20.327517 -35.689437 -6.518631 13.373999 -13.991042 -40.177794 -20.278663 -15.329242 -9.601663 6.345919 0.407669 -11.317551 -0.428565 20.871036 -11.341833 17.719341 11.302793 10.045059 0.312339 -1.138180 -2.378850 -4.023233 7.859863 -16.935404 3.383899 -0.310429 -3.089291 -29.113607 -19.436117 -5.911515 -7.690149 -1.665783 0.029758 14.673073 -37.965237 -9.995287 11.623097 -13.157055 -39.835128 7.739901 8.801883 4.446146 -37.885672 -6.217103 11.913944 -6.482437 -5.297954 3.516785 -4.849350 8.006210 -11.077048 -15.336907 -17.837783 2.939009 1.833843 8.627377 -26.777854 -3.687553 -2.068134 -11.620927 20.003437 -2.937552 -15.905992 -5.531496 42.273830 -18.386338 -16.320445 -18.458425 15.205899 4.013491 -29.489991 12.659588 -8.530167 -0.059072 14.756454 -7.836900 -11.413696 14.065207 10.071893 29.520570 -12.102315 -23.982555 -7.793498 4.197391 -16.453271 -2.593641 9.705278 -18.130549 25.685046 -1.940606 -5.156953 -2.901959 24.212002 -25.983651 -9.848494 8.993647 0.297678 5.414055 -30.275532 -10.586251 10.751243 12.936254 -4.156102 -22.086387 -7.863894 -12.607030 -6.351649 -4.524654 -6.620713 29.701833 -13.589933 5.403871 12.620637 24.213057 1.218223 -2.090304 -41.218702 7.552607 -20.897210 -2.691225 -13.927543 -1.214833 -3.126045 -39.337758 -1.518237 35.845886 12.508663 2.960542 -16.974457 22.038612 -19.187985 -0.400560 -9.508798 7.302823 -2.897428 -26.392743 15.330735 5.995818 2.438353 -17.576136 14.420164 2.890300 10.568374 4.606044 6.638193 3.150372 0.715558 -17.404956 0.139921 17.024370 -21.373306 -6.373221 4.241203 -35.205449 -13.328633 25.924447 -0.489465 0.015475 15.223953 8.405248 -2.177191 -40.069124 -22.543579 -3.756150 
0.000000 0.000000 0.000000 0.000000 0.000000 0.000000 0.000000 0.000000 0.000000 0.000000 0.000000 0.000000 0.000000 4.161013 4.186270 -5.446794 -7.953517 -0.259861 0.194386 2.088053 1.216137 11.921278 11.453364 0.243308 -3.029417 4.388189 6.107453 -3.420283 6.645245 1.020554 1.583111 -6.747978 0.179737 9.172233 0.050556 -1.468880 3.725027 4.204403 7.286580 2.360688 4.687819 7.314661 6.154140 10.394678 -5.044326 7.393827 0.226653 12.587629 -3.510445 -5.576016 2.336213 -6.405552 3.117684 -10.811285 1.293197 -5.856387 1.904372 0.259990 1.288441 6.125681 -1.912063 -2.337791 3.334730 -0.280134 -3.045398 11.850968 4.286765 -4.680235 -3.840323 -0.158118 -1.422429 4.347933 -2.546419 -0.314336 5.924974 3.110737 0.161252 0.541139 10.357862 0.680021 3.717313 2.038578 -5.516993 2.208654 -9.445555 0.632407 2.054680 0.221167 -3.228712 -3.474642 1.551041 3.802937 13.764499 -6.896949 5.827983 5.201403 -1.664482 -7.454171 -10.065251 -1.438652 -6.018360 2.616757 -5.261355 -0.407976 -5.436792 -4.564927 9.577610 3.703314 1.885830 0.945713 -2.427431 -2.633021 -5.160998 -7.022183 3.214330 -9.466641 10.606324 10.685233 5.659514 -0.851402 6.021668 -6.011878 -3.155869 8.468954 -3.050587 -1.809643 7.595081 3.685630 7.512074 11.053069 6.189171 -1.148852 6.111914 8.126828 3.923998 -1.583911 -19.227178 0.023680 -1.557247 11.056565 8.014972 0.044144 6.842150 -5.507131 1.272413 -5.988447 2.698386 -6.544462 5.741296 -4.316234 5.417931 -4.794638 9.220011 4.708059 9.562087 -2.779376 2.716416 1.651318 -4.790925 -3.266012 3.513949 -1.646017 6.694522 2.319982 -5.898998 -5.752987 -2.676924 6.843504 5.099254 2.644076 4.937880 -6.629200 -1.250338 1.150640 -0.612459 1.567465 -2.781158 -3.933395 -3.492213 -1.087622 -1.311668 -5.791559 -0.679712 -0.874816 1.639110 -2.201946 1.880178 -3.081660 0.986366 3.762744 2.523427 0.215995 -8.485981 -2.295481 3.109702 -0.014842 -1.426176 6.849560 5.104400 6.107042 
0.000000 0.000000 0.000000 0.000000 0.000000 0.000000 0.000000 0.000000 0.000000 0.000000 0.000000 0.000000 0.000000 0.000000 -2.295503 1.733308 6.201686 0.015133 0.500136 -1.613437 -0.857283 -8.289578 -9.290087 -1.711631 2.018283 -2.692501 -10.020267 1.641779 -6.436322 -2.057525 3.160428 7.115256 3.592871 -3.844358 -0.446749 2.319267 -1.964148 -5.054952 -8.482120 1.668125 -3.229738 -4.025054 -3.297638 -11.328585 2.860041 -6.383763 3.142405 -12.006752 3.430648 1.936965 -1.323325 4.555338 -4.411545 8.354789 0.496149 5.258461 -4.230999 4.373167 0.378441 -3.073575 -1.329977 1.400778 -1.057656 2.530695 3.057807 -8.120016 -0.799158 3.488656 1.749312 -1.131359 -2.432165 -3.610274 5.261563 2.096363 -3.451738 -2.452607 -1.931404 -0.564742 -6.537931 -1.756193 -4.456709 -1.597423 -0.583940 1.693536 6.213789 -0.986922 -1.171994 1.076637 2.989145 -1.483660 -2.803822 0.524197 -6.628909 5.525104 -6.181311 -2.382497 1.335476 6.343135 9.362519 2.864977 1.888544 -1.962358 7.089171 -1.057899 -4.423321 5.634727 -5.889870 -1.769258 -1.159611 3.167857 0.500568 0.050009 3.821918 2.559144 -4.862457 9.834548 -10.028716 -6.535615 -5.263395 3.274618 -3.277792 8.683451 2.597306 -6.748594 1.707046 0.238496 -7.429488 -6.658963 -3.119686 -5.761450 -4.239553 -0.367689 -0.708887 -7.050555 -4.275836 -2.485620 10.911064 -1.090684 1.848691 -5.887581 -10.158767 -1.670072 -1.626111 0.992844 0.979659 3.674527 -0.656634 3.477756 -5.235075 0.151392 -0.436151 4.071452 -1.659944 -3.794072 -5.902195 1.094274 -6.448279 0.977093 3.446122 1.611718 -2.708135 -0.560153 -5.024198 -2.377908 5.482022 2.266751 5.249451 -7.346229 -2.938915 -6.596688 -2.469320 8.325070 1.850005 -0.007146 3.639203 5.432643 1.628170 3.918178 2.881992 0.656947 1.876192 3.363845 1.419058 3.525856 -4.092818 4.028479 -2.540174 3.184746 0.549915 1.806329 0.207146 -4.627063 7.682408 -0.952070 1.342767 -2.091187 2.337873 -7.896227 -6.168309 -3.356418 
0.000000 0.000000 0.000000 0.000000 0.000000 0.000000 0.000000 0.000000 0.000000 0.000000 0.000000 0.000000 0.000000 0.000000 0.000000 15.597494 5.298129 3.953591 0.532820 -3.124345 0.667772 -3.994362 -8.025718 -3.486216 5.997669 -5.365673 -11.529242 2.378019 -5.411105 -0.020024 -1.652377 -1.856919 3.483312 -5.449920 -3.524467 -1.036554 2.257897 -11.750239 -7.870833 2.990739 -3.190688 -9.518104 -7.846239 -10.178234 -2.119197 -4.320471 0.301424 -11.431468 4.011260 7.084339 -1.999259 7.736994 -0.577498 11.152692 -1.346045 4.855891 0.210187 -1.162643 2.522014 -5.657805 0.193790 0.494372 -2.449211 -5.472266 -2.598171 -5.856268 -3.449044 0.614231 0.120432 3.242104 -8.778118 -6.811178 4.719779 -2.923410 -8.330668 3.212055 1.125004 0.527285 -14.099744 -1.980000 -1.930001 -5.758307 -0.912091 0.489188 0.705578 0.491992 -2.965368 -3.730340 -0.140488 0.614378 -1.559332 2.510132 -13.430695 2.001202 -6.755292 -5.468130 4.470111 1.813523 1.194272 2.847578 12.275870 -3.783935 2.144351 -4.346647 0.584249 6.119046 -11.562989 2.172944 0.852542 0.348348 5.229722 -2.248601 -2.560275 5.161042 1.473545 8.999186 -10.223054 -11.154883 -7.724549 5.421532 -6.582046 5.536077 4.308136 -6.872221 6.864531 -0.669007 -5.673484 -5.639348 3.624469 -11.447801 -7.104728 -0.880935 -2.255314 -3.830336 -9.984221 -4.453510 10.798783 2.485243 -0.583489 -10.507592 -9.433032 -1.022398 -5.091374 4.511822 0.413879 9.707023 -1.389273 4.937624 0.030373 8.485514 -0.564718 1.934549 -13.923529 -4.751646 -11.278823 0.054145 -8.480831 -0.120258 2.611374 -3.754990 -1.481002 11.070088 -2.992399 -0.988554 -0.652538 6.233759 -3.414579 -5.218520 -7.027524 -3.031983 -3.747058 -0.658200 3.098860 1.824242 -0.114868 0.015228 0.090237 1.264180 6.614964 0.059184 1.616451 6.308268 3.739004 -0.194689 -2.257997 7.669729 -9.030958 6.365241 0.234735 -5.550403 -4.869172 3.103526 1.352133 2.100571 2.326588 3.770639 4.076605 -12.448754 -9.399906 -2.457023 
0.000000 0.000000 0.000000 0.000000 0.000000 0.000000 0.000000 0.000000 0.000000 0.000000 0.000000 0.000000 0.000000 0.000000 0.000000 0.000000 -20.313109 6.033343 1.516746 -8.108420 8.260634 20.287148 20.233099 5.427727 -1.183535 -0.554916 25.650711 -0.102231 14.662002 8.465965 -5.985079 -19.021907 -12.708274 6.765023 2.000457 -6.648630 -0.565171 10.337696 22.568194 -4.438809 2.386227 2.840323 5.568745 27.146255 -1.427529 22.726810 -8.201434 23.627512 -9.346344 1.803434 -0.910033 -15.057652 20.184333 -18.353860 1.003631 -13.043692 5.077592 -16.909425 -4.676691 -1.786963 7.743380 -3.059232 3.525713 -7.479666 -9.259457 14.326682 1.296056 -2.425847 -1.876816 3.474749 2.437985 10.843920 -18.433053 -2.374036 -8.198130 9.371611 5.206396 2.102828 10.491458 2.607425 8.105593 -6.087993 8.076511 -4.063049 -12.659047 5.370567 -2.717921 -3.823688 -9.894498 4.557640 6.997408 -2.681267 4.143437 -15.745845 17.728959 4.722333 1.152959 -12.179987 -18.731383 -7.930233 1.550911 3.611202 -23.983475 1.445081 21.035638 -11.928523 7.858064 2.246521 0.951746 -9.070144 2.536488 1.944202 -9.190930 1.400758 14.061067 -19.053540 14.947200 10.789370 12.027357 -8.003983 9.613126 -21.881647 -4.294679 4.453034 11.332054 3.191557 12.568298 23.803939 7.209549 7.041113 6.231161 6.761731 -0.877633 17.827995 4.534142 10.181280 -14.894948 6.607221 1.126453 3.479030 30.101565 2.839328 1.756867 -11.392068 -5.841523 0.599334 -3.458674 -9.453435 12.003531 2.273878 -2.774143 -12.760848 -4.832820 18.250790 6.024487 -4.362315 20.164033 -4.741099 -10.307170 -8.851845 6.431042 6.025880 18.060438 8.056663 -10.867410 -0.159173 -19.510672 20.368487 7.145724 18.690461 -1.537536 -36.424449 -2.039587 5.720151 -8.525280 -23.169938 -2.362955 -6.786566 -12.541532 -4.499641 2.346536 -4.361710 -0.876337 -11.696692 8.115002 -9.244791 9.139859 -19.988943 0.663737 -13.830732 -9.472107 16.921070 -17.927231 6.171014 -1.213860 6.403594 -15.198616 16.367002 18.186030 3.138648 
0.000000 0.000000 0.000000 0.000000 0.000000 0.000000 0.000000 0.000000 0.000000 0.000000 0.000000 0.000000 0.000000 0.000000 0.000000 0.000000 0.000000 6.765681 -0.461104 -10.320118 6.290212 -3.382068 -5.521861 -0.450809 2.530569 -7.099182 -9.611419 4.235898 -1.440127 1.702671 5.824310 0.521838 -0.600734 4.138692 0.729385 0.298426 2.339386 -6.299213 -3.579286 6.212364 -8.159381 -7.921188 -0.360774 -7.260632 2.378496 -0.006261 3.566427 -11.428909 -1.293051 3.354686 -9.357108 -0.363136 -0.042995 6.850430 5.408661 -0.485389 -5.184631 2.532999 -3.060965 -2.992736 -1.515967 -0.753195 -2.561974 -1.442903 -2.549070 -3.028650 6.374452 4.795835 2.608963 2.399439 -10.206730 -0.715136 5.797292 2.777674 -16.138256 0.121156 -3.523195 -4.462039 -6.339544 -4.135654 -3.140510 -4.266435 -4.649618 6.852312 5.387677 4.619096 -5.472973 -0.244314 -0.087859 -5.035595 -2.990683 0.050936 -6.437027 4.523522 0.869699 1.372322 6.912943 4.025806 4.122847 2.101421 0.840231 -3.250292 2.222650 -2.836788 -0.490318 1.360465 -6.663205 -2.737351 -3.486123 4.542534 0.346115 -2.180880 -0.564068 6.657323 -3.352824 11.035526 -9.866188 0.225905 -0.547916 3.143948 2.084644 6.092633 2.510505 -9.434305 13.943267 2.616025 -4.032520 -3.609084 0.024944 -3.414297 -3.715522 2.080498 4.887749 -3.202543 -7.366216 -1.607908 3.429854 1.575962 3.812974 -5.823491 -4.155743 -6.377998 5.249538 -5.485248 -0.951755 0.974849 -2.358943 -0.577918 2.948655 -0.512043 5.155953 0.784099 -0.395237 4.775909 -1.140027 1.574388 -5.630972 2.119953 -2.026784 -6.938841 -1.082579 0.591484 2.437191 -0.189891 3.625840 3.028543 7.684673 -3.750072 0.220400 -3.011265 -3.129188 -1.549103 6.788944 0.888688 5.322014 4.382677 2.346304 5.365297 -3.331998 -1.794907 6.756430 3.996086 1.774874 0.929668 -4.966620 5.394759 0.779156 -4.153412 7.825683 -2.012964 -0.390102 -3.391276 9.781506 -1.407060 6.881161 -4.817033 -3.824332 -11.556072 -4.609544 1.020973 
0.000000 0.000000 0.000000 0.000000 0.000000 0.000000 0.000000 0.000000 0.000000 0.000000 0.000000 0.000000 0.000000 0.000000 0.000000 0.000000 0.000000 0.000000 -0.488694 10.092739 -3.465863 0.955856 4.178900 2.238289 -2.465230 5.522639 11.264978 -4.624411 2.729825 2.635424 -10.789869 -2.037676 1.439590 2.286384 -4.165891 0.783503 8.168289 6.796695 5.465804 -5.566350 8.713509 3.107876 0.552442 9.839278 -8.230086 -4.814637 -0.606372 15.244156 -2.751548 -7.164054 6.689326 -3.603386 -4.978795 -8.038824 -4.596332 1.723283 7.912061 -3.882543 2.975253 6.038671 2.776911 0.013067 3.148042 -3.217290 -4.965555 6.779820 -5.878699 -6.289780 2.039463 2.734713 7.322245 0.222695 -4.539393 -1.268085 15.746750 3.108609 2.633490 0.433036 8.713256 6.314476 7.915626 10.187278 5.272644 -8.505457 -3.208043 0.033814 3.834201 2.462111 -2.774623 8.363688 2.511959 -4.152266 7.661570 -2.947312 0.479440 1.700686 -3.212100 -2.711199 -11.312372 -7.293657 3.033100 1.904531 -1.626060 2.447903 4.010675 -2.323940 4.125552 4.300550 -0.140246 -10.257887 0.922417 -2.486752 -0.706914 -8.100543 6.910277 -14.836253 18.118561 6.569520 2.243518 -7.195585 -4.473462 -7.179910 0.076109 15.026462 -11.392351 -3.280330 13.158721 2.688783 4.372839 1.896172 6.516793 -3.377431 -0.443988 3.169470 9.010374 0.148162 -6.409482 -0.249914 -5.996289 3.203504 5.321194 4.627382 0.322129 9.938348 -1.332591 -7.182003 6.851893 -2.516637 2.012920 5.438403 -3.132831 -3.211339 1.449059 -5.037875 5.161200 1.933585 9.911001 1.103687 -1.996041 4.679193 1.614509 1.919960 -4.434303 -0.936340 -5.578851 -5.271764 -3.813655 10.850695 -3.393833 1.744581 3.901695 3.060112 -7.818622 0.347975 -5.812336 -4.430749 2.285629 -5.062555 6.164764 1.300925 -5.879385 -1.260409 -0.139330 -2.155856 6.785618 -3.993460 -3.833570 8.234344 -3.786768 4.786281 1.109811 0.678714 -7.516274 3.462622 -8.117621 8.872577 4.445136 10.974162 3.735235 0.266745 
0.000000 0.000000 0.000000 0.000000 0.000000 0.000000 0.000000 0.000000 0.000000 0.000000 0.000000 0.000000 0.000000 0.000000 0.000000 0.000000 0.000000 0.000000 0.000000 4.030918 -1.335975 3.688316 1.431812 -4.460299 -3.006060 5.164701 6.304925 -2.976120 3.348400 3.269131 -1.366714 3.587375 0.128765 -1.264183 1.226838 -0.300531 -4.685589 6.432495 2.397080 -6.931735 6.226940 5.171345 0.352280 5.783899 0.449532 0.366501 -6.700216 10.971195 -2.543021 -4.526986 9.292144 -2.517634 2.019134 -2.246943 -0.784309 -3.713398 4.366700 -1.974298 -1.208310 3.570272 -0.947654 3.532995 -0.618954 -0.771492 -1.361335 6.285140 0.397767 -0.513774 -3.050159 -5.565823 5.556765 3.745830 -7.492888 -1.234639 7.966425 2.881798 0.782164 -0.464134 3.410915 1.744942 1.398746 -0.619614 2.605951 -2.100483 -2.578455 -0.223061 3.902650 0.269080 -1.391200 -2.922396 0.925863 0.058287 5.931034 -3.267829 -0.163852 2.085913 -6.816027 -0.613291 -3.128275 2.873224 -4.805458 1.308414 -2.336334 -0.731694 0.473868 1.186662 3.902004 -2.205960 3.032208 -3.634466 1.708603 1.040347 -1.740080 -4.376830 4.843273 -8.737790 7.713020 3.765359 0.475044 1.309821 4.313619 -3.798120 1.782485 -0.326251 -3.271376 -3.209083 5.990586 4.366751 4.575015 2.885839 -1.987556 1.716939 -2.505685 2.348934 2.091200 1.593447 -1.871281 2.506302 -2.517923 4.113500 5.382594 2.496733 -7.194346 3.496124 0.396999 -0.218223 -0.006160 -4.093080 -4.798316 -3.014351 -2.998779 -3.137812 1.876342 3.868721 1.243640 -3.090680 6.077166 -0.346128 -2.160833 6.127955 2.244655 0.704258 -1.130110 3.234282 -2.654626 -3.567230 -2.901285 5.489670 1.355201 0.678294 0.815728 -5.596174 -3.446203 -0.663860 -0.605314 0.358314 -1.762964 -6.006466 2.407366 -2.718564 0.165025 -0.447485 -2.610545 -1.205260 1.554430 -2.967146 -1.128992 2.807449 -1.301587 4.787900 -1.392967 0.564234 -4.456850 3.105734 -6.691621 4.106169 -0.879552 7.026802 4.375515 1.417059 
0.000000 0.000000 0.000000 0.000000 0.000000 0.000000 0.000000 0.000000 0.000000 0.000000 0.000000 0.000000 0.000000 0.000000 0.000000 0.000000 0.000000 0.000000 0.000000 0.000000 3.615548 48.498619 0.008845 -71.225311 -30.124643 45.584251 29.685208 -19.476931 35.533913 32.517753 35.800594 59.631954 -15.202502 -34.775978 39.255489 -8.872101 -110.909306 56.197860 9.005980 -69.558380 38.874021 56.412421 1.219325 31.763751 48.841000 31.539019 -95.144967 72.278235 -22.203211 -26.444185 89.077203 -11.334650 60.791765 10.492831 12.070537 -67.538403 22.391842 -9.908989 -35.386471 15.139761 -26.101390 51.167505 -31.481178 2.322947 10.584984 50.840984 35.045263 26.479997 -54.795714 -96.434292 41.180231 52.265623 -81.016121 -15.948741 25.591475 20.044772 0.125673 -8.116159 -3.161967 -12.016675 -20.689163 -62.925494 7.699094 15.916508 -21.553242 0.705527 31.544882 -13.639108 -4.184678 -82.873602 -1.231371 21.209112 41.785403 -31.219352 2.497341 18.422358 -79.293177 2.848135 13.745685 78.137970 -82.966078 8.596699 -28.940354 -23.933645 -8.051550 26.784949 34.166478 -54.470370 43.885081 2.889819 18.086332 28.027806 -24.875890 -17.524548 32.809049 -43.713117 10.595835 18.810260 -3.099473 57.558926 84.676721 -19.713055 26.640693 -86.276102 12.917859 -30.962626 16.750468 53.607899 35.164554 30.679273 -61.586394 41.695644 -35.645081 17.658917 -19.308318 28.000898 8.714940 36.365427 -8.023507 42.626983 51.329640 7.717560 -102.179449 -2.566515 11.966627 30.961364 -38.746984 -44.368126 -73.156159 -68.029786 -27.534259 -24.236379 11.303925 85.403982 -11.027325 -52.273390 33.576316 -9.275418 -16.237356 60.340539 28.284967 0.128693 10.121664 49.046537 -11.821262 -19.223642 -22.538459 22.196726 42.117518 3.112768 -8.734474 -96.093191 -9.593375 -12.696846 19.768424 23.653221 -37.024927 -56.406357 -4.573887 -44.706733 34.061412 0.413029 -38.400125 -10.305067 -11.353347 -22.261434 5.151413 -6.204355 3.367086 32.937080 -30.709274 8.578574 -20.490086 24.906826 -53.387873 6.533102 -36.387963 38.956576 46.766936 17.709789 
0.000000 0.000000 0.000000 0.000000 0.000000 0.000000 0.000000 0.000000 0.000000 0.000000 0.000000 0.000000 0.000000 0.000000 0.000000 0.000000 0.000000 0.000000 0.000000 0.000000 0.000000 5.257796 2.827088 -4.659999 -0.296922 2.206525 2.165899 -1.900748 2.980724 2.040394 -0.387198 1.614800 1.650183 -0.482008 2.437129 -2.026706 -4.695629 0.239328 -0.453505 -6.073983 6.181984 3.401664 0.915153 1.369625 1.771998 4.636875 -6.251504 7.769021 -0.527593 -2.905226 8.201619 -1.151573 5.000940 -3.361844 0.908647 -5.521096 0.736307 -1.309340 -1.664021 1.024607 -0.103585 2.660383 3.721946 -5.206738 -3.102508 3.267537 -1.586483 -0.639733 -3.061247 -4.890758 -4.562280 4.286910 -7.486349 -2.131650 1.664785 3.276637 -1.386681 2.460443 -0.934285 2.262124 -1.397014 -3.786647 1.602085 2.517020 -4.837504 0.434713 4.238087 1.264582 -2.581605 -3.905147 0.582237 1.989008 2.979584 -5.299565 -2.135521 -0.948281 -2.589481 -4.641036 -3.473986 2.224664 -2.046322 -0.182868 -3.253806 -0.608204 1.487545 0.950616 0.532751 -3.487701 1.986888 -3.728425 3.017007 0.049673 -1.883810 -5.492219 3.081898 -0.961795 4.709572 -0.370002 -1.954070 1.484667 3.495706 -2.574475 0.602960 -4.559305 1.098747 -3.787421 0.915735 5.742798 3.459442 -1.571202 -3.275465 2.029587 -2.444260 2.575459 -0.272130 1.060158 -1.607206 4.088320 -0.635232 0.184907 4.956255 3.731356 -7.669265 -1.255022 0.337016 6.817460 -0.489740 -6.480632 -3.390141 -2.169802 -2.103994 -4.301703 0.005308 5.310476 -1.286866 -5.926606 4.062222 -1.095517 -7.071217 0.704140 3.443736 1.911824 0.745093 5.229948 -0.686485 -2.258651 -2.876179 6.318228 1.228651 1.332349 1.547925 -10.192922 0.011483 1.113175 2.040989 0.120494 -3.501416 -4.136939 2.278107 -3.453964 2.652084 -2.770350 -1.073028 -1.904726 -0.088740 -4.192521 -2.610406 -1.472917 -0.067289 0.582652 -4.341835 1.268184 -6.563224 2.297715 -1.714629 4.154628 1.436859 2.716143 2.282874 0.927382 
0.000000 0.000000 0.000000 0.000000 0.000000 0.000000 0.000000 0.000000 0.000000 0.000000 0.000000 0.000000 0.000000 0.000000 0.000000 0.000000 0.000000 0.000000 0.000000 0.000000 0.000000 0.000000 -61.473566 -75.666961 -62.689083 56.357354 20.171768 -0.144887 17.568101 31.139798 101.342490 104.026390 -59.263291 -62.284626 42.982805 23.719076 -161.746573 121.787819 23.750060 -27.962268 -42.851829 59.246501 -16.333047 39.472754 84.556897 -24.019136 -83.844163 3.296259 -41.457849 3.437591 40.116915 -8.053332 27.751576 101.482866 11.621233 -36.736488 30.459016 13.924215 -46.778969 18.671401 -66.983547 62.984016 -146.153121 123.076947 88.693023 52.295811 126.341162 77.598049 -62.409867 -119.432766 188.454129 34.344880 -26.290202 16.920329 23.839908 -19.626571 23.777767 -74.289830 17.209937 -74.438076 -21.858737 -68.963136 -19.954583 -11.277203 57.099317 -13.735026 -11.328973 -55.263582 44.607665 -124.657496 -13.897515 10.018002 39.299046 43.377710 41.901474 68.115208 -130.692025 113.493852 112.970926 141.601523 -157.953178 21.374802 9.614109 -42.239112 -65.774019 45.630836 65.428921 -57.805812 58.591938 93.337911 -24.741971 67.361352 -12.852873 76.574641 3.859326 -76.273250 -76.726300 50.775431 29.460558 105.427403 127.804479 17.325895 47.867043 -109.837647 11.352099 13.929409 14.906017 -8.531618 17.630787 109.518424 -78.357403 58.241822 -24.063759 -16.331814 -40.516697 34.435542 50.896046 -1.332153 1.429648 96.177704 7.034690 -62.442589 -75.277334 16.795009 21.419393 -68.043922 -84.350164 36.495920 -107.969443 -123.267521 -14.014626 31.786180 42.588486 85.524047 7.011230 2.431087 -13.471614 -1.519612 107.859512 126.265334 -14.823322 -42.811705 7.189183 6.548941 -6.470086 0.378269 22.179009 -90.677649 70.007421 -26.232748 -52.181980 -9.192505 -13.351806 -56.777967 12.388299 67.046987 -13.054490 -45.676642 -56.084187 -30.908237 23.658321 59.800257 -68.429350 22.911636 -34.419878 38.462735 70.887526 17.973970 8.481553 79.183094 29.975759 -15.280209 93.426042 8.783563 -82.062544 -70.503629 -118.067429 28.594201 51.669280 24.210702 
0.000000 0.000000 0.000000 0.000000 0.000000 0.000000 0.000000 0.000000 0.000000 0.000000 0.000000 0.000000 0.000000 0.000000 0.000000 0.000000 0.000000 0.000000 0.000000 0.000000 0.000000 0.000000 0.000000 -1.842005 2.673897 -3.072172 -11.081574 4.374541 -3.258959 -3.026520 7.512180 1.183989 5.414381 0.926297 3.867906 -3.111283 -4.934737 -7.843804 -7.108684 1.969624 2.356523 -0.476882 2.824424 -11.906623 2.826954 6.499933 -1.514513 -7.308771 3.453896 1.787934 2.107701 0.317466 2.287434 -0.173966 3.158941 -2.314111 -9.795981 6.919722 3.986374 -1.794974 -2.578198 1.371392 8.543933 -2.872200 -0.495945 -2.745938 1.872721 1.567186 -1.982709 -4.580528 -14.568174 -0.119335 0.440118 0.178249 -8.380754 1.602850 -6.095186 2.670306 -4.753536 0.700858 -4.698421 -6.529754 -0.694794 11.467705 -0.872777 -2.250549 3.252900 1.250092 -1.716447 -5.682151 -0.402321 5.965287 -2.748525 0.828791 -6.334074 -3.695082 4.463510 -3.331844 6.740480 5.982780 1.107858 -1.821955 -0.272845 -2.244662 -5.359462 0.126564 -1.597875 0.073391 -0.916040 9.167043 2.043092 0.549082 -0.280412 -1.766566 -2.836066 12.644088 -6.594474 -7.274109 -3.586845 1.964230 1.064218 5.269671 -2.203948 -6.938907 5.668808 -3.752611 -9.863465 -1.780293 -0.475771 -2.909491 -6.370375 -0.318947 0.671661 3.211142 -0.897936 -2.436691 2.664335 -0.495708 6.614248 -1.766617 -3.688390 1.712516 -1.952567 -7.723816 4.093352 11.385217 -1.920680 -2.578193 -2.352953 -6.965047 2.822959 -2.168612 0.678326 1.027126 -1.452934 -5.139341 -6.270707 -2.288764 -4.589331 -4.009053 -0.876330 -1.230134 5.166295 6.351736 6.315267 0.575269 5.489576 -4.601554 0.838424 0.141406 0.597354 -2.073173 5.708190 1.122814 8.727870 4.260410 -3.801645 6.904352 1.584432 0.486183 4.651700 -5.944119 3.132619 0.156393 -3.031586 0.078268 -1.337101 -7.516917 0.246169 2.989307 0.956667 -0.168685 -0.289997 -2.920659 5.104158 -5.005819 1.030462 -7.903043 -6.674094 -1.971839 
0.000000 0.000000 0.000000 0.000000 0.000000 0.000000 0.000000 0.000000 0.000000 0.000000 0.000000 0.000000 0.000000 0.000000 0.000000 0.000000 0.000000 0.000000 0.000000 0.000000 0.000000 0.000000 0.000000 0.000000 8.331267 -3.069845 -26.336271 7.786908 -7.689323 -3.722040 15.268985 0.907332 10.966197 -3.518260 7.880903 -9.846700 -10.753288 -15.723083 -13.614133 4.421667 11.660001 2.467789 9.924356 -24.948593 1.055248 17.001912 -8.688052 -15.289090 8.146927 -0.414387 5.043579 2.192335 8.649786 -2.721811 3.498246 -9.730320 -21.623804 16.689424 10.903361 -4.693064 -4.140204 5.140268 21.391660 -12.107895 -1.042445 -8.522037 1.372791 -1.794750 -4.634511 -15.087942 -32.358005 -0.243556 2.065617 -3.892079 -13.468424 2.921985 -13.448692 8.286032 -9.530943 -0.126786 -5.570100 -17.627297 -1.498762 31.051937 -5.824407 -2.693099 9.180905 1.280023 -5.519011 -12.377976 -0.783831 13.116912 -4.441557 1.811376 -11.528015 -10.585523 10.544683 -11.939942 13.938118 11.508752 7.090864 -1.873197 -4.790163 -9.447133 -11.331917 -0.596553 -2.176580 1.718005 -2.214511 21.943894 4.014084 -0.301049 -7.631682 -9.255532 -2.673994 21.699192 -12.961039 -14.908954 -6.921220 4.534612 2.814364 12.582507 -6.663661 -10.228328 10.587908 -16.710915 -20.162881 -0.769297 -4.409231 -4.233349 -12.867292 -6.265909 -1.045471 12.832119 2.568494 -1.240676 4.372434 -3.143003 12.941676 -3.794851 -6.752526 5.951069 -1.412040 -12.239915 10.173392 22.127786 -0.162699 -7.465302 0.356159 -14.595819 6.946412 -5.707510 -3.514965 2.626305 -3.590194 -11.226041 -14.024598 -3.788937 -7.009456 -6.618153 2.079272 -0.745283 16.436472 15.229057 14.709575 0.730315 11.644696 -6.323894 5.102841 2.210222 0.753699 -7.222985 5.120234 2.939774 14.829594 6.707515 -13.916687 18.781941 0.768389 5.004452 10.780405 -13.849680 10.125163 -1.628808 -2.613997 -0.011170 -7.488577 -15.515925 -0.588099 5.667343 0.082825 2.613577 -4.879286 -6.195433 8.517004 -10.761580 3.884729 -20.060758 -13.147020 -9.942393 
0.000000 0.000000 0.000000 0.000000 0.000000 0.000000 0.000000 0.000000 0.000000 0.000000 0.000000 0.000000 0.000000 0.000000 0.000000 0.000000 0.000000 0.000000 0.000000 0.000000 0.000000 0.000000 0.000000 0.000000 0.000000 4.824186 13.311865 -4.944474 4.816892 7.981593 -11.019960 -2.406574 -3.782033 0.574135 -2.888765 4.152669 11.833928 7.494667 6.134163 1.188076 -0.086495 -0.684561 -1.205899 17.751249 -5.350550 -4.377028 3.273860 11.628727 -5.323770 -5.976069 0.083967 -0.556859 -4.233591 2.625804 -3.567509 2.365630 12.591714 -6.607402 -3.538274 5.025252 2.050323 -5.022446 -13.559473 3.032772 -2.841165 3.424465 -2.223246 -7.903948 1.490961 7.034504 14.937956 1.491658 4.431319 0.337922 12.157673 -4.461811 9.472809 -1.331457 7.751718 -3.459592 7.345567 8.250461 -3.652337 -11.790226 1.769444 2.657289 -3.341706 -0.845858 -0.819042 2.595087 -0.219115 -6.608928 4.364741 0.834837 7.494085 5.679855 -3.912233 3.592109 -11.571020 -10.188852 -0.389598 -0.041221 3.566948 -3.201432 4.846826 0.436332 2.363314 -0.328442 -0.286535 -12.550022 -2.053163 -2.863918 -0.579457 1.929766 5.075632 -16.887334 9.029460 11.257052 7.805493 -1.050062 0.686113 -2.883629 -0.935845 10.338526 -5.286678 6.992052 8.527762 -0.988469 4.248202 3.274188 8.122838 1.132196 0.866156 -3.845594 -0.323125 0.325685 -9.353659 2.402991 -8.799163 3.491346 2.033044 -2.853639 2.737325 9.644711 -4.225751 -12.811591 4.266955 3.871104 5.178059 8.206813 -0.406724 3.337186 1.764534 0.005178 5.023331 3.572734 2.238422 5.286110 7.066108 2.738547 -0.011911 2.109417 -5.056980 -6.919142 -7.342014 -0.099752 -8.607879 3.190070 -2.636827 0.123236 -2.426918 -0.308746 -7.882146 -0.637254 -13.328020 -2.532531 4.518226 -12.068145 0.379374 3.384479 -8.511580 7.682839 -3.643217 -0.957628 1.689622 3.551652 -1.139876 10.268468 1.035879 -1.114105 3.252863 -2.357526 -2.728657 3.112044 -4.373528 7.665516 -2.620230 6.547475 4.900440 2.789470 
0.000000 0.000000 0.000000 0.000000 0.000000 0.000000 0.000000 0.000000 0.000000 0.000000 0.000000 0.000000 0.000000 0.000000 0.000000 0.000000 0.000000 0.000000 0.000000 0.000000 0.000000 0.000000 0.000000 0.000000 0.000000 0.000000 -15.802350 4.706293 -8.418544 -4.460847 17.539966 3.981192 2.549405 -10.108257 8.782537 -8.226482 -22.347566 -5.152619 -3.620626 -1.896467 7.236439 5.494257 7.764407 -16.150099 4.482875 11.392583 -15.336610 -12.187390 6.812051 0.880293 4.618732 2.124337 12.732842 -0.627918 0.939570 -12.889455 -10.466708 10.450003 6.022091 -5.643573 -1.880970 8.732767 12.482221 -5.344700 4.991381 -5.886987 1.826964 4.407877 -5.593757 -17.760502 -12.502352 -0.209898 -6.503266 -3.881712 -8.049063 1.414787 -9.955951 6.545098 -6.057527 -2.641226 -7.066630 -17.843562 2.015865 20.972697 -5.163368 -1.687943 6.789862 -2.431588 -0.109408 -7.567125 -0.163558 8.790390 -5.672952 -0.318512 -3.682923 -12.238432 -0.792909 -5.743492 19.385728 15.510483 -0.539374 2.108596 -7.730380 -3.222250 -6.667474 1.540635 3.412814 -0.340870 2.663656 18.566837 -0.755307 6.693935 -5.539505 -2.430883 -1.517465 13.044727 -11.700326 -10.699524 -7.411664 4.569747 5.760037 6.778725 -2.713227 -8.891357 7.465490 -11.702475 -10.838531 3.982747 -10.739826 0.037728 -12.318187 -3.244161 -7.447797 13.602794 4.241288 5.576670 11.007056 -3.164404 11.278075 -0.945640 0.631852 3.725510 -7.779586 -8.133574 8.038570 14.229932 -4.715770 -4.078112 -4.863564 -13.956210 0.380018 -4.897968 -6.938793 6.821355 -3.639473 -7.699678 -5.466048 -3.912728 1.924946 2.122475 3.705089 -4.572731 13.388439 11.152227 10.106331 1.483044 7.351417 -5.017676 8.538344 4.915299 0.033794 -5.390366 1.225031 -0.588308 7.451073 0.304254 -13.383355 16.200485 -4.716282 1.394643 7.809697 -7.082847 2.750158 1.158574 0.524643 -4.656194 0.809526 -13.390438 -0.208573 0.378683 -3.720467 6.603125 -0.823697 -2.813192 -0.090265 -11.224523 0.080219 -8.939800 -1.973629 -8.391164 
0.000000 0.000000 0.000000 0.000000 0.000000 0.000000 0.000000 0.000000 0.000000 0.000000 0.000000 0.000000 0.000000 0.000000 0.000000 0.000000 0.000000 0.000000 0.000000 0.000000 0.000000 0.000000 0.000000 0.000000 0.000000 0.000000 0.000000 -1.095939 1.303201 -0.472261 -3.488374 -3.132578 2.355577 2.187008 0.754848 0.745419 2.806577 -5.164052 -0.177926 2.672058 -0.272841 -0.568747 3.032308 1.205761 -2.132888 4.595144 5.068458 1.580942 2.163056 -2.894852 1.613533 -1.317655 -2.613708 2.018923 1.501958 -1.990254 0.594835 0.498646 -0.494053 1.401151 4.715573 -2.529537 -0.792313 0.391936 -4.598306 0.529785 -3.736346 -4.754229 -1.460829 3.439857 -4.370031 -1.586166 1.104151 0.141359 -1.296672 -1.815841 1.233837 2.838284 -1.395880 1.720326 -1.099856 4.009612 -5.414417 0.224650 -0.821342 0.344598 1.991994 1.222256 -1.739828 3.162601 1.960556 -0.363236 -2.281286 -0.137271 -2.521828 -1.363086 3.287612 -2.494861 -4.016363 -1.767735 3.729854 -1.268787 1.263537 0.929293 3.304060 -0.308530 -0.988135 0.715597 -2.148412 -3.470496 -1.137756 -1.140478 0.951402 2.482464 0.755295 1.654215 1.550582 -0.166836 -1.627607 -0.698181 -2.282098 0.995281 -2.080822 2.320422 -1.516743 4.853693 -1.594301 -1.711992 -0.372789 -3.722645 0.045279 -0.774509 -0.314294 -0.960679 0.601878 -2.823632 -4.103965 3.067571 1.214756 0.795210 -3.564703 -1.591922 0.480998 -2.535679 3.674613 0.021210 1.090638 2.636086 1.807902 0.038916 0.456422 0.290375 1.016445 0.858582 2.463790 -2.149886 -2.716122 2.995625 1.624988 -3.618909 -0.408411 1.060468 -1.445227 1.456120 -2.726957 0.941046 -1.691907 -0.716774 -1.348869 1.346333 1.384289 2.329415 4.901243 3.281025 0.555685 -1.486931 0.590960 -1.927739 3.702464 1.412853 -2.852120 0.746626 0.651195 -0.890024 -4.218211 -1.555794 0.248865 -1.324703 2.769987 -2.086753 -0.659423 -0.477230 -3.162158 0.556277 1.138911 3.230682 3.297123 0.766123 -2.641064 0.854319 
0.000000 0.000000 0.000000 0.000000 0.000000 0.000000 0.000000 0.000000 0.000000 0.000000 0.000000 0.000000 0.000000 0.000000 0.000000 0.000000 0.000000 0.000000 0.000000 0.000000 0.000000 0.000000 0.000000 0.000000 0.000000 0.000000 0.000000 0.000000 -0.061429 -4.348137 -6.603236 -3.621931 6.825868 3.559159 2.730988 2.400800 5.481161 -12.291649 -0.673927 1.688769 -1.334742 -6.331164 3.615760 -2.475470 -1.049169 7.320639 11.756282 2.373329 2.904667 -2.913407 6.696029 -3.205667 -5.264542 1.135840 2.827990 -5.427162 -0.168442 0.525230 -1.303376 0.424730 8.772974 -6.671626 4.117515 -0.185015 -10.346551 -1.098401 -8.582935 -4.903722 -1.510102 8.402704 -14.586086 -1.860639 -1.424602 1.838459 -5.450923 -0.231059 -2.303098 5.658218 -4.303759 8.332514 -7.245048 7.490292 -5.306214 0.848232 -2.053027 1.478749 2.972005 5.456892 0.155718 7.939072 1.148309 1.849427 -5.373966 -0.829619 -6.331735 -6.164254 7.719653 -2.963938 -3.382259 -1.613101 8.753832 -3.235631 0.904758 6.853866 8.539910 2.919667 -5.157921 -0.765658 -4.612726 -6.126846 -3.245881 -2.576632 5.891499 6.026405 -2.574192 9.012441 2.495618 -4.559021 -7.307927 -4.953563 -7.134537 2.082163 -1.411471 -1.160036 0.647168 6.982507 -1.615548 -0.217619 -0.011317 -10.028005 0.352829 1.094020 -1.370790 -1.778005 -1.947450 -5.211448 -4.861898 7.106320 5.121154 -3.570935 -5.418253 -2.731745 -3.335068 -6.258397 3.937338 5.786953 1.282229 1.324733 0.999826 0.440093 -2.294829 -2.391459 0.607776 4.064700 3.650581 -4.866106 -2.638789 4.642108 -1.067393 -8.080197 -0.874007 0.618299 -5.517241 5.410338 -1.175865 -1.656658 -0.881111 -1.950317 -4.591292 1.782234 6.496378 1.693955 14.284790 5.446264 5.258920 -3.479009 1.534118 -1.456319 9.713357 -0.497294 -2.419774 -3.078870 -1.590101 1.069092 -6.659069 -9.691426 1.417222 -6.438207 5.106845 -6.996817 -4.501506 -0.478639 -5.371747 1.150680 5.020753 6.809146 8.448949 1.229835 -4.851483 0.979661 
0.000000 0.000000 0.000000 0.000000 0.000000 0.000000 0.000000 0.000000 0.000000 0.000000 0.000000 0.000000 0.000000 0.000000 0.000000 0.000000 0.000000 0.000000 0.000000 0.000000 0.000000 0.000000 0.000000 0.000000 0.000000 0.000000 0.000000 0.000000 0.000000 -386.826790 -586.404241 -326.371094 605.780423 325.152877 238.813207 217.371090 495.707559 -1092.568791 -57.454056 158.757770 -130.371599 -562.775889 318.758907 -214.644537 -92.850870 648.701499 1055.292272 211.171646 255.380661 -257.141663 590.042175 -285.644288 -477.488860 106.411955 252.756001 -476.730631 -17.078375 49.193693 -118.634842 41.651130 775.076300 -595.898696 356.566885 -4.082268 -917.590841 -90.647414 -752.712990 -436.377278 -133.926963 751.045443 -1289.845591 -166.834810 -113.090521 165.670918 -482.575888 -21.356916 -205.485757 494.137022 -377.660704 739.173534 -642.066785 676.010745 -481.321785 70.640436 -174.330332 128.146002 260.822301 483.355336 17.059646 696.199821 103.277714 163.688106 -464.356783 -69.079604 -563.590136 -534.702203 684.284608 -255.188691 -308.205020 -143.598981 767.729474 -289.660666 85.705981 610.118142 749.434399 259.270214 -458.656247 -65.190342 -410.881435 -537.864485 -293.313126 -230.502032 524.198627 541.476600 -233.277557 798.305786 218.505999 -397.149053 -646.674909 -436.924980 -632.152127 186.136243 -124.663336 -103.113057 51.922287 625.572279 -142.027482 -26.058206 7.128273 -880.380495 34.520262 97.577098 -115.283927 -168.105659 -177.975049 -471.368134 -440.995957 629.635214 452.621781 -310.890392 -487.582244 -249.275232 -284.961462 -555.507351 349.614891 502.432090 109.817293 120.559884 91.683700 35.274561 -199.097830 -208.997695 65.914264 360.471560 332.810971 -427.548245 -238.133118 411.200593 -91.517798 -719.219655 -82.247181 53.541023 -494.919615 476.258531 -109.873087 -147.502493 -73.365983 -181.945249 -406.856479 153.169424 577.768892 158.107319 1278.103028 478.784671 475.887860 -300.159541 141.850444 -136.559057 859.345683 -47.698557 -217.256280 -267.640743 -142.280912 97.598123 -599.365205 -858.677891 131.302313 -568.075296 457.151256 -613.082764 -394.837270 -50.824225 -473.139118 98.748323 449.351733 604.215601 747.987000 107.119656 -433.602544 93.321326 
0.000000 0.000000 0.000000 0.000000 0.000000 0.000000 0.000000 0.000000 0.000000 0.000000 0.000000 0.000000 0.000000 0.000000 0.000000 0.000000 0.000000 0.000000 0.000000 0.000000 0.000000 0.000000 0.000000 0.000000 0.000000 0.000000 0.000000 0.000000 0.000000 0.000000 0.943078 15.880859 -13.489953 -7.704475 -7.641916 -1.286842 -6.467812 21.177504 -6.357515 -17.340145 4.995242 2.221498 -19.264730 -13.602917 6.084191 -25.785707 -16.805829 -7.108973 -8.077922 13.719868 -11.554725 7.062987 11.572241 -17.838841 -5.886598 12.292652 -4.992858 -6.670018 1.245160 -7.851138 -16.364033 11.064054 7.099736 -13.733464 17.614003 -6.529074 4.430294 22.391820 7.518005 -11.809563 9.542396 6.990684 -9.817311 -1.134075 0.345409 10.043708 1.179371 -10.122217 -5.678677 1.997537 7.257796 -13.712920 29.916204 -4.620171 -2.711098 6.218647 -9.101435 -1.546393 2.042828 0.033555 -9.497817 -1.539684 3.750814 -1.981812 9.882369 6.599476 -5.583553 -0.146182 8.582172 0.903698 -1.553552 5.134655 -7.440451 -2.975157 -2.890506 -1.793036 -0.315807 -6.142293 5.883674 5.917267 15.702893 -1.533453 -6.093140 -20.584781 -0.651859 -2.790577 1.062295 -9.080114 6.545685 0.497115 1.305130 -10.685574 13.989463 -14.685454 2.456035 -24.202266 7.851813 10.519000 1.709789 5.115041 2.764661 -0.813813 5.558159 0.791707 -0.633300 14.449568 18.450731 -10.250047 -13.914624 -6.493287 15.080367 8.857948 0.275444 11.384746 -15.826029 2.638808 0.196236 -11.976508 -6.091926 12.096381 -3.188104 2.412538 -9.694443 -8.957441 -20.856403 11.013913 14.805067 -12.615140 -17.888253 13.193290 7.256549 2.691731 3.117636 -8.286209 9.901315 -5.432681 7.949465 16.785231 2.173804 -7.862878 -3.466378 -6.489479 -27.362128 -6.412585 -2.019617 2.976568 1.470033 10.856862 -7.661672 -5.206519 14.989604 -10.815599 2.979745 -5.992325 22.452184 7.777672 -12.499608 9.483306 -16.997048 1.973671 -6.157283 3.838287 13.952178 -0.257852 -6.144503 -9.447953 -9.383740 -2.870654 11.260205 -3.412654 
0.000000 0.000000 0.000000 0.000000 0.000000 0.000000 0.000000 0.000000 0.000000 0.000000 0.000000 0.000000 0.000000 0.000000 0.000000 0.000000 0.000000 0.000000 0.000000 0.000000 0.000000 0.000000 0.000000 0.000000 0.000000 0.000000 0.000000 0.000000 0.000000 0.000000 0.000000 -129.845287 109.973880 66.110785 58.799252 9.822841 50.977674 -171.167303 54.067208 143.881395 -45.759994 -17.722817 153.615867 117.069603 -49.596934 207.023484 136.773649 56.256358 66.081626 -112.572008 91.365813 -54.422817 -96.622124 147.761062 46.136519 -96.909602 40.267079 55.195410 -7.643353 64.859281 127.218586 -89.265024 -66.143378 118.916982 -137.727572 56.142021 -25.911438 -176.658354 -60.204530 93.645392 -68.976062 -57.314934 88.288260 9.234069 0.712166 -83.640747 -13.074225 77.702518 50.623910 -21.323570 -59.055465 114.187212 -246.166960 36.913089 25.510173 -55.437086 71.420472 10.055518 -13.870002 -10.284977 75.786123 13.652345 -19.809182 16.601636 -78.641246 -47.496977 37.463820 8.153016 -68.807797 -4.772157 2.460886 -43.864903 63.241283 20.781686 12.862077 15.908396 4.584571 54.691699 -45.586017 -40.855228 -132.935962 12.687495 48.880529 168.490567 3.127817 20.824814 -13.447474 81.049676 -52.991014 1.152629 -7.084304 89.976101 -112.240531 118.608039 -24.367031 196.209857 -61.935514 -90.037493 -10.392449 -33.929064 -22.983622 7.009455 -41.621076 -9.208133 2.528090 -120.306365 -152.197058 79.073064 110.041952 58.479460 -123.607886 -73.680991 3.093136 -90.772843 124.878594 -27.511411 -5.181557 94.340276 48.394929 -99.068454 24.177498 -19.441021 82.945118 72.304552 174.474776 -85.537605 -122.145331 102.684088 148.661647 -105.524241 -60.112383 -25.074829 -24.866378 62.112463 -83.673714 42.941039 -61.882482 -142.880738 -14.228693 62.218610 26.545914 58.709312 223.424382 47.179488 17.882317 -18.853624 -8.718249 -92.211269 53.312099 41.105068 -120.585083 93.823289 -26.360836 50.637090 -185.187564 -58.916449 106.515796 -74.485806 140.652086 -9.421911 52.685378 -34.763496 -108.766793 -2.182014 50.271151 73.924457 71.680235 21.083004 -90.508041 29.066086 
0.000000 0.000000 0.000000 0.000000 0.000000 0.000000 0.000000 0.000000 0.000000 0.000000 0.000000 0.000000 0.000000 0.000000 0.000000 0.000000 0.000000 0.000000 0.000000 0.000000 0.000000 0.000000 0.000000 0.000000 0.000000 0.000000 0.000000 0.000000 0.000000 0.000000 0.000000 0.000000 -1.826680 -3.280131 0.587160 1.042706 -1.466703 0.934181 2.454484 2.652717 -1.930004 -3.550192 -0.870576 -0.694653 1.140280 -3.762788 0.578635 -2.856357 -0.777046 2.802564 -1.056327 -0.499410 1.729826 1.101063 -0.705798 -2.456327 0.118816 1.952559 0.189042 -2.672837 -3.184461 -0.708335 -2.017578 0.997070 1.840086 -3.805270 -0.507495 3.448972 1.485185 0.816061 3.028973 -0.168172 -2.072193 0.913075 -2.327623 1.137740 2.504550 -0.346552 -1.211439 -2.162399 1.834388 -1.761928 5.982182 -1.316648 -0.029408 2.270138 -3.554031 -0.417625 1.373306 2.677935 0.020095 0.313423 -5.363650 0.254663 2.390426 -2.535942 -0.603405 1.170702 4.796491 1.239655 -0.494039 -0.744456 -0.626716 0.778577 -1.492433 0.346080 0.759085 -0.061090 0.948796 3.101010 -2.174132 1.671831 2.199408 3.389063 -0.615508 1.336864 -1.624906 -2.272167 -0.278375 -0.822596 -2.622347 -0.258787 1.157015 -0.950390 3.685213 1.090303 2.017481 -0.599207 -1.522904 0.714410 2.715621 2.154615 -1.192438 3.697704 -1.105031 0.375352 4.346401 -0.495006 0.538910 -0.191519 3.465277 -2.895689 -2.718089 1.750968 -1.064733 0.123676 -0.883010 4.238381 -2.034099 2.550943 -1.553037 0.986790 -2.698428 -0.626471 -3.660229 -0.257124 0.172089 0.418121 5.082515 1.106076 -0.565323 -3.702497 -0.057161 -3.612936 1.195397 3.419282 -0.929612 -3.333396 0.232793 0.352100 -0.937578 0.362086 -2.100330 -1.011289 -2.295280 -2.105480 0.584546 6.493945 -1.123959 2.747560 -2.709490 -1.534620 -4.201904 -1.282657 2.934215 0.253657 0.542748 -1.957705 -1.075136 -4.538549 -1.038579 2.977477 4.154631 1.045339 -0.712614 -2.809336 -3.132535 -0.982858 1.118829 -1.834990 
0.000000 0.000000 0.000000 0.000000 0.000000 0.000000 0.000000 0.000000 0.000000 0.000000 0.000000 0.000000 0.000000 0.000000 0.000000 0.000000 0.000000 0.000000 0.000000 0.000000 0.000000 0.000000 0.000000 0.000000 0.000000 0.000000 0.000000 0.000000 0.000000 0.000000 0.000000 0.000000 0.000000 6.323694 4.079748 -0.406238 3.982142 -3.067163 -6.294345 -4.742955 2.549545 7.554089 3.635467 -1.155877 -3.459458 9.706772 -1.636851 5.540451 -0.076849 -4.986523 1.970285 2.474038 -3.634119 0.819985 2.763012 3.414069 1.085148 -1.495865 1.714741 4.822851 4.670226 0.216424 0.282240 -1.943717 -5.211733 9.033355 -1.536394 -9.843231 -4.469767 0.070485 -7.450151 1.352459 6.227209 -2.517217 4.584786 -5.232291 -3.137749 3.717034 3.019930 3.080493 -3.191621 4.290095 -14.862098 4.228697 0.797703 -2.938243 7.095161 1.322581 -4.345773 -1.940808 0.414752 -2.132980 6.386802 1.920612 -3.986565 0.157648 2.190446 -3.075979 -10.109192 -3.277684 1.921042 0.476433 4.427561 -1.694713 3.894445 -1.376733 2.601067 -1.847475 -0.757692 -4.402481 4.855769 -2.707341 -1.748580 -3.362609 1.521864 -0.544214 5.136293 0.875508 3.859523 2.432078 5.163645 1.151199 -4.167560 4.733236 -6.909157 4.476258 -8.320686 -0.242839 -0.529490 -1.014697 -6.458384 -6.393568 2.236729 -4.645653 2.149253 -3.380055 -8.854674 2.486037 0.912644 1.999443 -7.238587 2.197467 3.395461 -1.100934 5.321720 -1.011051 1.043026 -2.120734 4.665010 -4.093748 7.198814 0.870406 7.974453 2.284842 11.995036 -1.019815 -3.897660 0.042113 -5.076693 -4.647332 1.783756 2.730777 2.869059 7.496249 -1.450786 -2.188595 4.406237 1.788509 1.389903 1.486555 0.613172 3.887525 3.474257 2.298232 3.012551 3.805736 -1.312217 -6.901809 4.143332 -2.718182 0.560584 1.556369 5.492125 2.602812 -6.717021 -0.815264 -1.803281 1.165031 3.898419 9.214925 5.498258 -7.443662 -6.229422 -3.551773 1.717402 2.276717 4.538983 1.426186 -2.389110 3.871855 
0.000000 0.000000 0.000000 0.000000 0.000000 0.000000 0.000000 0.000000 0.000000 0.000000 0.000000 0.000000 0.000000 0.000000 0.000000 0.000000 0.000000 0.000000 0.000000 0.000000 0.000000 0.000000 0.000000 0.000000 0.000000 0.000000 0.000000 0.000000 0.000000 0.000000 0.000000 0.000000 0.000000 0.000000 -8.187304 -3.040550 -3.109194 1.775359 6.275104 -3.338431 -3.711320 -10.669434 -10.657329 5.205446 1.264487 -9.590517 -1.038306 0.336753 0.309949 0.144077 -2.094337 2.891978 3.607102 -5.409273 -3.966045 0.121811 0.737462 -5.110928 2.709246 -3.485635 -7.068505 -1.388959 -8.869169 -2.073188 4.546160 -1.903131 7.596279 16.131017 4.447240 -3.207828 2.925218 1.051638 1.516687 -1.459242 -0.974685 3.760261 -5.620025 -6.041668 -6.759622 -0.844428 -1.352873 2.038406 11.345827 -2.154169 0.217087 2.426540 -5.951502 -1.174903 5.535159 -7.813203 -5.299574 2.110424 9.849134 -3.006149 3.374985 5.498588 -8.330892 4.219942 -0.093595 3.486246 -4.400036 -4.923310 -5.040410 1.339844 -1.565733 3.814480 -4.589143 5.305656 -0.176411 5.786382 -5.823991 -2.173981 -4.581522 -2.311951 -0.971906 3.731684 0.128299 3.023596 -4.989128 1.304418 -1.805521 0.215155 9.492387 -11.261801 -0.806473 -12.322909 10.756434 1.791587 4.265469 -1.463691 -0.065326 2.623024 4.845491 -3.180588 -5.185234 1.222676 6.011719 -1.641583 -8.579083 -1.222968 6.351790 -0.640608 0.219615 3.334620 -12.246832 0.439756 -2.585205 -11.061498 -3.192644 13.061427 -12.389346 -3.490045 -7.007090 -0.125952 -6.417506 7.110757 6.893595 -0.751687 -5.949986 2.422387 4.651269 -1.174872 -4.269676 -7.214077 -1.361509 -3.290676 2.002822 1.737657 0.212302 -1.202627 2.760487 4.473932 0.324259 -5.401639 3.453345 0.446196 6.845805 -3.227860 -8.358707 -3.201615 9.286317 5.134448 -3.685526 -6.676173 4.320022 -0.587115 1.027778 3.060465 0.516853 -1.403179 -13.798754 1.505574 5.056302 0.124774 -1.657943 2.361465 -2.720978 -4.552846 4.165174 -0.307093 
0.000000 0.000000 0.000000 0.000000 0.000000 0.000000 0.000000 0.000000 0.000000 0.000000 0.000000 0.000000 0.000000 0.000000 0.000000 0.000000 0.000000 0.000000 0.000000 0.000000 0.000000 0.000000 0.000000 0.000000 0.000000 0.000000 0.000000 0.000000 0.000000 0.000000 0.000000 0.000000 0.000000 0.000000 0.000000 -0.031658 -2.842939 3.106438 -1.461411 -3.267262 6.469543 10.836958 4.725278 -4.766604 1.701884 4.631589 -6.226346 6.747623 -1.461604 -1.329817 6.270018 1.013809 -0.918031 -0.012067 1.895374 2.510415 0.309370 -0.936704 -3.321980 2.236529 6.102014 6.789075 14.805427 -1.619627 -5.312235 7.950130 -1.677372 -9.540007 -2.449918 -6.102934 1.172658 -0.503269 -5.094558 -2.885145 5.953451 0.266110 -1.752479 -0.719759 2.968926 -0.418375 3.532227 -3.044359 -8.302281 1.529950 -3.059463 -3.442837 10.541460 -1.785249 -4.622392 0.416637 5.599731 -1.416976 1.512740 -1.566362 -7.044273 1.721575 2.841905 -2.498547 -5.876042 1.438759 2.630061 8.713212 -2.955095 3.032816 -0.448954 0.288965 -0.982153 -4.107002 -2.281450 -6.084506 5.106366 3.433468 -3.000535 -7.226288 1.062006 -5.777951 6.278981 -0.020176 0.803775 -0.400665 4.111790 -3.503340 -1.757338 6.187678 -6.118526 -7.054324 -0.457343 1.811112 1.168272 2.951793 -5.730748 -5.869941 -1.585703 -0.767094 5.924989 1.431409 -1.551400 3.018653 4.265570 -0.586950 -4.891561 3.264532 -2.163115 -1.976992 9.020042 -1.930567 3.099948 1.450269 -2.969872 -12.787262 7.020724 -1.274080 3.544292 -0.353675 -0.462254 -0.246392 3.292339 -0.805393 -5.521373 3.276754 -0.328376 7.315413 1.914805 8.690744 -0.522159 -1.894619 0.589619 9.388905 3.100920 -4.153707 0.504041 -4.792014 0.913293 2.226642 6.573023 2.380864 -6.495352 -3.355710 5.302821 -3.026796 4.539355 -2.360126 4.037889 3.302152 -3.003744 -1.298329 -2.434902 3.641547 -1.532916 8.239693 2.415237 0.149079 -6.187029 3.934830 -1.797521 4.279485 7.608058 4.074932 -2.918538 -1.668694 
0.000000 0.000000 0.000000 0.000000 0.000000 0.000000 0.000000 0.000000 0.000000 0.000000 0.000000 0.000000 0.000000 0.000000 0.000000 0.000000 0.000000 0.000000 0.000000 0.000000 0.000000 0.000000 0.000000 0.000000 0.000000 0.000000 0.000000 0.000000 0.000000 0.000000 0.000000 0.000000 0.000000 0.000000 0.000000 0.000000 204.857147 -224.728536 104.332145 236.927512 -466.306218 -787.834092 -345.489012 350.794060 -125.782333 -332.297893 451.253614 -494.707529 109.108012 97.865997 -459.303278 -72.934417 67.294449 -2.332712 -138.742219 -181.606501 -20.987228 63.407064 243.698599 -161.384905 -441.609472 -495.610789 -1082.227790 116.384042 390.082501 -581.714874 117.265193 694.201007 179.382954 445.251391 -83.195923 36.535368 372.632445 208.931719 -433.859684 -22.042769 132.550601 56.111695 -216.881385 29.173144 -258.171286 220.747655 602.585458 -113.171346 219.854133 251.526822 -767.477010 129.388622 336.207554 -27.752136 -411.393455 102.748211 -111.460334 114.077532 518.351341 -129.389393 -206.567955 178.842914 428.714255 -107.803729 -186.369371 -636.884343 214.550455 -226.195558 38.988381 -21.964228 72.559690 299.213565 166.990417 439.712179 -366.963745 -249.724556 217.594489 525.276440 -76.306776 419.306081 -458.862442 1.594320 -55.663623 30.265498 -300.482373 254.784620 125.538452 -450.151630 445.981420 515.133978 27.696970 -130.406418 -90.148164 -218.595821 417.514354 427.505187 114.311368 55.611918 -430.586975 -101.801249 110.944387 -221.552724 -316.251591 41.115447 355.477953 -234.481078 159.413182 142.253972 -658.715058 144.785431 -226.818354 -106.255395 219.988092 934.358941 -512.991556 94.344291 -262.649049 24.989726 33.911794 18.224267 -241.215189 61.573226 401.414583 -239.029678 23.353868 -532.819511 -135.990095 -631.140915 36.305825 138.168782 -47.217615 -678.873476 -226.316292 306.488213 -39.141957 348.170371 -72.241861 -160.169606 -488.279663 -178.101801 473.659188 238.798552 -386.624611 224.091408 -333.566796 173.370436 -289.620497 -241.242098 220.003939 96.262598 176.054492 -264.820417 111.295928 -603.853088 -175.282151 -6.483517 448.938505 -288.715025 128.752893 -310.357144 -555.316573 -296.219999 213.293198 122.973983 
0.000000 0.000000 0.000000 0.000000 0.000000 0.000000 0.000000 0.000000 0.000000 0.000000 0.000000 0.000000 0.000000 0.000000 0.000000 0.000000 0.000000 0.000000 0.000000 0.000000 0.000000 0.000000 0.000000 0.000000 0.000000 0.000000 0.000000 0.000000 0.000000 0.000000 0.000000 0.000000 0.000000 0.000000 0.000000 0.000000 0.000000 -9.245030 4.397738 -6.532458 -4.094928 -9.641238 -2.824494 -11.053593 2.600798 -12.028792 -0.600563 13.272645 -6.590093 -7.555221 16.829943 7.118447 0.557389 2.984412 0.964969 -5.607903 -1.739522 5.630660 4.572587 -6.852934 -8.438922 2.547750 9.772819 -7.085214 -13.522727 11.899658 8.570781 9.444913 -1.699602 -6.687583 -8.495335 2.151270 -5.849789 -3.098692 5.142892 5.655735 -18.558281 -7.093807 -6.047778 2.966293 0.172789 4.124636 8.471043 7.422264 -0.899038 -1.913984 4.406249 3.209189 -0.862796 -4.801558 3.409268 2.854756 5.739998 -3.414674 -14.406805 2.578431 -5.454839 3.373907 -7.239397 8.860464 -6.963430 -0.357539 -2.124022 12.974571 -13.397655 8.676283 -2.150856 -0.959594 -0.961554 6.324742 -9.605442 -0.429492 2.209151 -4.386574 0.107699 11.510161 16.912034 -5.370897 -10.671993 -1.336922 -1.722691 0.896266 10.660681 -6.165931 -4.857597 -14.396524 18.328071 -3.691553 8.707794 4.105887 -8.475716 -4.132990 7.500782 4.166386 -1.989185 -8.761216 8.067104 11.781805 7.956549 1.925076 2.497535 -6.657607 -12.735089 7.986261 1.415885 -3.418376 5.838787 -6.090432 -16.509141 3.135910 -1.189168 -9.630981 1.948012 1.769979 -1.883421 0.345645 8.183598 -0.230219 -5.172439 -0.536481 7.992356 -0.918066 -6.573725 -0.366552 2.113197 -0.554570 11.886587 -3.689102 3.213638 -8.284561 7.530015 9.620561 15.801158 -8.267457 24.729429 8.120343 2.771252 14.030203 3.042036 -6.689409 14.160507 -5.035998 -15.546503 -4.999220 0.914595 -7.722353 -0.851928 -1.159645 4.880246 10.924697 -13.629059 -6.421284 3.221816 6.466258 0.598056 2.533846 7.549114 -4.418127 -2.899943 -8.014063 
0.000000 0.000000 0.000000 0.000000 0.000000 0.000000 0.000000 0.000000 0.000000 0.000000 0.000000 0.000000 0.000000 0.000000 0.000000 0.000000 0.000000 0.000000 0.000000 0.000000 0.000000 0.000000 0.000000 0.000000 0.000000 0.000000 0.000000 0.000000 0.000000 0.000000 0.000000 0.000000 0.000000 0.000000 0.000000 0.000000 0.000000 0.000000 -1.462987 7.171422 -9.082899 -7.637948 -2.807960 3.272732 -1.971694 -6.657974 6.056020 -13.938735 5.081053 5.411686 -19.625580 -7.939743 5.822823 -0.094778 -2.494518 -7.237252 -1.303899 2.825167 0.950897 -3.053292 -8.801137 -5.817325 -20.691069 3.523339 13.436200 -18.858425 1.070617 11.683818 4.455271 10.359314 -2.085738 -1.021995 4.800594 8.722265 -17.084013 1.077587 6.628530 4.308363 -2.306912 4.517563 -3.419465 0.833863 12.569370 -0.075223 3.746762 10.368459 -18.920834 1.976567 6.266886 1.882020 -7.031129 -0.910645 -6.108605 2.321770 12.986291 -1.800175 0.311275 -1.318600 14.331985 -0.338902 -2.172795 -8.350070 2.736320 -7.510841 8.698819 -6.163822 0.479825 4.286810 0.445212 11.391263 -4.134741 -4.477866 1.421277 9.381144 -2.630688 5.806294 -16.271088 -0.297686 0.223182 1.289329 -2.903174 6.698567 -0.575409 -9.878417 11.028091 15.023191 -4.034407 0.128797 -4.118011 -5.822678 8.176166 8.054035 -0.169520 2.646536 -5.439402 2.249919 1.824865 -8.024441 -5.148309 1.650214 9.869989 -3.720433 7.949846 -1.981069 -11.379865 3.217176 -9.658583 0.778046 8.276844 16.029042 -11.867014 6.570394 -3.253279 4.101128 1.048883 1.302761 -4.826897 -3.228129 6.462479 -4.086035 0.843681 -9.774069 1.920505 -15.235446 4.169188 2.539938 3.695835 -12.915075 -3.539052 10.366223 -0.370600 3.026097 -6.330413 2.201998 -12.960618 -4.919882 5.082679 7.953070 -10.953342 5.160333 -7.471085 1.099394 -0.089143 -3.432376 4.939929 3.676409 3.265960 -7.419866 0.612865 -17.703494 -0.732161 0.408773 11.029793 -5.044483 3.088955 -7.006213 -16.201180 -6.968000 9.089052 5.932578 
0.000000 0.000000 0.000000 0.000000 0.000000 0.000000 0.000000 0.000000 0.000000 0.000000 0.000000 0.000000 0.000000 0.000000 0.000000 0.000000 0.000000 0.000000 0.000000 0.000000 0.000000 0.000000 0.000000 0.000000 0.000000 0.000000 0.000000 0.000000 0.000000 0.000000 0.000000 0.000000 0.000000 0.000000 0.000000 0.000000 0.000000 0.000000 0.000000 0.823382 0.189730 -3.349850 -2.515586 9.048526 1.964370 8.293162 1.854353 -12.825942 7.362623 8.922486 -9.760142 0.295811 -0.296201 -3.036447 -0.279849 -0.176134 1.951030 -8.002502 -4.398271 3.142577 7.970188 -4.312969 -8.247533 2.810155 9.317869 -13.362961 -10.346612 0.750849 3.365465 3.984151 3.569292 -1.115866 1.570724 0.722019 -6.844729 -2.658405 8.966598 2.927612 -0.695599 -2.233244 -6.272876 0.473585 1.643175 -9.927323 1.884419 2.392923 -5.414996 1.279241 6.943480 2.957052 -4.495258 -2.998902 -4.110252 -0.070533 14.053269 -6.004368 1.623741 -2.135123 4.606193 -8.166049 5.432816 -6.950610 0.308822 -6.741635 14.096149 -4.333667 -3.043362 -2.721435 -1.337646 -9.044731 4.267107 0.088896 1.382236 7.730226 -3.713387 0.840842 -10.293345 3.965475 2.375815 -2.273761 -4.546738 -1.853442 -4.411401 -3.808720 6.957382 7.712055 -8.735410 3.958358 -9.894561 -8.070601 8.103844 8.759266 -6.311075 -6.561044 -5.600037 5.422981 -3.650668 -10.412167 -9.193094 -10.683795 -0.097390 8.465993 4.542939 -5.796220 -9.135452 7.527904 -7.077471 -2.960753 12.638850 2.098751 -4.959778 5.290527 -5.502194 -0.771691 -1.233856 2.534107 -5.405463 1.093505 -3.211554 -0.684520 -5.707962 -1.364789 -4.344567 1.568090 -5.231358 -3.833191 -10.956805 4.959448 -4.207467 6.257124 -4.312731 -11.262511 -4.322993 2.052986 -17.324732 -9.536502 1.719992 -14.151984 -1.815397 0.600193 -10.370436 4.786187 5.918488 2.224787 3.071803 -5.554338 -0.433862 -1.873021 0.585058 -13.429340 3.066167 8.608505 0.724002 -3.878792 -0.106165 2.941382 0.417626 3.096714 2.803467 6.145147 
0.000000 0.000000 0.000000 0.000000 0.000000 0.000000 0.000000 0.000000 0.000000 0.000000 0.000000 0.000000 0.000000 0.000000 0.000000 0.000000 0.000000 0.000000 0.000000 0.000000 0.000000 0.000000 0.000000 0.000000 0.000000 0.000000 0.000000 0.000000 0.000000 0.000000 0.000000 0.000000 0.000000 0.000000 0.000000 0.000000 0.000000 0.000000 0.000000 0.000000 7.562409 -4.004814 -5.598646 51.770558 17.444094 60.688367 4.486980 -77.020442 46.837702 59.614120 -52.843574 8.672973 -3.620053 -16.305309 2.527995 3.057142 11.845028 -52.933880 -40.809294 25.156728 68.641859 -17.260343 -23.873502 15.988580 50.992741 -78.900091 -73.180381 -11.827204 16.301568 16.942905 26.791313 -11.098379 -1.426159 1.188242 -35.604696 -15.440772 53.185944 17.327042 2.703266 -16.071090 -39.307537 1.661593 -1.220285 -66.757591 11.880953 7.516968 -21.180140 7.913119 46.193482 17.526677 -15.957941 -22.438902 -29.564994 -5.959848 80.021195 -35.129129 15.688763 -19.929608 19.305394 -53.366080 35.202558 -32.898000 -1.113864 -38.223636 90.126407 -27.566285 -23.302226 -27.682851 -14.530125 -77.609597 31.799231 6.699440 5.507423 45.573150 -23.651396 -3.756112 -57.544332 28.207493 12.177938 -19.388876 -25.791759 -16.345219 -34.794207 -13.331004 38.107230 42.788004 -53.242989 25.101752 -63.706033 -44.984569 49.915253 50.878626 -48.790216 -49.199035 -31.056394 36.810885 -29.956154 -64.870313 -48.875647 -74.752335 -10.300748 66.561870 26.695949 -42.210074 -45.992693 43.556639 -41.252446 -16.924107 80.741011 -11.193628 -18.121291 33.361687 -28.312155 -6.749622 -10.393720 14.363111 -31.841093 2.312251 -33.709801 -0.807107 -42.492948 7.448546 -34.963857 25.254937 -40.645461 -34.238608 -78.873816 47.546817 -26.484218 31.750066 -26.957504 -89.323358 -20.175640 14.943129 -102.750520 -59.416602 -1.183765 -103.016274 -2.010958 -7.621848 -62.830129 28.882458 44.534050 26.713457 15.629779 -44.513686 -6.962260 -4.820035 2.572851 -76.939914 26.912167 58.911883 -6.474717 -18.515615 -1.281572 27.809490 25.178396 30.772458 13.275839 40.572102 
0.000000 0.000000 0.000000 0.000000 0.000000 0.000000 0.000000 0.000000 0.000000 0.000000 0.000000 0.000000 0.000000 0.000000 0.000000 0.000000 0.000000 0.000000 0.000000 0.000000 0.000000 0.000000 0.000000 0.000000 0.000000 0.000000 0.000000 0.000000 0.000000 0.000000 0.000000 0.000000 0.000000 0.000000 0.000000 0.000000 0.000000 0.000000 0.000000 0.000000 0.000000 -64.730844 -50.575729 4.681057 -18.390307 -29.207392 13.808755 37.729855 -26.322373 -40.279948 29.005206 -9.247939 -11.736870 -19.932497 -15.552848 1.080334 3.393604 6.919502 74.102762 -22.308392 -76.384873 -27.657936 -67.183393 -7.994555 -11.218090 49.387606 43.336981 50.667661 11.383654 0.107902 -23.062587 30.919660 42.912024 -15.326769 27.003844 -5.932243 -13.114319 -16.486472 -30.558902 -0.562114 16.338339 3.015551 22.624828 27.443578 -20.173607 5.599569 0.810878 -4.325989 -44.389323 -1.231228 -42.924667 21.858295 52.351165 22.574016 -3.804208 -4.196828 -31.685266 39.545681 -3.314418 12.010508 7.106522 -23.534798 3.696666 6.333752 -45.654577 26.435660 19.137558 39.219475 28.555278 80.499444 -8.237346 -20.497716 11.313121 -33.016430 8.534417 31.604172 29.485070 -19.933705 14.006223 24.094847 -2.930224 -2.143862 45.879098 -25.537301 -15.002409 -38.119200 9.341931 -0.394843 30.658191 -5.759528 -29.562243 -14.842784 58.132789 37.236211 0.295404 -25.045338 33.625450 27.641538 -31.530232 32.342593 17.787357 -59.497977 -16.950299 42.963328 -22.277150 6.616510 19.327539 -18.511784 -43.330602 73.791011 -25.325529 -27.482984 -19.069554 -6.621534 9.041728 12.561396 8.340164 37.184891 40.212522 -0.737139 41.401455 -53.634659 35.188969 -27.813499 31.934722 45.900391 56.463137 -32.996821 17.579261 -1.804412 5.566646 93.580037 -16.469947 -20.274704 26.715989 23.080744 43.538393 54.854815 -9.396037 42.342708 21.498019 -6.962861 -41.785913 -63.300866 8.230889 37.376566 0.575466 -6.973503 3.171249 34.548486 -43.935166 -33.635541 23.789732 -7.296428 -6.654028 -21.439451 -64.507484 -40.408491 -11.914934 -35.100431 
0.000000 0.000000 0.000000 0.000000 0.000000 0.000000 0.000000 0.000000 0.000000 0.000000 0.000000 0.000000 0.000000 0.000000 0.000000 0.000000 0.000000 0.000000 0.000000 0.000000 0.000000 0.000000 0.000000 0.000000 0.000000 0.000000 0.000000 0.000000 0.000000 0.000000 0.000000 0.000000 0.000000 0.000000 0.000000 0.000000 0.000000 0.000000 0.000000 0.000000 0.000000 0.000000 -1.216609 110.526100 35.986041 120.062107 9.705545 -162.631904 102.832972 121.340281 -125.801914 15.517153 2.451238 -22.367322 5.458307 3.300260 21.538103 -102.059077 -95.190774 52.783431 141.774808 -32.680318 -60.831169 40.706677 113.568897 -176.122892 -141.714772 -28.767068 26.178197 34.110962 53.282817 -30.017980 1.185173 8.851989 -81.301376 -34.181387 106.273303 39.455056 8.699918 -29.674122 -82.864662 5.312599 -3.738951 -132.421281 41.337047 12.466334 -52.911171 15.851745 102.313968 23.946213 -21.514837 -48.655752 -64.936804 -13.234794 160.371369 -61.114788 29.044068 -41.318177 43.345047 -107.671203 53.531043 -65.992635 6.436646 -84.233613 185.273186 -66.490039 -46.693119 -51.662873 -29.776454 -159.281521 52.033132 9.668797 5.520229 104.527222 -45.648114 -9.521052 -136.748577 62.769613 19.948988 -36.870263 -44.115479 -22.729169 -79.954094 -25.056531 76.882204 109.411811 -112.772148 47.656911 -126.811533 -92.345017 105.079707 111.467716 -107.291344 -108.078026 -66.984133 76.598940 -62.446329 -143.073633 -89.819651 -142.198849 -17.689852 138.987720 58.488850 -89.965836 -92.292068 80.298060 -93.732208 -30.131655 178.395999 -28.978984 -39.899327 75.867857 -49.247589 -10.457489 -14.662637 24.482858 -70.237181 -10.207534 -64.318253 -8.002510 -89.341504 21.313799 -76.503805 38.228331 -86.344581 -74.450726 -166.085926 74.836258 -56.605869 72.051048 -56.693711 -186.426281 -35.918749 35.041226 -210.303287 -118.924011 -6.654457 -212.818976 -15.316683 -25.555236 -128.821889 69.577091 92.667699 59.462719 23.855106 -85.897487 -4.676305 -11.295555 7.250374 -163.289968 64.133095 111.406140 -16.680870 -43.529287 4.568098 48.755773 49.647296 61.953008 35.723915 90.118665 
0.000000 0.000000 0.000000 0.000000 0.000000 0.000000 0.000000 0.000000 0.000000 0.000000 0.000000 0.000000 0.000000 0.000000 0.000000 0.000000 0.000000 0.000000 0.000000 0.000000 0.000000 0.000000 0.000000 0.000000 0.000000 0.000000 0.000000 0.000000 0.000000 0.000000 0.000000 0.000000 0.000000 0.000000 0.000000 0.000000 0.000000 0.000000 0.000000 0.000000 0.000000 0.000000 0.000000 -301.030038 -79.463478 -310.524211 -31.932398 420.706646 -267.826810 -298.241876 329.149870 -41.175892 -6.591323 51.731443 -11.245338 -18.220724 -56.571288 261.123150 238.097086 -137.764977 -363.348060 90.120575 182.764142 -110.026777 -297.966494 455.344896 357.420620 77.866353 -61.664916 -92.758814 -143.055032 80.237232 -15.765381 -23.549735 205.483439 101.496052 -280.010174 -112.412234 -23.262106 81.949827 207.484361 -12.904710 17.879492 337.822007 -112.301529 -22.366848 140.217163 -34.189024 -257.276997 -60.487972 59.429490 119.265616 173.562508 31.900248 -411.323755 157.424284 -67.904203 99.956882 -116.065614 280.239399 -129.191720 178.171429 -29.722163 230.100506 -467.763975 174.149037 108.065952 115.844025 62.106299 412.028508 -130.383143 -20.950326 -14.729804 -277.992754 103.124042 30.484807 363.068676 -162.846827 -55.306246 88.219480 111.353346 49.745461 210.334128 53.400925 -194.959020 -299.677578 298.234973 -117.228854 324.171948 242.373362 -271.651380 -292.907875 276.482569 273.499955 172.794486 -195.155458 160.740778 366.174060 229.545247 346.048626 46.717655 -348.932358 -150.710875 226.842009 233.086339 -203.320106 236.087707 70.881713 -466.117775 65.510449 104.913179 -196.657865 133.175118 31.825661 29.695489 -48.323021 188.013538 18.872389 138.123077 28.944680 233.932462 -55.311759 183.483007 -86.639560 225.169108 183.730961 440.731772 -166.667700 149.598567 -193.789251 157.048363 464.113720 103.220489 -93.558738 559.715598 311.939087 6.852577 545.933052 46.212760 53.635450 334.699766 -189.478636 -238.414639 -150.369560 -51.529037 196.470100 0.324656 33.266689 -17.413515 424.886622 -173.072816 -282.046498 50.169569 127.080004 -10.769823 -108.095228 -113.041632 -156.545815 -91.024860 -223.768130 
0.000000 0.000000 0.000000 0.000000 0.000000 0.000000 0.000000 0.000000 0.000000 0.000000 0.000000 0.000000 0.000000 0.000000 0.000000 0.000000 0.000000 0.000000 0.000000 0.000000 0.000000 0.000000 0.000000 0.000000 0.000000 0.000000 0.000000 0.000000 0.000000 0.000000 0.000000 0.000000 0.000000 0.000000 0.000000 0.000000 0.000000 0.000000 0.000000 0.000000 0.000000 0.000000 0.000000 0.000000 -2.685690 -5.174240 -2.224018 11.492959 -2.811037 -7.130196 5.812835 5.151712 -3.405203 5.265274 1.728656 4.318750 2.426288 1.903443 7.010815 -0.427658 -3.475529 -1.415708 2.062068 0.531753 -8.172278 10.971887 1.969725 -5.068587 -1.927555 -4.953877 2.331267 -3.412881 7.830150 -3.886852 9.832364 -3.403881 -0.285160 -0.228670 -2.930278 -4.709794 4.160283 4.794722 -8.373196 2.686742 -2.203104 -8.749139 11.745563 -1.742279 -7.062402 0.064727 8.515752 -0.456396 4.091301 1.144382 -10.358834 3.010360 -2.149002 0.869024 -11.590289 2.993617 -0.954027 5.469992 3.860060 3.993536 -14.935571 3.885173 3.040213 3.328922 1.913031 -0.993361 -4.753515 1.808416 0.245192 -4.239426 -0.560223 1.113360 9.030520 -4.141506 -0.029342 4.229671 1.881257 -0.890517 -2.752980 9.702497 -14.782768 1.491443 0.548028 -8.468006 6.159413 3.012187 -7.135525 -7.306184 8.193324 -0.714515 4.488226 -5.609321 0.374834 7.572763 -1.711073 10.826955 -5.878164 -2.537203 -7.439404 2.468612 10.336019 -4.358828 1.988284 11.405144 -10.410535 -1.820949 3.965245 1.299790 4.120246 -6.594472 2.705627 0.511870 -1.408447 3.825941 5.529881 -3.406153 2.690944 -0.271713 1.489273 -2.171689 -3.093757 7.941989 1.080833 -4.429866 4.056597 -3.621696 0.217763 14.992254 7.624768 -0.765172 11.050064 8.143779 1.664863 2.758276 3.977489 2.285800 -2.510207 0.035443 -6.568686 -2.020928 -5.356189 7.742553 3.425092 8.189248 1.468921 12.087004 1.010465 -6.348534 -4.481774 2.394278 1.617520 0.060191 5.483220 -0.733122 -6.302704 -1.809033 
0.000000 0.000000 0.000000 0.000000 0.000000 0.000000 0.000000 0.000000 0.000000 0.000000 0.000000 0.000000 0.000000 0.000000 0.000000 0.000000 0.000000 0.000000 0.000000 0.000000 0.000000 0.000000 0.000000 0.000000 0.000000 0.000000 0.000000 0.000000 0.000000 0.000000 0.000000 0.000000 0.000000 0.000000 0.000000 0.000000 0.000000 0.000000 0.000000 0.000000 0.000000 0.000000 0.000000 0.000000 0.000000 8.855412 5.921092 -3.755261 -2.042450 -5.832602 5.309871 -10.874366 -0.331089 -5.392306 -2.128479 0.862534 -7.530663 4.730679 -1.939969 -0.145891 -3.656791 0.131833 -8.749622 0.978650 4.241642 2.229836 12.894081 6.277689 -3.835184 1.806355 -5.257553 7.889713 -5.178968 3.917817 -5.052913 0.050115 -3.997818 -1.083706 0.659804 4.865102 -0.461345 -5.367733 1.052413 7.231709 4.817119 5.107599 -8.688543 -2.778882 -1.425007 -6.703072 -9.998258 9.297357 3.147904 3.925463 -1.450581 3.814626 -0.971272 8.601636 10.319124 3.977250 -6.886770 -6.680820 -3.923451 -2.891268 5.575797 -0.403192 1.325670 4.337161 1.141287 12.974585 4.441156 -3.927147 -1.623574 0.481095 10.497691 -1.101103 -7.125219 2.890703 2.466253 0.353056 4.636034 2.367859 8.111193 -14.055168 14.283640 -7.739539 0.207934 9.813769 0.768969 0.372702 -2.048276 7.434745 -2.726765 5.179236 -2.542911 1.005424 5.841908 2.598245 10.304374 1.806522 5.060722 -9.929070 8.096659 0.278047 -3.625436 2.361273 5.139344 -15.015415 1.332048 1.841362 -2.044854 -8.864102 -4.356555 10.432786 -1.561270 -10.230100 5.001154 -1.128589 5.402830 7.249139 -0.044972 1.123599 8.763710 5.894481 10.876229 -1.812026 4.443437 -2.798025 -1.603794 1.456186 -1.670554 -5.363864 -7.970530 -1.265783 -2.520546 -4.743373 4.974659 4.395341 -5.403911 0.998849 13.501921 1.669563 6.498137 -7.106889 -2.528613 1.073148 1.589785 -14.916209 -4.434615 -0.154658 -5.428825 -1.089157 1.740759 -6.093065 -5.888080 -7.063773 -14.754294 -3.799846 2.882123 -8.652044 
0.000000 0.000000 0.000000 0.000000 0.000000 0.000000 0.000000 0.000000 0.000000 0.000000 0.000000 0.000000 0.000000 0.000000 0.000000 0.000000 0.000000 0.000000 0.000000 0.000000 0.000000 0.000000 0.000000 0.000000 0.000000 0.000000 0.000000 0.000000 0.000000 0.000000 0.000000 0.000000 0.000000 0.000000 0.000000 0.000000 0.000000 0.000000 0.000000 0.000000 0.000000 0.000000 0.000000 0.000000 0.000000 0.000000 -10.045118 21.348448 1.378056 -2.990462 4.770181 12.592325 -5.495527 4.357288 5.326671 -2.177704 12.566963 -3.432469 10.013765 -0.126192 2.987250 0.168401 10.841525 -0.765101 -15.332778 14.207706 -10.237931 -13.689573 2.666181 -10.726244 -0.281389 -5.248867 13.185739 -12.512881 13.115430 -4.970141 4.273904 -3.465077 -5.073853 -10.641501 4.312502 10.152740 -18.318462 -1.500643 -9.890324 -8.501106 26.778395 1.139026 -14.647947 8.765312 19.946886 -11.948319 7.349539 -1.333411 -8.877911 -1.488196 0.229693 -7.155891 -25.371620 -1.911638 14.700861 15.688431 1.644581 10.866751 -10.019235 5.003609 -3.765908 -0.949207 -7.779046 -8.727770 -6.664056 4.675179 -2.191388 -12.271950 -13.114957 4.278631 17.623983 -5.027895 1.979142 6.523855 0.875818 -6.542651 -6.852350 19.080183 -32.673973 -0.497380 -7.237861 -8.978589 3.505683 -3.571758 -11.839795 -19.734273 9.656431 -5.156991 9.953797 -3.545200 -3.041359 3.569399 -14.144318 4.894399 -11.775836 4.008853 -14.679195 -1.639465 14.629664 -5.409250 -5.990497 24.303045 -13.120582 -7.905525 0.844554 7.577008 13.998429 -10.311702 2.654694 19.038093 -7.554812 6.668134 -4.579748 -7.999686 7.479534 -5.030992 -4.655773 0.487071 -11.723642 14.646501 5.154852 10.155838 12.430292 -4.895063 4.901534 21.360519 14.216069 7.291355 20.946460 12.362278 -4.710863 -5.542203 10.566350 3.185884 -13.835419 -0.675314 -9.913256 -3.433281 -6.522352 0.203726 -4.500887 19.981009 8.150599 17.850934 2.579815 -6.033151 -2.184925 11.803500 5.051322 14.275420 19.225651 3.878409 -11.528195 6.943255 
0.000000 0.000000 0.000000 0.000000 0.000000 0.000000 0.000000 0.000000 0.000000 0.000000 0.000000 0.000000 0.000000 0.000000 0.000000 0.000000 0.000000 0.000000 0.000000 0.000000 0.000000 0.000000 0.000000 0.000000 0.000000 0.000000 0.000000 0.000000 0.000000 0.000000 0.000000 0.000000 0.000000 0.000000 0.000000 0.000000 0.000000 0.000000 0.000000 0.000000 0.000000 0.000000 0.000000 0.000000 0.000000 0.000000 0.000000 -26.145053 5.928339 22.244562 -28.480471 -3.778340 12.060148 -7.433341 -5.235755 -16.299465 3.475431 -6.640739 -11.615345 0.359516 7.901245 2.842414 -0.631782 -8.027367 14.374770 -32.973037 -17.815140 9.465652 9.697962 14.380066 -5.644498 1.660038 -12.156790 8.399178 -25.452121 10.053860 4.985907 4.064282 4.042710 11.666981 -8.753800 -7.960392 25.348296 -9.637759 -4.871326 22.387744 -27.276113 5.384637 21.159073 11.903597 -13.403507 -11.820186 -19.032463 -6.848599 30.829563 -12.414446 8.982148 -17.895326 21.043108 -10.146347 12.722232 -5.484286 -8.069617 -10.007089 38.837702 -13.292145 -11.726331 -12.332425 -7.038207 -6.873563 3.709416 -2.787158 -0.922152 10.416010 -7.666297 -2.338265 -13.201411 7.059351 -0.752038 -10.602337 -11.001815 3.294016 -0.026283 -10.350707 24.605394 4.400589 3.297306 11.362381 -17.280669 -11.000126 19.107612 5.224161 -15.827125 0.173065 -6.677083 15.139245 -9.561410 -18.272356 -7.619139 -24.989493 14.753596 13.630503 13.601252 -1.356037 -25.037951 5.795894 -14.001736 -10.686232 25.439567 13.828333 -12.342915 10.807592 -10.198589 5.404681 -3.662128 11.843901 -3.873890 -10.902087 -18.704570 0.882214 -1.445999 -2.521262 -9.572493 -3.515451 -1.245852 -17.932479 4.884787 11.396466 -7.523038 13.260375 4.624254 -24.571230 -13.956980 3.936464 -27.736318 -17.741348 -10.295436 -5.067787 -10.020796 -3.311383 -6.689410 -4.741473 8.064838 10.357694 20.769204 -17.497598 -11.223633 -3.784308 2.187541 -35.016135 2.288975 16.970852 14.650375 2.373080 2.976531 4.984636 -1.393788 2.668160 17.435691 14.944325 
0.000000 0.000000 0.000000 0.000000 0.000000 0.000000 0.000000 0.000000 0.000000 0.000000 0.000000 0.000000 0.000000 0.000000 0.000000 0.000000 0.000000 0.000000 0.000000 0.000000 0.000000 0.000000 0.000000 0.000000 0.000000 0.000000 0.000000 0.000000 0.000000 0.000000 0.000000 0.000000 0.000000 0.000000 0.000000 0.000000 0.000000 0.000000 0.000000 0.000000 0.000000 0.000000 0.000000 0.000000 0.000000 0.000000 0.000000 0.000000 -7.532712 0.940255 4.902950 -0.469663 -11.288779 11.404901 4.880461 17.715031 -6.993836 3.840887 -4.101761 6.082738 -1.156354 -9.771339 8.895033 0.057032 -8.448971 11.828017 -1.043141 -7.823579 -4.734402 -5.442959 3.997581 -8.156265 13.465543 3.942942 5.692033 -1.334602 3.048554 2.936212 -10.812058 1.492444 -5.772636 9.082121 -11.761195 2.914043 3.971896 -15.655566 13.707064 -3.490056 12.212832 -8.350852 12.539111 4.012948 4.098380 11.317058 -16.638733 10.180629 9.591741 2.740739 -19.565442 10.718350 -10.493357 1.727669 -3.073479 5.593760 -13.089743 1.910030 -1.741916 -9.667356 1.427925 -8.475196 -0.068121 7.234605 0.223504 10.989610 -1.778701 4.977201 7.513800 -7.816024 -1.144377 0.564303 1.175848 -6.592707 -10.362176 -4.177226 -0.065784 9.068152 2.102155 -9.613667 0.167133 10.541247 -8.000108 4.609060 11.358701 -18.061249 -2.097226 -8.519131 -3.875424 16.435170 4.160059 7.687520 -11.572361 6.770703 0.562904 -5.557658 14.627888 5.480390 -5.243432 8.014012 -11.672356 -7.060501 15.971526 7.446957 -6.138802 -6.335852 2.331806 -16.681027 4.068248 -5.130356 -0.431067 4.224081 -6.103959 10.383003 -1.255279 18.085790 0.721462 2.142493 -1.074137 -1.878966 -2.477940 -2.055605 -1.047451 -2.996518 26.308733 -13.830189 12.096638 7.030288 7.199623 -9.424883 5.554586 -10.755037 -6.902923 1.523339 0.750516 7.073059 -8.082824 -4.453402 20.469660 0.285804 -4.733936 10.768173 0.361296 -0.752107 -15.453358 -0.899832 0.820563 0.525950 18.410235 -2.503447 -2.499706 -2.019163 
0.000000 0.000000 0.000000 0.000000 0.000000 0.000000 0.000000 0.000000 0.000000 0.000000 0.000000 0.000000 0.000000 0.000000 0.000000 0.000000 0.000000 0.000000 0.000000 0.000000 0.000000 0.000000 0.000000 0.000000 0.000000 0.000000 0.000000 0.000000 0.000000 0.000000 0.000000 0.000000 0.000000 0.000000 0.000000 0.000000 0.000000 0.000000 0.000000 0.000000 0.000000 0.000000 0.000000 0.000000 0.000000 0.000000 0.000000 0.000000 0.000000 -1.422323 2.451429 -0.775352 -6.318644 4.151942 3.120982 12.342563 -3.760487 1.363967 0.275172 3.344583 -0.753599 -5.728907 5.641476 4.260228 -4.555831 9.441907 -0.740870 -7.968621 -3.054834 -6.579735 3.315124 -6.561561 13.312710 -0.951308 10.957847 -1.552114 3.708827 1.329270 -1.550356 -2.021233 1.198675 2.144412 -8.450259 1.066753 6.014522 -15.236974 11.639492 -0.410991 -3.320014 -3.111227 10.785863 0.211539 4.428903 7.556648 -11.439142 6.831544 1.742110 5.089189 -14.121091 -1.287666 -5.145750 3.863493 2.252001 2.211289 -19.107649 1.709215 4.788653 1.198013 6.434791 -3.346035 -0.834302 4.612976 1.039013 2.847556 0.450946 -1.316781 2.933825 -7.482702 2.589477 4.597003 0.326837 -4.185832 -10.900117 9.116044 -5.449009 12.377113 -5.457117 -7.684446 5.059499 7.394153 -0.867640 2.286873 1.864498 -10.156069 1.339032 -6.261858 -0.232692 1.899280 -0.652781 8.408611 -7.563489 5.656574 -1.287787 -3.274877 11.560654 0.678324 0.401077 11.126326 -4.743628 -9.370119 11.988323 5.256067 2.502577 -8.956894 1.349600 -8.520782 -0.174284 -1.938943 8.162475 -0.719092 -7.156868 2.460291 -0.363810 2.071927 -1.337370 6.518533 -8.329556 -5.256095 0.801812 -4.352157 -3.827939 0.962071 11.891301 -5.929467 9.326941 7.326516 2.435111 -2.340273 4.881424 -5.403761 -10.450819 2.846969 1.317645 2.767077 -4.731692 5.335188 13.585664 3.572500 -3.218483 10.286081 3.369945 -3.898536 -15.034103 -1.764228 3.588302 -2.465701 7.616359 0.845054 -7.906448 -2.704676 
0.000000 0.000000 0.000000 0.000000 0.000000 0.000000 0.000000 0.000000 0.000000 0.000000 0.000000 0.000000 0.000000 0.000000 0.000000 0.000000 0.000000 0.000000 0.000000 0.000000 0.000000 0.000000 0.000000 0.000000 0.000000 0.000000 0.000000 0.000000 0.000000 0.000000 0.000000 0.000000 0.000000 0.000000 0.000000 0.000000 0.000000 0.000000 0.000000 0.000000 0.000000 0.000000 0.000000 0.000000 0.000000 0.000000 0.000000 0.000000 0.000000 0.000000 -5.406354 2.892957 11.525713 -6.430130 -4.646960 -21.737797 8.033488 -3.199092 -2.009446 -4.951963 -0.217336 7.907013 -6.444344 -4.179099 5.529154 -16.035100 3.240428 10.391882 2.799982 8.921686 -3.013656 6.308663 -16.335559 2.749247 -14.927236 0.642873 -4.939259 -0.789128 3.991117 1.132532 -0.107959 -3.696510 8.450042 -0.515255 -5.287242 20.759410 -17.056839 0.569251 3.483489 5.101704 -13.545651 -2.787473 -9.524535 -10.568307 12.436317 -7.349739 -3.820693 -9.116237 18.748831 1.765294 5.523418 -2.389909 -4.481455 -1.409532 25.728181 2.048371 -5.949829 0.734092 -10.893802 3.924851 -3.730019 -3.752186 -2.962107 -3.986413 -0.726579 0.063354 -3.614941 6.782525 -1.897844 -4.908365 -1.217562 10.827770 12.731535 -8.971044 7.273852 -16.309863 9.569524 13.197442 -8.411920 -11.976722 1.381570 -2.847821 -7.091609 13.306279 0.605245 9.008724 4.588175 -5.017884 -0.453088 -7.851426 11.923135 -12.033243 -2.512275 4.382033 -14.283557 -3.064393 0.196054 -10.053925 6.380028 11.991113 -19.342720 -7.258498 -1.641789 15.070744 -3.799049 14.046384 1.519492 1.592141 -6.299723 1.446958 8.327199 -3.670945 -0.438690 -7.026306 3.213281 -5.154469 10.605880 6.205835 0.475998 5.294157 5.916125 3.668839 -16.715837 5.567910 -8.834660 -10.108138 -4.873704 4.119740 -9.844101 8.544804 14.388721 -2.630827 -5.619223 -3.392002 5.902496 -5.088561 -16.815755 -4.810873 6.901955 -13.222062 -5.785034 4.440620 19.787362 6.086316 -5.995540 4.814665 -10.822300 -1.144643 8.984143 2.617287 
0.000000 0.000000 0.000000 0.000000 0.000000 0.000000 0.000000 0.000000 0.000000 0.000000 0.000000 0.000000 0.000000 0.000000 0.000000 0.000000 0.000000 0.000000 0.000000 0.000000 0.000000 0.000000 0.000000 0.000000 0.000000 0.000000 0.000000 0.000000 0.000000 0.000000 0.000000 0.000000 0.000000 0.000000 0.000000 0.000000 0.000000 0.000000 0.000000 0.000000 0.000000 0.000000 0.000000 0.000000 0.000000 0.000000 0.000000 0.000000 0.000000 0.000000 0.000000 -4.996172 -10.265361 0.683699 2.268969 7.384202 -0.065780 2.666094 2.675050 6.061287 -0.483569 -4.235014 12.899546 -0.436525 -11.440214 12.930864 -4.503557 -4.614223 0.174838 -10.652541 1.652497 -4.268284 11.791302 -1.686800 8.871619 3.622595 9.069529 -7.505414 -4.553486 -3.469099 4.860273 1.494557 -5.217323 -1.705925 0.891056 -13.096455 13.661733 0.247597 -6.883286 3.972192 16.633845 -7.835194 3.909320 8.768128 -8.154623 9.711788 3.602177 -1.477091 -20.368558 -7.488012 3.730824 12.017815 -2.686172 3.769868 -14.946118 -3.421215 -5.058726 -3.795591 -2.140603 -4.708650 1.318877 5.890843 0.147470 -5.027598 1.227483 -3.644825 11.689828 -2.382694 8.617794 4.989227 0.452269 -9.736758 -10.797285 10.702826 -7.403127 5.863126 -3.570419 -9.004255 6.121447 5.622399 -2.999268 -5.679378 2.244191 -11.851149 6.783619 -2.424487 -3.649491 1.365000 -7.646233 3.562208 -6.855684 9.092554 2.515707 -1.897950 7.757148 0.033985 -5.291855 14.288390 -9.523973 -11.590377 11.932602 11.785769 4.351467 -16.596557 -7.276950 1.614898 -3.078705 -6.750313 -1.020343 5.965492 -3.829212 2.286314 -8.776233 6.580958 -2.923738 5.748131 1.746310 9.335784 2.714812 -5.346717 -2.685169 -1.154484 10.002793 -5.104429 14.350045 8.526890 -0.080739 -5.298665 6.005556 -6.377141 -15.002917 0.101492 2.285473 -4.748882 4.457699 2.623141 5.001948 13.429430 -1.434273 13.293386 3.574031 -1.787895 -11.866458 9.050626 3.017788 3.390169 13.853522 3.833527 -9.170759 -0.173220 
0.000000 0.000000 0.000000 0.000000 0.000000 0.000000 0.000000 0.000000 0.000000 0.000000 0.000000 0.000000 0.000000 0.000000 0.000000 0.000000 0.000000 0.000000 0.000000 0.000000 0.000000 0.000000 0.000000 0.000000 0.000000 0.000000 0.000000 0.000000 0.000000 0.000000 0.000000 0.000000 0.000000 0.000000 0.000000 0.000000 0.000000 0.000000 0.000000 0.000000 0.000000 0.000000 0.000000 0.000000 0.000000 0.000000 0.000000 0.000000 0.000000 0.000000 0.000000 0.000000 -7.168961 8.955125 2.996602 19.002844 -10.106476 2.098169 -3.180868 0.394675 -3.131607 -6.593275 -4.087273 2.128598 3.449533 7.710565 -0.536861 -6.958660 -0.398927 -0.968169 -3.967891 -4.067850 12.250248 -2.435507 4.822528 -1.131591 -3.153402 7.541243 -5.931549 6.413108 -7.189985 2.659537 -2.482504 8.248150 4.562824 -14.862355 10.249550 -2.649535 4.224332 -9.348417 2.030521 8.556582 11.233592 7.955855 -7.439803 -2.694313 6.465736 14.489424 -2.729598 9.006257 -13.166728 -8.778874 6.144149 -0.793389 -12.477216 -4.108381 9.254782 -0.445197 19.817851 3.925888 3.333067 0.160915 4.043988 11.964987 -3.684757 7.440970 -10.673846 -5.705741 -4.450077 0.892569 0.877099 -4.038651 -7.557400 -5.662905 -0.770058 17.859247 -10.481241 -5.741311 1.153226 9.127577 -4.295324 11.899132 7.733254 -6.166665 -7.703692 -5.895330 -3.894283 4.974079 7.860072 9.108077 -7.270646 9.916491 1.813918 -6.137358 11.004307 8.056156 0.082111 -0.020236 0.059526 -2.959384 12.427304 0.648010 -7.811651 -1.285774 16.355183 -21.432549 4.697576 -1.943688 9.492724 -8.589161 -6.570783 2.468382 9.190745 5.942641 1.060964 0.473605 -7.910409 -21.206906 0.292276 1.270274 -3.035223 -7.797718 19.296388 -4.393002 -1.464211 5.053611 6.904024 2.503575 4.915383 -7.363422 -4.245692 3.170235 4.512675 10.034010 -10.084005 1.251525 28.281706 -7.975268 -7.645103 -0.679092 5.194058 -4.136241 -13.570866 -19.774876 7.661036 -10.449711 0.075558 -5.662587 3.958668 -1.790999 
0.000000 0.000000 0.000000 0.000000 0.000000 0.000000 0.000000 0.000000 0.000000 0.000000 0.000000 0.000000 0.000000 0.000000 0.000000 0.000000 0.000000 0.000000 0.000000 0.000000 0.000000 0.000000 0.000000 0.000000 0.000000 0.000000 0.000000 0.000000 0.000000 0.000000 0.000000 0.000000 0.000000 0.000000 0.000000 0.000000 0.000000 0.000000 0.000000 0.000000 0.000000 0.000000 0.000000 0.000000 0.000000 0.000000 0.000000 0.000000 0.000000 0.000000 0.000000 0.000000 0.000000 8.087149 -2.501023 21.038429 -15.679668 0.880778 -6.125665 -4.635944 -5.957873 -0.723812 -27.684523 -3.492762 19.755175 3.155675 4.581869 1.330052 3.137353 8.378120 -16.744939 8.399013 -1.600012 -7.141454 -4.352309 2.404779 -19.401304 9.972594 -9.317548 20.040941 -19.215639 -6.534008 13.726904 20.328560 0.383090 -1.189110 -2.224126 -7.370705 15.324294 -21.666790 -20.648530 23.159672 26.266521 1.066421 9.270868 -18.295544 6.174414 26.975852 26.675375 21.394788 -22.865316 -28.615433 12.730027 -11.278618 11.324153 -18.412133 13.938821 0.463000 38.275028 23.163839 9.792129 -16.361943 5.578465 17.523860 -3.414119 15.185951 -33.572353 10.671555 -13.764957 -4.574952 6.728851 0.075623 11.041375 -31.393543 8.167919 12.175768 -14.135130 1.383451 -2.023126 8.901845 -6.808172 20.794836 15.140893 8.341744 -20.471714 -2.019359 -11.423647 3.743234 21.332434 2.208032 -1.074453 11.292585 10.254691 0.344467 -3.902194 13.149905 4.501124 -32.329078 17.483714 13.733459 8.103027 -11.771611 -22.175937 12.773090 34.536354 -34.151314 9.056256 -1.691415 2.283979 -15.406676 0.876762 -0.371774 21.687795 9.957451 4.693436 -19.891867 -4.691572 -39.101047 -0.705065 9.715949 0.229189 -20.896825 12.196810 4.088766 -30.971258 -2.840543 5.909326 8.191726 0.430091 -8.657294 21.043343 6.376550 12.691025 13.610376 -10.745484 -1.789468 31.979157 -19.372194 -13.423304 -20.712413 6.176784 -4.493443 -3.098819 -46.613004 11.409119 -22.176811 -20.866599 -12.356590 30.522758 3.379458 
0.000000 0.000000 0.000000 0.000000 0.000000 0.000000 0.000000 0.000000 0.000000 0.000000 0.000000 0.000000 0.000000 0.000000 0.000000 0.000000 0.000000 0.000000 0.000000 0.000000 0.000000 0.000000 0.000000 0.000000 0.000000 0.000000 0.000000 0.000000 0.000000 0.000000 0.000000 0.000000 0.000000 0.000000 0.000000 0.000000 0.000000 0.000000 0.000000 0.000000 0.000000 0.000000 0.000000 0.000000 0.000000 0.000000 0.000000 0.000000 0.000000 0.000000 0.000000 0.000000 0.000000 0.000000 -2.028971 4.313809 -2.548369 0.387849 -2.908103 -0.887800 -3.616098 -1.454903 5.911162 -0.976839 -1.031414 5.905527 1.220693 1.311886 1.520193 -6.387246 0.270363 -2.105814 8.135021 -5.952865 8.502382 1.642063 -1.624581 -3.890150 0.094174 -0.930812 0.516093 -2.620283 1.639798 4.006794 3.741111 -7.821087 3.762449 -0.176773 1.960744 -6.526104 2.160465 1.043154 5.705831 2.370956 -1.077646 -0.653061 -1.058027 4.063416 -1.174972 0.427277 -5.977442 0.004773 0.163829 -0.078875 -6.393163 0.719024 3.496307 1.743382 8.568984 5.384859 -2.560651 3.403935 1.218352 1.943320 -0.375311 -1.238235 -2.797680 -1.304755 1.573593 3.212283 0.670139 2.888600 -2.538353 0.248549 -0.660738 3.608670 -1.812279 -1.276127 1.691289 7.517526 -4.546329 0.720631 -3.148170 -3.568987 -0.040665 -2.681668 1.670265 -4.606150 3.386357 3.166267 -1.164321 2.041106 -0.507087 0.002304 0.996434 -1.234072 0.261309 2.021963 0.814820 -5.056774 7.796259 0.589326 -4.739066 -3.091444 2.777126 -3.065378 6.816843 -5.105589 4.238726 -2.118910 -1.035074 -1.071708 -2.422726 1.651321 -1.076139 0.030642 -1.831069 -7.120592 5.089354 -3.058675 -2.269324 -0.096810 3.896991 -7.498808 7.243872 4.167140 -1.940068 -0.357202 -1.566337 -7.224229 -0.924401 1.275291 -4.240980 4.312330 1.691269 -0.136516 11.648849 0.139047 -0.952285 4.154061 3.421465 -1.104453 -5.455019 -6.410475 2.723336 -3.668507 0.618811 -2.245090 2.849763 -3.704233 
0.000000 0.000000 0.000000 0.000000 0.000000 0.000000 0.000000 0.000000 0.000000 0.000000 0.000000 0.000000 0.000000 0.000000 0.000000 0.000000 0.000000 0.000000 0.000000 0.000000 0.000000 0.000000 0.000000 0.000000 0.000000 0.000000 0.000000 0.000000 0.000000 0.000000 0.000000 0.000000 0.000000 0.000000 0.000000 0.000000 0.000000 0.000000 0.000000 0.000000 0.000000 0.000000 0.000000 0.000000 0.000000 0.000000 0.000000 0.000000 0.000000 0.000000 0.000000 0.000000 0.000000 0.000000 0.000000 5.187474 3.172889 -7.042374 -7.828331 1.364923 5.569373 0.342386 6.869522 4.690457 0.511334 8.962773 -4.716262 -9.588484 -0.860270 -5.093840 3.242977 -6.442750 10.364032 -2.305775 13.584617 2.854814 -5.120087 -9.258088 1.487790 2.286401 -2.082790 -4.529940 -11.841091 -1.401048 5.863551 -7.812099 4.675618 -3.213931 5.506242 -11.053231 2.681270 2.300071 17.431629 1.977813 -1.788440 8.040573 -2.717912 3.230548 -5.873403 -0.021723 -7.203267 6.566703 1.776661 5.469216 -4.064032 2.400906 -0.837979 -0.913835 8.814596 -4.400121 0.527006 1.131153 -3.195227 4.784072 -1.202934 -6.710755 -1.380089 6.657075 -0.063955 4.274752 6.490078 4.110621 -2.285969 1.152043 -3.319561 1.798117 -2.003740 4.129385 3.081543 8.194178 -0.173940 1.296045 -0.610783 -13.904468 0.732180 -3.322938 -6.130777 -0.270022 -1.384560 -7.075096 -9.460279 4.490043 -0.903147 3.611255 0.823541 -3.970907 0.694847 -6.008979 12.555253 -7.478834 14.003343 0.156035 -0.510247 -1.724787 -0.882423 -3.034726 4.957292 -4.465847 -4.260458 -2.882322 -3.759738 8.468239 -7.276573 9.023478 -3.458600 -4.586844 -4.313245 0.939014 -2.066127 -5.709834 -0.389764 -2.453132 6.675430 -8.832601 0.544574 2.418121 -7.642492 -14.793273 2.390858 -16.720560 3.405074 12.036578 4.525209 11.611913 -0.361497 -4.371870 5.794680 9.873902 2.702988 1.825027 -0.880172 -4.750907 -17.560633 -1.607556 4.473511 3.400709 6.517942 4.565966 6.066614 2.205221 
0.000000 0.000000 0.000000 0.000000 0.000000 0.000000 0.000000 0.000000 0.000000 0.000000 0.000000 0.000000 0.000000 0.000000 0.000000 0.000000 0.000000 0.000000 0.000000 0.000000 0.000000 0.000000 0.000000 0.000000 0.000000 0.000000 0.000000 0.000000 0.000000 0.000000 0.000000 0.000000 0.000000 0.000000 0.000000 0.000000 0.000000 0.000000 0.000000 0.000000 0.000000 0.000000 0.000000 0.000000 0.000000 0.000000 0.000000 0.000000 0.000000 0.000000 0.000000 0.000000 0.000000 0.000000 0.000000 0.000000 6.841448 -14.456882 -11.318290 2.692969 17.205346 13.110958 -34.762894 -0.535925 20.790489 -1.727905 -8.089872 -10.240567 0.676871 20.703886 -15.326541 10.351478 -18.832387 9.960844 -15.132957 5.184378 -23.561702 -4.807386 -6.990565 25.937068 -21.657811 -11.542836 -7.778779 5.317652 -10.088916 25.346340 -12.368067 -11.031327 17.256570 -12.410632 -29.677880 16.781995 36.151380 -6.377218 20.289975 -2.801121 2.535939 12.773438 26.963507 14.182880 -5.299773 -14.114337 7.061769 -2.758602 40.163458 -19.870073 -12.120743 -11.225209 15.637808 0.042319 23.209225 -27.887088 -6.659922 10.063107 -1.412326 5.477230 -21.004565 38.262873 -14.660067 -6.878097 17.004512 -2.612505 27.251160 -38.575990 8.958186 -12.057010 -4.416799 17.162138 -3.691979 -5.756782 6.134428 12.253531 23.031918 1.764172 -15.013941 6.677907 -30.598594 14.928823 1.338211 -32.944435 -9.279355 9.304848 15.112026 11.493623 -19.637770 10.298103 3.366836 -60.557551 36.537265 21.979413 -0.978494 -15.875019 -9.298204 23.432325 12.255908 -16.485798 -6.590648 4.743017 -36.124465 -4.843799 3.689294 19.714802 10.844412 21.940143 4.439960 -36.384158 4.641699 3.631573 -19.108173 11.496196 11.050289 -31.781922 -3.241144 17.591722 -60.252678 -15.814785 -5.132660 -20.663525 5.617978 -10.503556 40.075123 21.112735 36.729582 9.380547 -4.597925 -11.269388 -15.620057 4.498448 -0.792800 -37.551009 -10.796202 -2.840546 -3.278162 -17.536955 7.319821 1.882738 -12.869594 2.437454 34.942672 19.331802 
0.000000 0.000000 0.000000 0.000000 0.000000 0.000000 0.000000 0.000000 0.000000 0.000000 0.000000 0.000000 0.000000 0.000000 0.000000 0.000000 0.000000 0.000000 0.000000 0.000000 0.000000 0.000000 0.000000 0.000000 0.000000 0.000000 0.000000 0.000000 0.000000 0.000000 0.000000 0.000000 0.000000 0.000000 0.000000 0.000000 0.000000 0.000000 0.000000 0.000000 0.000000 0.000000 0.000000 0.000000 0.000000 0.000000 0.000000 0.000000 0.000000 0.000000 0.000000 0.000000 0.000000 0.000000 0.000000 0.000000 0.000000 -0.557839 -1.982712 -5.659400 -11.152012 -5.733094 11.817566 7.787476 -1.339207 2.008580 2.948022 2.748664 2.764674 -1.503540 10.930805 -8.418655 9.483591 -1.952316 7.367217 -1.812549 7.028442 2.406989 7.681880 -7.448740 11.203083 7.210083 -2.521516 -4.703496 11.098015 -13.140038 3.275753 4.736768 -5.100014 1.567039 6.881443 -1.083811 -4.075977 2.183724 -13.240634 0.775213 -3.525756 0.761439 -9.300237 -1.653855 -9.028805 2.384467 2.797013 7.984241 -20.317401 15.891547 10.524414 7.161964 4.024315 0.845069 -4.476180 12.968277 3.014071 1.840225 0.217499 -2.052950 2.216510 -16.648029 5.669870 4.383858 -4.689513 7.355663 -9.190625 11.704838 -3.121365 7.137749 -0.487519 6.681744 -1.740327 4.990699 -0.786972 5.397845 -10.194993 -1.175574 3.379670 -4.380648 17.316353 -4.648294 0.236852 10.935328 1.644684 -10.112278 -12.727256 -3.924708 9.486121 -0.785938 3.691000 16.757411 -7.940303 -8.790540 1.469934 -1.636532 5.463133 0.521193 -0.421831 0.264858 14.393662 -2.009483 24.451920 -5.842845 -7.776188 -8.188797 -0.177063 -9.816407 3.189973 20.674179 -6.340085 -9.383700 4.074883 -7.636043 -4.987943 13.801275 3.180333 -13.412049 21.494775 2.746321 6.052291 10.030537 -0.403569 -0.693375 -14.199031 -2.355017 -14.043551 8.733827 -3.426083 -0.575974 13.962889 -11.286923 2.911033 8.044554 0.114038 -4.166275 -4.795232 -1.452863 -4.053645 -1.596235 -2.750252 0.288980 -9.170159 -10.757609 
0.000000 0.000000 0.000000 0.000000 0.000000 0.000000 0.000000 0.000000 0.000000 0.000000 0.000000 0.000000 0.000000 0.000000 0.000000 0.000000 0.000000 0.000000 0.000000 0.000000 0.000000 0.000000 0.000000 0.000000 0.000000 0.000000 0.000000 0.000000 0.000000 0.000000 0.000000 0.000000 0.000000 0.000000 0.000000 0.000000 0.000000 0.000000 0.000000 0.000000 0.000000 0.000000 0.000000 0.000000 0.000000 0.000000 0.000000 0.000000 0.000000 0.000000 0.000000 0.000000 0.000000 0.000000 0.000000 0.000000 0.000000 0.000000 -6.885405 -41.444470 -100.757802 -58.939688 120.840827 64.068240 -27.149900 18.620352 24.442856 28.995388 21.750134 -22.105708 106.872928 -83.390343 90.774722 -15.911678 70.130916 -23.038225 76.156405 18.673950 62.751467 -79.622401 104.350599 72.452672 -23.140178 -49.735932 97.252549 -124.256700 37.173516 45.450797 -44.035093 24.158683 76.814316 -21.467503 -56.411071 22.045546 -125.638788 15.697939 -26.940842 -14.152102 -102.956740 -19.267021 -69.829733 32.634759 19.713791 69.467515 -190.139397 141.717652 86.460783 62.532658 15.090549 -2.491417 -48.523452 124.569146 26.857327 11.066566 6.813133 -18.721278 41.005499 -158.246575 60.418856 37.999473 -45.938749 59.824606 -92.002340 120.961443 -28.950320 61.663996 4.687409 44.961894 -14.501477 41.959974 -8.771532 37.443978 -91.929872 -22.619702 37.478665 -43.680503 158.959028 -39.275000 -4.424927 109.597624 11.191182 -90.899495 -115.374754 -39.440670 93.471735 -12.168636 27.356252 175.164840 -89.578571 -85.218948 16.209572 2.810363 51.094575 -17.050023 -17.623484 12.390687 118.636962 -19.637330 217.653855 -36.737270 -70.413773 -77.499020 -14.194894 -89.986860 24.497581 192.536056 -52.620330 -73.297436 38.725600 -69.333535 -47.733335 139.314899 31.336594 -131.046598 214.640800 34.145170 53.757944 82.561321 -3.813127 -1.249875 -145.309811 -31.454881 -138.225629 66.923373 -21.548217 -0.750395 117.697195 -91.977486 27.225738 91.151594 6.163183 -32.701418 -40.810919 8.328151 -42.691923 -7.452951 -4.888145 5.887522 -104.430759 -97.236953 
0.000000 0.000000 0.000000 0.000000 0.000000 0.000000 0.000000 0.000000 0.000000 0.000000 0.000000 0.000000 0.000000 0.000000 0.000000 0.000000 0.000000 0.000000 0.000000 0.000000 0.000000 0.000000 0.000000 0.000000 0.000000 0.000000 0.000000 0.000000 0.000000 0.000000 0.000000 0.000000 0.000000 0.000000 0.000000 0.000000 0.000000 0.000000 0.000000 0.000000 0.000000 0.000000 0.000000 0.000000 0.000000 0.000000 0.000000 0.000000 0.000000 0.000000 0.000000 0.000000 0.000000 0.000000 0.000000 0.000000 0.000000 0.000000 0.000000 -59.165900 -211.765990 -152.162298 301.275259 124.876820 -92.702962 45.836489 39.437180 75.678964 40.608210 -66.115951 260.433067 -215.898657 219.458854 -19.606186 161.954964 -70.389428 189.247146 24.584681 115.863171 -201.080345 222.062938 187.587204 -66.052287 -133.443778 208.134189 -286.646435 101.779896 107.473676 -63.865874 64.303742 196.261286 -70.334887 -155.890029 56.050703 -293.008667 67.211992 -45.008427 -91.038552 -275.444531 -40.045801 -135.302122 91.640791 27.925674 151.244672 -430.857118 311.468522 158.006143 125.728229 -16.780756 -43.834226 -117.975109 292.544394 52.827561 26.674816 28.343383 -31.619925 143.620312 -357.272300 149.997846 76.539772 -100.039104 118.279910 -218.912084 277.507409 -52.577621 125.482537 44.608692 71.745110 -35.906093 90.141294 -23.094318 69.044472 -190.986906 -104.735073 91.735008 -114.207783 349.200713 -65.789434 -27.804983 255.095856 -0.399135 -196.057880 -252.268463 -104.107914 221.557272 -29.961871 45.317445 417.458567 -233.154718 -199.441131 52.867983 45.084026 105.556436 -83.085780 -75.566453 38.544280 239.774411 -49.572007 451.273991 -40.331058 -161.655535 -163.684966 -67.442631 -186.701851 47.150548 424.383361 -107.241912 -134.034092 78.258808 -149.001955 -110.486239 330.771849 90.286208 -332.678932 518.878856 98.174469 118.207911 132.220024 -6.832913 -9.606016 -352.750662 -86.218301 -324.611858 133.418732 -23.782488 -6.631996 239.483364 -182.429635 69.097202 232.455392 12.350859 -60.952480 -98.029171 70.028927 -110.717679 8.207311 50.183026 19.077352 -281.252209 -213.662075 
0.000000 0.000000 0.000000 0.000000 0.000000 0.000000 0.000000 0.000000 0.000000 0.000000 0.000000 0.000000 0.000000 0.000000 0.000000 0.000000 0.000000 0.000000 0.000000 0.000000 0.000000 0.000000 0.000000 0.000000 0.000000 0.000000 0.000000 0.000000 0.000000 0.000000 0.000000 0.000000 0.000000 0.000000 0.000000 0.000000 0.000000 0.000000 0.000000 0.000000 0.000000 0.000000 0.000000 0.000000 0.000000 0.000000 0.000000 0.000000 0.000000 0.000000 0.000000 0.000000 0.000000 0.000000 0.000000 0.000000 0.000000 0.000000 0.000000 0.000000 -54.277343 -54.338805 91.129340 26.482245 -34.435631 10.735449 5.177820 28.278078 9.947519 -15.864169 80.179586 -77.704096 66.722534 8.881886 39.416235 -28.382492 56.734333 5.560171 17.481850 -59.163477 48.765165 64.980010 -28.312773 -44.440149 56.298587 -78.274809 35.768424 31.335345 7.796668 19.484424 57.524519 -23.107662 -54.756870 16.964424 -93.106303 28.866746 -1.733724 -50.428058 -90.195593 3.305800 -39.402259 24.705354 4.260974 43.012969 -116.865155 86.751815 26.116228 27.519136 -20.561598 -29.873607 -34.697911 84.081552 13.451720 17.330827 12.738192 3.275734 55.131005 -102.013920 44.460200 12.794965 -25.167095 27.976067 -60.501286 67.579513 -0.668821 34.325547 29.966955 14.426215 -18.410676 19.301480 -9.137010 22.048666 -45.321122 -53.887491 22.890433 -42.039857 101.081072 -0.845813 -12.522571 76.650280 -11.817627 -55.790626 -71.997509 -39.926527 67.474898 1.457778 8.187687 120.946677 -77.348054 -51.650576 18.657503 22.553187 21.681783 -34.187504 -31.421843 1.808975 62.040125 -16.302745 109.727431 6.568533 -51.813147 -42.372176 -27.161037 -42.415672 17.410532 116.306445 -24.453412 -31.496464 13.624428 -34.395392 -29.212041 98.018765 40.931036 -115.671269 153.745288 33.437090 35.870842 12.983830 0.897514 -6.384997 -106.332865 -29.329706 -96.269174 37.608698 -1.406150 -6.988018 65.758137 -53.324704 23.112603 65.902057 -0.875073 -12.995640 -31.192123 33.831085 -41.072951 10.768228 39.034669 3.146790 -95.127911 -57.362219 
0.000000 0.000000 0.000000 0.000000 0.000000 0.000000 0.000000 0.000000 0.000000 0.000000 0.000000 0.000000 0.000000 0.000000 0.000000 0.000000 0.000000 0.000000 0.000000 0.000000 0.000000 0.000000 0.000000 0.000000 0.000000 0.000000 0.000000 0.000000 0.000000 0.000000 0.000000 0.000000 0.000000 0.000000 0.000000 0.000000 0.000000 0.000000 0.000000 0.000000 0.000000 0.000000 0.000000 0.000000 0.000000 0.000000 0.000000 0.000000 0.000000 0.000000 0.000000 0.000000 0.000000 0.000000 0.000000 0.000000 0.000000 0.000000 0.000000 0.000000 0.000000 -7.158832 46.112051 1.685665 -21.606582 12.380388 1.709816 -0.582985 -1.587496 -32.888451 19.105467 -15.295257 29.181510 -16.401414 30.320987 1.613841 14.475803 -12.336523 14.096766 -27.262188 18.016313 3.079752 -4.288633 -7.888109 12.402932 -33.480617 17.943411 9.147537 -14.194988 0.676687 34.496703 -22.631583 -19.205335 7.219361 -12.137231 10.264876 -9.191468 -11.262238 -31.882442 -25.699510 5.826407 24.701509 -11.865295 5.882585 -42.490813 20.325668 8.383362 8.009210 -5.755549 -8.329728 -20.569603 30.981342 2.325001 -7.089836 -0.076693 -17.863427 22.296919 -22.946235 13.159591 14.630928 -8.741975 5.326481 -29.428040 39.397033 -13.769894 11.688336 4.300251 -15.918364 9.660828 17.774043 -6.690760 -18.130704 -28.814128 -18.939119 20.340134 -8.532099 15.540658 -23.029472 -4.645396 15.363259 0.634291 2.951686 -10.138342 -7.638650 11.802494 -18.754129 -3.091753 50.007400 -19.153945 -32.995384 19.408123 13.889121 4.038502 -24.832341 -20.562714 21.550013 8.172539 -9.624562 19.599920 -0.384747 -2.101019 -3.914997 -23.150278 -14.772204 -16.169221 20.686555 -13.945729 5.924349 20.201465 -18.005717 -13.222654 17.834989 4.133800 -20.044811 60.441063 16.376176 -9.254147 -2.387820 -8.928815 -14.159417 -32.712185 -6.061835 -26.717030 1.381300 9.605839 8.155014 10.822723 17.756353 8.124443 37.769893 8.356915 4.662415 -13.874774 21.913527 0.530180 6.262021 19.819318 3.445592 -27.229158 -16.045112 
0.000000 0.000000 0.000000 0.000000 0.000000 0.000000 0.000000 0.000000 0.000000 0.000000 0.000000 0.000000 0.000000 0.000000 0.000000 0.000000 0.000000 0.000000 0.000000 0.000000 0.000000 0.000000 0.000000 0.000000 0.000000 0.000000 0.000000 0.000000 0.000000 0.000000 0.000000 0.000000 0.000000 0.000000 0.000000 0.000000 0.000000 0.000000 0.000000 0.000000 0.000000 0.000000 0.000000 0.000000 0.000000 0.000000 0.000000 0.000000 0.000000 0.000000 0.000000 0.000000 0.000000 0.000000 0.000000 0.000000 0.000000 0.000000 0.000000 0.000000 0.000000 0.000000 0.274504 0.661746 -0.321168 -0.424160 4.261593 1.359071 -1.685164 -5.305408 -2.439725 3.343993 -1.422968 -4.357563 3.454582 5.057351 0.547404 -1.970609 7.125953 -2.277670 3.177705 -6.800458 7.331803 3.625457 3.622747 -6.666728 2.138704 2.303765 -11.286104 4.166032 10.421178 -5.085481 -4.267782 1.858298 3.201221 -4.427978 -2.221701 3.741278 0.818941 -11.797279 2.179304 1.158278 -0.727084 -1.071374 -3.358720 -5.953716 10.406568 3.537397 7.794330 2.330962 0.140684 4.501207 3.341530 -3.466742 0.791331 -2.159614 -2.031640 -1.248116 4.994445 4.181285 -2.644454 0.092174 -6.140514 11.130919 -4.286328 10.974130 -7.324054 -7.617868 1.969804 1.161103 2.727912 -2.524205 -6.755500 6.063444 7.178467 1.800992 -3.506966 -12.729383 1.676390 2.721961 7.874225 5.695646 0.812370 1.695955 -2.759898 -2.051969 -1.807477 10.265289 -2.374040 -3.989765 1.597317 1.153975 1.488783 -3.846898 -1.572721 2.746696 -1.155545 -5.700749 5.641465 -5.942800 2.372170 -1.878128 -1.685853 -6.323559 -4.866321 -0.627727 -8.752035 -2.094225 3.131132 0.541164 -6.361103 -4.431417 -6.373686 8.854120 -0.989708 -1.855551 -1.243275 7.133658 -4.954832 -1.113609 -4.981906 2.267225 -0.762788 -3.869001 3.461766 9.039518 1.971039 6.164923 -1.746598 1.014389 5.576644 0.831914 -2.171583 -1.333769 4.259771 -4.172960 -7.732190 3.680866 6.368371 1.947890 
0.000000 0.000000 0.000000 0.000000 0.000000 0.000000 0.000000 0.000000 0.000000 0.000000 0.000000 0.000000 0.000000 0.000000 0.000000 0.000000 0.000000 0.000000 0.000000 0.000000 0.000000 0.000000 0.000000 0.000000 0.000000 0.000000 0.000000 0.000000 0.000000 0.000000 0.000000 0.000000 0.000000 0.000000 0.000000 0.000000 0.000000 0.000000 0.000000 0.000000 0.000000 0.000000 0.000000 0.000000 0.000000 0.000000 0.000000 0.000000 0.000000 0.000000 0.000000 0.000000 0.000000 0.000000 0.000000 0.000000 0.000000 0.000000 0.000000 0.000000 0.000000 0.000000 0.000000 23.915485 -4.014107 -8.092250 116.049283 35.436733 -50.832651 -144.133013 -73.848979 98.570392 -39.760667 -115.411389 98.257106 138.117145 10.446107 -64.513344 196.352617 -58.032212 87.958239 -184.064891 196.639303 99.316435 100.199524 -180.346976 52.179751 62.274659 -311.492223 106.495319 282.481215 -129.527718 -92.764817 56.866301 97.960055 -108.410991 -65.211152 107.256933 24.254537 -323.548059 62.459210 30.786870 -21.102474 -22.861564 -84.383803 -168.895182 290.611885 96.614374 211.138903 63.052587 14.995370 121.194164 82.020709 -96.958373 22.798295 -54.261955 -54.922167 -19.113792 138.546437 118.245831 -64.425083 6.536901 -166.308919 294.700099 -119.058631 292.082028 -203.232334 -202.677488 56.322767 35.223463 81.212798 -64.463820 -166.793013 164.940987 195.835386 55.336098 -118.005959 -342.462047 45.416038 61.589279 214.184226 154.314779 32.184237 49.179789 -79.602050 -59.844600 -57.546065 255.301670 -60.630433 -110.830993 45.291849 32.582390 47.142706 -96.908141 -41.080895 77.826759 -30.973487 -158.915563 146.474581 -170.007696 74.008650 -38.760404 -51.371491 -160.242346 -131.427451 -28.736841 -233.815966 -51.366273 73.500162 18.619012 -177.118197 -125.675806 -179.210621 247.163181 -36.708399 -51.739587 -27.819103 187.725537 -135.747636 -35.284693 -125.621466 71.569209 -12.713841 -106.035035 93.804816 236.261908 43.357247 169.656822 -44.956527 19.533906 142.869838 13.683587 -68.842882 -38.174849 123.279678 -113.659710 -219.350717 106.341571 192.447200 57.317117 
0.000000 0.000000 0.000000 0.000000 0.000000 0.000000 0.000000 0.000000 0.000000 0.000000 0.000000 0.000000 0.000000 0.000000 0.000000 0.000000 0.000000 0.000000 0.000000 0.000000 0.000000 0.000000 0.000000 0.000000 0.000000 0.000000 0.000000 0.000000 0.000000 0.000000 0.000000 0.000000 0.000000 0.000000 0.000000 0.000000 0.000000 0.000000 0.000000 0.000000 0.000000 0.000000 0.000000 0.000000 0.000000 0.000000 0.000000 0.000000 0.000000 0.000000 0.000000 0.000000 0.000000 0.000000 0.000000 0.000000 0.000000 0.000000 0.000000 0.000000 0.000000 0.000000 0.000000 0.000000 1.091191 1.141435 7.029151 0.684280 -2.351938 -8.025851 -5.424827 4.763934 -1.719063 -8.611524 10.783671 3.496021 -1.876863 -10.837412 6.602678 -3.712666 8.197935 -13.564896 10.833023 3.324174 3.804693 -9.738104 -0.112124 0.652981 -14.892691 5.735967 10.971114 -2.692398 -4.973747 2.679520 11.030948 -8.497459 -3.433142 5.906900 5.682685 -17.442836 3.119190 -1.194995 1.571990 -2.531789 1.539602 -14.407839 19.947918 4.896023 14.907227 3.574913 5.509274 8.075383 6.443692 -2.148636 1.811721 -0.829982 -6.949118 -0.987107 9.688468 5.710106 -3.896965 0.401183 -3.908065 15.038213 -3.877143 13.362063 -11.162320 -12.778301 -0.332770 1.127283 2.498036 -1.774882 -7.897579 10.498268 11.043909 1.492488 -7.559576 -20.489308 4.545217 0.130990 9.320802 8.253659 2.014425 6.776765 -3.922101 -5.321653 -3.684942 8.436788 1.525846 -5.560382 7.699233 1.923699 -4.269838 -10.759382 -1.940346 5.124257 -3.224136 -4.403074 4.174227 -10.563995 5.988488 0.065786 -5.481900 -4.662820 -10.221591 -1.977023 -8.666231 -1.629951 0.132145 2.330376 -12.386198 -4.466315 -16.547400 10.426082 -7.291404 -4.175659 0.266189 5.617041 -8.155123 -3.658634 -4.684329 4.863851 -4.945596 -6.483835 10.587311 11.616273 -0.171719 6.337517 -2.464439 1.309712 13.214444 3.220347 0.101872 -4.625607 4.729281 -9.518112 -12.833289 5.475973 14.492186 1.523683 
0.000000 0.000000 0.000000 0.000000 0.000000 0.000000 0.000000 0.000000 0.000000 0.000000 0.000000 0.000000 0.000000 0.000000 0.000000 0.000000 0.000000 0.000000 0.000000 0.000000 0.000000 0.000000 0.000000 0.000000 0.000000 0.000000 0.000000 0.000000 0.000000 0.000000 0.000000 0.000000 0.000000 0.000000 0.000000 0.000000 0.000000 0.000000 0.000000 0.000000 0.000000 0.000000 0.000000 0.000000 0.000000 0.000000 0.000000 0.000000 0.000000 0.000000 0.000000 0.000000 0.000000 0.000000 0.000000 0.000000 0.000000 0.000000 0.000000 0.000000 0.000000 0.000000 0.000000 0.000000 0.000000 -35.913478 41.278649 24.008107 -5.975320 -37.374025 -4.591134 17.144655 -43.011132 -34.041377 1.182463 60.013805 17.417850 21.807906 84.166792 -25.624926 24.395874 -76.157899 95.569455 33.422716 36.741365 -63.720461 28.490144 29.892514 -115.054735 75.416054 116.205337 -71.493171 -118.316116 -2.662362 1.282196 -87.463289 -4.296179 27.418092 16.569025 -114.599505 12.550641 0.286586 6.698691 -26.132680 -45.346419 -49.628805 95.292096 38.088869 88.753717 18.363120 -18.631960 45.157308 64.529761 -28.649957 9.720878 -22.751156 -28.672793 -48.135890 43.989456 20.516386 -49.607760 -10.321400 -66.552400 142.691128 -26.751214 147.148731 -78.686149 -84.782973 9.362410 -13.302192 30.541035 -21.495580 -116.446103 84.295951 70.699369 7.511773 24.836473 -140.577146 22.184361 60.873169 91.645245 61.448629 -24.716922 10.590594 -22.286681 7.246755 4.554790 177.655148 -41.429072 -24.868751 -8.028169 -1.854599 8.810032 -44.828323 -18.758072 6.953713 -15.570596 -54.756080 88.566530 -45.571142 -9.074750 -56.825859 11.607619 -106.892156 -43.381277 28.390863 -116.527686 -44.590022 47.516773 6.311576 -61.646201 -50.841180 -57.180587 95.853577 -17.732512 -31.345824 -21.776621 110.703959 -43.884003 18.286085 -81.985287 2.758972 -18.723509 -38.493890 30.766231 126.115544 44.158109 50.251783 -32.050857 9.042216 79.747548 26.640908 2.545020 -12.109143 21.538685 -46.498347 -79.064792 31.510275 27.587674 17.740472 
0.000000 0.000000 0.000000 0.000000 0.000000 0.000000 0.000000 0.000000 0.000000 0.000000 0.000000 0.000000 0.000000 0.000000 0.000000 0.000000 0.000000 0.000000 0.000000 0.000000 0.000000 0.000000 0.000000 0.000000 0.000000 0.000000 0.000000 0.000000 0.000000 0.000000 0.000000 0.000000 0.000000 0.000000 0.000000 0.000000 0.000000 0.000000 0.000000 0.000000 0.000000 0.000000 0.000000 0.000000 0.000000 0.000000 0.000000 0.000000 0.000000 0.000000 0.000000 0.000000 0.000000 0.000000 0.000000 0.000000 0.000000 0.000000 0.000000 0.000000 0.000000 0.000000 0.000000 0.000000 0.000000 0.000000 -4.516935 -5.062105 2.715312 -4.390777 3.076782 -7.537727 4.566850 -6.011205 2.909811 3.675852 -0.490871 3.305454 -9.838364 -4.958616 -4.227278 -2.606753 -2.680885 -7.276346 -1.168436 6.347556 -2.263835 -4.112645 12.456921 -4.209345 -4.501010 -1.189072 -5.426281 -4.838481 -4.883016 -4.947308 -1.881127 1.476802 0.452555 5.408030 -6.588297 -0.627753 1.348512 -7.274007 -0.803705 8.047028 -9.473950 -2.316302 -0.599744 1.216803 -10.271626 -1.344571 6.435140 3.015889 -4.237695 -2.630965 -5.200307 -9.505464 -4.152491 -0.896669 -3.681869 0.127632 2.667991 -1.177753 1.587341 -0.482213 1.339897 -4.310757 -4.500989 -0.325811 -9.024732 -0.525349 -12.681259 -7.732462 -4.587509 -8.810336 16.482894 1.574127 -5.746743 3.928977 -7.668108 5.482359 -7.971781 4.354999 0.814486 2.583205 2.524704 9.002735 3.776301 4.353526 1.576972 3.568305 -4.201386 -7.186581 -0.601756 0.246461 -4.694169 8.035126 -3.050309 9.089423 -7.747803 -5.562220 -2.046383 0.352174 -4.804147 6.240431 -1.790398 -3.003878 9.057044 -5.526559 4.379797 2.212081 7.785208 -8.643289 2.740245 -0.361394 -6.213287 -7.653561 6.844820 -2.021675 -1.604727 -2.604962 -5.218327 -0.973384 4.242167 2.195145 6.314993 3.371780 -1.493163 9.466407 3.941985 4.813138 4.487080 -1.500210 -4.641105 4.487010 15.508599 -7.512798 -11.323426 -1.934742 
0.000000 0.000000 0.000000 0.000000 0.000000 0.000000 0.000000 0.000000 0.000000 0.000000 0.000000 0.000000 0.000000 0.000000 0.000000 0.000000 0.000000 0.000000 0.000000 0.000000 0.000000 0.000000 0.000000 0.000000 0.000000 0.000000 0.000000 0.000000 0.000000 0.000000 0.000000 0.000000 0.000000 0.000000 0.000000 0.000000 0.000000 0.000000 0.000000 0.000000 0.000000 0.000000 0.000000 0.000000 0.000000 0.000000 0.000000 0.000000 0.000000 0.000000 0.000000 0.000000 0.000000 0.000000 0.000000 0.000000 0.000000 0.000000 0.000000 0.000000 0.000000 0.000000 0.000000 0.000000 0.000000 0.000000 0.000000 -61.534762 20.753511 -145.334384 5.545547 -74.219869 50.208888 -181.468796 127.296758 105.498141 -13.443219 -16.742343 -78.546981 -121.009244 -2.231156 -168.878414 74.160151 -71.683864 24.113543 2.223336 -23.715343 -48.106240 45.208701 7.885639 53.502465 -76.029704 -173.928186 -56.147921 1.347835 -179.144799 -61.849143 78.396700 55.174494 -93.936553 -75.764681 -16.034189 31.221564 -144.604723 -23.799475 3.954925 31.884269 17.650587 136.538506 59.657005 -139.710545 62.172833 179.372228 17.083082 -52.223082 -61.839110 -142.608569 -183.267037 24.666147 44.422811 -112.568058 1.706989 -18.630696 148.012834 -18.301097 152.611805 -91.151452 -205.371593 -73.724417 1.487377 -118.940943 -35.997083 -310.147859 -17.122301 37.190674 -124.381351 217.359262 -186.413116 -50.087255 93.946032 -15.996715 174.897730 -119.160868 119.565793 -27.740560 1.732580 15.210098 281.696880 45.902338 19.134554 76.189176 76.457203 -95.896366 -214.698451 -29.028213 49.352768 -105.179516 71.889475 21.164201 49.364640 -79.717619 -115.561262 -72.847016 -76.394015 -170.673468 91.781077 -144.029163 -80.763339 176.229915 -70.415813 -42.661671 -15.514421 -14.453964 -25.087007 -4.877934 -45.582476 -107.593146 -37.733156 29.566598 -53.807013 -91.484638 -8.106137 -127.548236 -83.124057 161.800847 173.839046 123.965291 128.025875 -54.232131 168.706427 190.277465 113.399640 72.977674 -59.148175 -23.376106 -20.280230 128.330380 -71.372275 -70.904837 -12.364886 
0.000000 0.000000 0.000000 0.000000 0.000000 0.000000 0.000000 0.000000 0.000000 0.000000 0.000000 0.000000 0.000000 0.000000 0.000000 0.000000 0.000000 0.000000 0.000000 0.000000 0.000000 0.000000 0.000000 0.000000 0.000000 0.000000 0.000000 0.000000 0.000000 0.000000 0.000000 0.000000 0.000000 0.000000 0.000000 0.000000 0.000000 0.000000 0.000000 0.000000 0.000000 0.000000 0.000000 0.000000 0.000000 0.000000 0.000000 0.000000 0.000000 0.000000 0.000000 0.000000 0.000000 0.000000 0.000000 0.000000 0.000000 0.000000 0.000000 0.000000 0.000000 0.000000 0.000000 0.000000 0.000000 0.000000 0.000000 0.000000 4.366650 -14.059843 0.421924 6.871032 10.013174 -1.840797 -22.916592 37.531433 10.340641 45.313247 25.063883 1.317675 -16.105685 13.142927 4.500135 12.798051 10.023254 1.337330 21.278446 14.136032 -15.983830 -18.393184 22.564720 -19.871792 16.839883 2.301470 -19.668312 12.375291 -8.051512 14.895866 -24.032428 -5.114074 -2.022266 13.426517 -21.836622 -11.109725 -36.384656 32.008302 -17.758509 0.390162 -4.296207 9.282815 -23.445894 -21.020008 -16.353325 -13.518105 -6.888482 -17.100140 7.159770 6.326575 -18.032606 7.229119 12.956691 0.118444 -22.606131 -3.444803 -24.969806 12.839683 -3.889330 8.416196 35.607663 17.249994 -1.743288 -18.038012 -15.975190 -9.184177 -5.227653 -0.584646 -0.509104 5.314712 -14.193382 14.526837 21.142418 9.060085 5.705673 -22.060324 -9.127523 11.562407 2.193292 18.356244 -6.595768 -4.214144 -16.397715 -3.707446 32.341005 32.838882 -0.611708 -9.836535 9.779163 -18.618041 13.281836 0.464717 -7.063672 -14.313153 22.214061 -18.840383 6.527737 -3.072874 -25.101112 -11.496467 31.303641 -8.833612 14.465800 -22.143803 32.927575 28.569657 25.362346 6.474822 -16.275452 25.296640 -2.229438 -0.891095 -8.964477 -3.648977 26.605671 6.752862 -37.250955 16.346039 14.310433 14.243727 1.598696 2.501137 -29.893798 -8.824022 -18.629412 -7.631092 11.961846 19.944933 -5.127264 -7.124340 -9.805188 6.117780 
0.000000 0.000000 0.000000 0.000000 0.000000 0.000000 0.000000 0.000000 0.000000 0.000000 0.000000 0.000000 0.000000 0.000000 0.000000 0.000000 0.000000 0.000000 0.000000 0.000000 0.000000 0.000000 0.000000 0.000000 0.000000 0.000000 0.000000 0.000000 0.000000 0.000000 0.000000 0.000000 0.000000 0.000000 0.000000 0.000000 0.000000 0.000000 0.000000 0.000000 0.000000 0.000000 0.000000 0.000000 0.000000 0.000000 0.000000 0.000000 0.000000 0.000000 0.000000 0.000000 0.000000 0.000000 0.000000 0.000000 0.000000 0.000000 0.000000 0.000000 0.000000 0.000000 0.000000 0.000000 0.000000 0.000000 0.000000 0.000000 0.000000 4.425261 -0.015892 0.944787 5.288375 -7.591615 6.357914 -8.335669 -2.842079 -3.051390 -3.498266 -2.354072 -2.925381 1.266222 -4.943772 -1.968703 1.492907 -0.338270 -1.642613 1.165163 7.189754 0.220521 -7.031871 -6.562203 -6.945932 -1.004811 4.067413 -9.322019 -5.334963 -2.503719 5.360771 -3.497880 -0.253961 -2.448895 2.800756 -3.105472 2.092194 0.863940 0.809254 0.593546 6.639786 0.294018 -4.331502 2.197129 6.516921 0.383798 -3.415734 -5.738014 0.585021 -5.489551 0.698305 0.822804 -4.829599 -1.919051 -0.069893 4.797547 2.608822 1.203503 -0.386034 -5.628788 -8.880878 -0.326071 -0.336677 -3.550797 -6.951936 -2.145060 0.434513 0.742591 5.496536 -4.292856 0.164670 0.251714 -2.946207 -0.383630 1.380876 4.446911 -0.762195 -5.418524 4.136288 3.185592 1.794343 3.106297 4.403083 3.109707 -4.103088 -6.759808 6.730880 3.855907 -1.313243 4.250166 5.504896 -0.716665 2.235595 -5.563604 -4.944775 -3.435316 -3.344951 -0.249946 2.154715 -2.686876 4.996770 -2.796493 1.280334 5.225836 -2.593392 -9.522541 5.205936 2.944255 -3.185649 -5.221747 -0.682583 0.037727 -4.685121 1.596334 -6.832907 1.697130 7.893893 -0.517308 1.217600 -0.587110 3.759576 6.083745 7.959537 1.186416 5.595068 3.312492 -0.781088 -1.950647 6.073335 -4.691252 -7.172259 -0.165615 
0.000000 0.000000 0.000000 0.000000 0.000000 0.000000 0.000000 0.000000 0.000000 0.000000 0.000000 0.000000 0.000000 0.000000 0.000000 0.000000 0.000000 0.000000 0.000000 0.000000 0.000000 0.000000 0.000000 0.000000 0.000000 0.000000 0.000000 0.000000 0.000000 0.000000 0.000000 0.000000 0.000000 0.000000 0.000000 0.000000 0.000000 0.000000 0.000000 0.000000 0.000000 0.000000 0.000000 0.000000 0.000000 0.000000 0.000000 0.000000 0.000000 0.000000 0.000000 0.000000 0.000000 0.000000 0.000000 0.000000 0.000000 0.000000 0.000000 0.000000 0.000000 0.000000 0.000000 0.000000 0.000000 0.000000 0.000000 0.000000 0.000000 0.000000 -5.081812 30.507894 38.191139 -14.171237 -18.820344 24.169785 5.159818 60.507603 35.249537 5.083643 -42.913558 50.278629 -30.558827 13.418964 31.731346 -1.182149 37.856500 41.801525 -8.045866 -45.523464 25.687541 -69.655613 39.742863 14.970949 -12.284141 14.883439 -40.461479 5.854559 -42.338241 -24.626003 6.771918 27.926699 -34.230672 -13.875246 -58.147247 57.878690 -30.843458 -6.060723 -7.113206 -0.874603 -41.925497 -44.797719 -30.245257 -39.234190 -24.343030 -55.258831 46.323454 20.798291 -31.134952 15.971708 24.792974 -15.336842 -44.260126 5.767703 -43.601788 9.407994 -1.251683 10.564515 33.488318 31.334813 18.260216 -51.969883 -15.538333 -38.955705 -2.186605 21.844880 -8.970249 11.034576 -32.323329 5.192911 27.266942 -1.312987 38.917168 -19.759106 -20.849072 -17.502851 15.097978 13.141516 -5.468122 1.295424 -8.273298 8.196668 70.198897 49.300919 26.092635 11.206868 20.541759 -31.868114 37.621847 -6.605349 19.023755 -23.997368 11.241713 -36.044129 10.911163 -24.888594 -13.775947 -5.719081 58.730440 -28.949143 34.612672 -10.926371 48.851109 17.226573 80.301782 32.325078 -31.788941 18.354307 -12.102016 -4.074439 -29.520648 16.264832 39.722742 25.333380 -51.284033 3.818940 -0.484369 26.977899 34.633055 22.471722 -46.760477 -40.467086 -27.691974 19.620176 23.941217 45.429266 10.410672 -18.372627 -30.740398 23.986907 
0.000000 0.000000 0.000000 0.000000 0.000000 0.000000 0.000000 0.000000 0.000000 0.000000 0.000000 0.000000 0.000000 0.000000 0.000000 0.000000 0.000000 0.000000 0.000000 0.000000 0.000000 0.000000 0.000000 0.000000 0.000000 0.000000 0.000000 0.000000 0.000000 0.000000 0.000000 0.000000 0.000000 0.000000 0.000000 0.000000 0.000000 0.000000 0.000000 0.000000 0.000000 0.000000 0.000000 0.000000 0.000000 0.000000 0.000000 0.000000 0.000000 0.000000 0.000000 0.000000 0.000000 0.000000 0.000000 0.000000 0.000000 0.000000 0.000000 0.000000 0.000000 0.000000 0.000000 0.000000 0.000000 0.000000 0.000000 0.000000 0.000000 0.000000 0.000000 -12.951356 -20.307010 18.486412 3.907512 -11.405772 5.847132 -19.802069 -6.681042 4.449256 28.336608 -24.015059 20.979033 3.273189 -19.626930 -4.149022 -11.127125 -15.218736 -14.244527 27.907092 -6.985496 44.646767 -14.064313 -2.824233 1.614097 2.434627 29.149789 1.259698 12.692985 10.934078 2.720361 -12.729930 15.268122 13.663540 20.838404 -30.141880 25.863965 6.270060 5.377125 2.022920 29.927995 21.724212 1.692614 19.572676 16.689768 32.323142 -25.545194 -9.854838 12.216931 -6.437213 -9.286596 9.401630 20.644458 -2.057438 14.275536 4.782265 -1.083152 4.061220 0.398723 -13.481882 0.605024 29.511329 16.629454 30.347699 2.743921 -6.984641 -9.012677 -6.469925 20.345089 -0.172698 -7.848760 -1.959648 -17.824106 -0.828242 17.395591 15.401006 -8.682787 -12.322218 3.551976 -4.156420 -0.411463 -13.431018 -27.996212 -9.961737 -16.410130 -15.901367 -7.875487 9.953612 -15.427854 -9.754335 -13.137692 15.827470 5.212924 14.396507 -0.524708 15.884614 -1.208329 3.814714 -41.883365 21.681771 -17.215830 -1.531980 -26.188630 10.716534 -48.953991 -17.980609 21.262714 6.065505 2.764076 7.831720 14.395769 -10.279720 -6.723633 -10.168678 6.158854 3.460252 -1.950892 -18.719623 -23.783880 -27.153044 12.342940 17.972948 4.346093 -16.601659 -8.501999 -29.396364 -25.814456 16.459244 22.611707 -10.950996 
0.000000 0.000000 0.000000 0.000000 0.000000 0.000000 0.000000 0.000000 0.000000 0.000000 0.000000 0.000000 0.000000 0.000000 0.000000 0.000000 0.000000 0.000000 0.000000 0.000000 0.000000 0.000000 0.000000 0.000000 0.000000 0.000000 0.000000 0.000000 0.000000 0.000000 0.000000 0.000000 0.000000 0.000000 0.000000 0.000000 0.000000 0.000000 0.000000 0.000000 0.000000 0.000000 0.000000 0.000000 0.000000 0.000000 0.000000 0.000000 0.000000 0.000000 0.000000 0.000000 0.000000 0.000000 0.000000 0.000000 0.000000 0.000000 0.000000 0.000000 0.000000 0.000000 0.000000 0.000000 0.000000 0.000000 0.000000 0.000000 0.000000 0.000000 0.000000 0.000000 -14.853450 16.706020 -12.666892 10.182693 -7.886907 -7.693101 -7.335731 13.956332 2.289947 -0.089313 2.448108 -0.073250 -1.950156 4.350854 -2.360323 -10.372839 3.292798 -6.346509 8.620886 10.580021 23.881629 -1.511130 -7.025318 23.083995 8.050541 -5.955071 -4.760205 16.965155 -5.782716 8.233119 -4.339212 10.466588 7.471554 -10.069706 -15.575062 -9.638429 -20.401976 -4.836403 10.332448 -11.095707 -9.526482 -0.279135 6.103164 11.908058 7.537285 22.767614 2.989120 -9.400937 14.293262 -2.383095 6.899476 -20.494259 1.680761 -22.223930 11.025494 16.569896 1.735900 -1.787822 -1.166015 9.908229 28.840779 -5.674365 -3.341272 0.787886 -9.627263 23.995541 -2.231039 -8.706089 -1.066646 -7.254740 1.858987 -3.003693 0.663307 0.374226 -6.995584 -20.514414 -2.400559 -4.807997 -7.123320 -2.346808 6.567540 7.139553 -6.563206 -2.647148 3.332809 -8.545997 -18.021619 14.980339 1.805486 17.567877 4.543809 17.531235 13.272823 -8.778580 20.613394 9.218817 -9.656590 -1.022310 1.865550 0.139933 8.845473 -2.378592 -3.932469 -0.318339 5.963623 -3.115177 4.566248 -6.897533 16.907718 -1.461749 6.537980 1.357905 -1.162535 -14.489889 -2.973436 -0.217043 -0.503775 -9.428462 -9.045490 -9.618599 -5.251533 -0.083452 1.773628 12.310776 2.866038 8.760334 15.347802 1.760053 
0.000000 0.000000 0.000000 0.000000 0.000000 0.000000 0.000000 0.000000 0.000000 0.000000 0.000000 0.000000 0.000000 0.000000 0.000000 0.000000 0.000000 0.000000 0.000000 0.000000 0.000000 0.000000 0.000000 0.000000 0.000000 0.000000 0.000000 0.000000 0.000000 0.000000 0.000000 0.000000 0.000000 0.000000 0.000000 0.000000 0.000000 0.000000 0.000000 0.000000 0.000000 0.000000 0.000000 0.000000 0.000000 0.000000 0.000000 0.000000 0.000000 0.000000 0.000000 0.000000 0.000000 0.000000 0.000000 0.000000 0.000000 0.000000 0.000000 0.000000 0.000000 0.000000 0.000000 0.000000 0.000000 0.000000 0.000000 0.000000 0.000000 0.000000 0.000000 0.000000 0.000000 -4.127070 -11.851048 21.126762 -20.094870 5.929264 -7.551355 8.600747 -29.114998 10.431430 -10.334597 -3.490060 11.319905 8.769817 -2.235870 -8.747079 26.751733 -24.137252 -0.463339 -23.219826 26.364158 -5.487255 -6.087010 7.703720 -14.729148 -6.146325 2.472419 17.707850 -13.647965 8.051571 -12.524791 -8.237949 4.481127 14.552102 -42.470283 -10.636607 -19.445588 -1.632907 -23.384673 -22.489364 6.960753 -10.079778 -9.049983 -9.809835 20.172425 25.504379 -1.346134 -5.873720 13.239986 -4.503338 -9.802434 -20.829838 4.007458 -27.030312 10.583815 6.320109 -8.538453 2.826699 -17.449642 -9.515677 6.674793 -30.096418 -10.173845 -1.144213 7.079327 27.702842 -13.983836 -4.915826 4.268344 3.067748 9.851671 1.312756 -17.794321 -5.133492 -2.877306 -4.281139 -7.375507 2.735534 -7.685201 11.354580 11.018226 3.986698 15.698129 10.312971 8.202500 -8.300447 -12.892921 33.053853 9.887524 2.702185 0.578914 9.452910 14.993179 -22.439554 21.051505 -4.253363 34.373829 -16.193974 15.870987 1.748029 32.944066 -26.409000 29.615931 14.888856 -13.323716 -17.503486 7.278557 -13.774115 9.907292 0.113045 1.888625 6.703530 11.831463 -20.130035 14.457733 12.784764 15.359358 23.374572 -6.974357 -13.585291 -1.452837 10.729391 9.681434 33.582985 37.567304 -12.861159 -9.726164 4.747911 
0.000000 0.000000 0.000000 0.000000 0.000000 0.000000 0.000000 0.000000 0.000000 0.000000 0.000000 0.000000 0.000000 0.000000 0.000000 0.000000 0.000000 0.000000 0.000000 0.000000 0.000000 0.000000 0.000000 0.000000 0.000000 0.000000 0.000000 0.000000 0.000000 0.000000 0.000000 0.000000 0.000000 0.000000 0.000000 0.000000 0.000000 0.000000 0.000000 0.000000 0.000000 0.000000 0.000000 0.000000 0.000000 0.000000 0.000000 0.000000 0.000000 0.000000 0.000000 0.000000 0.000000 0.000000 0.000000 0.000000 0.000000 0.000000 0.000000 0.000000 0.000000 0.000000 0.000000 0.000000 0.000000 0.000000 0.000000 0.000000 0.000000 0.000000 0.000000 0.000000 0.000000 0.000000 -169.578435 258.117300 -202.003565 125.081023 -35.556844 116.751077 -332.496791 147.216041 -116.978553 -16.992626 130.715160 95.441341 2.895562 -74.643189 256.122605 -274.903786 9.134222 -255.644229 335.874671 -44.202511 -96.293482 129.583255 -149.754115 -56.139133 -11.074298 211.946122 -137.468240 97.100020 -160.642912 -82.319140 14.673926 196.083137 -483.729913 -112.824493 -249.820919 -25.878128 -254.170287 -281.858498 31.571724 -128.177397 -89.301712 -100.859315 246.953843 310.404507 -33.097176 -63.731964 174.374389 -43.543709 -129.140778 -249.121223 28.075202 -292.429289 124.640619 117.382560 -34.294304 36.440181 -176.157970 -105.425576 108.004618 -334.997436 -124.606254 -5.340311 50.969561 335.597766 -160.745638 -55.839138 75.327857 22.409847 123.214235 -27.169468 -199.790411 -29.214452 -36.657988 -64.273941 -91.288688 23.601063 -114.269013 101.449398 168.032157 109.779867 174.115922 91.206064 117.401466 -114.881613 -146.348123 358.736399 104.910503 44.814466 53.503977 95.112251 206.384172 -252.202039 216.019708 -45.167103 374.733998 -166.846852 192.648462 -0.131184 396.173744 -247.798714 337.487928 172.617691 -135.570254 -160.393333 79.843946 -133.577435 115.056760 -7.653244 77.757447 89.237572 55.002195 -226.247137 155.009047 126.056299 169.144857 235.576562 -144.026425 -175.561747 -55.670516 115.405644 121.352591 394.022129 385.535001 -136.597188 -112.305767 53.740573 
0.000000 0.000000 0.000000 0.000000 0.000000 0.000000 0.000000 0.000000 0.000000 0.000000 0.000000 0.000000 0.000000 0.000000 0.000000 0.000000 0.000000 0.000000 0.000000 0.000000 0.000000 0.000000 0.000000 0.000000 0.000000 0.000000 0.000000 0.000000 0.000000 0.000000 0.000000 0.000000 0.000000 0.000000 0.000000 0.000000 0.000000 0.000000 0.000000 0.000000 0.000000 0.000000 0.000000 0.000000 0.000000 0.000000 0.000000 0.000000 0.000000 0.000000 0.000000 0.000000 0.000000 0.000000 0.000000 0.000000 0.000000 0.000000 0.000000 0.000000 0.000000 0.000000 0.000000 0.000000 0.000000 0.000000 0.000000 0.000000 0.000000 0.000000 0.000000 0.000000 0.000000 0.000000 0.000000 -1.596617 -4.751936 -4.768684 -11.712018 6.332086 1.209817 -2.509836 1.683883 2.994400 -0.552549 0.627904 4.992949 0.002767 0.928632 -7.332282 11.390380 -3.387473 -2.523351 -1.276797 -5.792163 6.500676 1.109423 -6.426002 -6.205214 -1.148751 -2.951118 7.394925 -0.089385 7.134806 -6.324166 -5.117335 -0.752760 -3.265145 4.338024 2.341584 -2.648492 -0.332088 -3.320966 0.711682 -1.849934 -7.161364 1.212964 -4.067708 -1.319307 0.212308 -2.363459 -7.708927 2.166291 4.894277 -4.541414 4.078366 2.785389 -3.366609 -2.258842 5.299917 6.699471 -0.070404 0.581296 0.721172 7.753654 3.376678 2.110851 0.960893 -4.093964 7.596989 -7.333957 -2.116422 -1.336024 1.948980 8.491424 -9.743669 6.816458 4.206005 -0.998636 -0.901406 2.562024 -0.848181 9.532674 -1.496344 -1.192394 2.619876 -6.785329 -8.698889 3.479149 -0.975452 -5.438804 2.303107 -5.007261 -5.150338 -5.841565 1.954995 2.636103 2.593393 -4.127554 -8.938735 2.170451 -0.691691 5.777441 -1.123869 9.566000 6.917314 -4.670180 -0.315043 1.617875 -3.545526 -2.501439 2.281169 0.347940 -1.218796 2.733183 4.498718 5.147572 11.031317 -1.646402 -0.117175 6.844700 -2.381154 -0.201947 3.552339 -0.310041 -1.609823 3.080944 2.240652 -2.636479 7.171927 
0.000000 0.000000 0.000000 0.000000 0.000000 0.000000 0.000000 0.000000 0.000000 0.000000 0.000000 0.000000 0.000000 0.000000 0.000000 0.000000 0.000000 0.000000 0.000000 0.000000 0.000000 0.000000 0.000000 0.000000 0.000000 0.000000 0.000000 0.000000 0.000000 0.000000 0.000000 0.000000 0.000000 0.000000 0.000000 0.000000 0.000000 0.000000 0.000000 0.000000 0.000000 0.000000 0.000000 0.000000 0.000000 0.000000 0.000000 0.000000 0.000000 0.000000 0.000000 0.000000 0.000000 0.000000 0.000000 0.000000 0.000000 0.000000 0.000000 0.000000 0.000000 0.000000 0.000000 0.000000 0.000000 0.000000 0.000000 0.000000 0.000000 0.000000 0.000000 0.000000 0.000000 0.000000 0.000000 0.000000 -6.910272 -7.211479 -42.293249 30.607990 16.485989 -17.852032 17.739588 27.413030 -4.266943 -4.531217 34.401153 8.237869 -17.203632 -23.375739 63.227868 -6.316076 -21.835738 -6.760947 -33.400880 23.510491 12.419947 -21.359216 -33.212869 -15.736754 -10.914670 36.357591 0.860051 31.368260 -45.617870 -26.598108 12.353753 -8.014757 40.520661 16.996712 -9.075565 2.990126 -18.879348 5.746926 -2.452302 -36.583291 -5.860149 -27.799325 -9.615605 4.963376 -13.999713 -31.974636 5.600687 36.234360 -30.034224 43.540472 6.496708 -16.165419 9.945856 31.252948 39.128156 -2.651335 -9.817410 19.311979 39.039730 13.725086 5.601967 -6.567382 -13.463911 47.887563 -27.317742 -6.202896 -11.578192 0.574765 49.791932 -34.913355 33.823170 28.876284 -1.952988 -9.239090 8.509164 -14.384656 45.995415 -0.454727 -12.760500 -5.496850 -29.297335 -45.601830 35.153100 -24.430206 -38.612162 -0.102314 -12.559211 -35.793487 -31.007966 17.159864 -17.523788 7.742754 -25.775551 -36.053773 7.939356 -13.480605 22.543524 20.775097 28.454691 24.046366 -24.914241 21.145355 4.827447 -10.013904 -19.407115 11.108310 10.768572 -3.910926 -4.364920 44.882152 29.955774 49.830190 -15.052389 -19.388607 29.617712 -4.051871 -13.088529 5.963112 -0.246995 -23.389606 -10.874837 19.868108 -9.326863 37.119404 
0.000000 0.000000 0.000000 0.000000 0.000000 0.000000 0.000000 0.000000 0.000000 0.000000 0.000000 0.000000 0.000000 0.000000 0.000000 0.000000 0.000000 0.000000 0.000000 0.000000 0.000000 0.000000 0.000000 0.000000 0.000000 0.000000 0.000000 0.000000 0.000000 0.000000 0.000000 0.000000 0.000000 0.000000 0.000000 0.000000 0.000000 0.000000 0.000000 0.000000 0.000000 0.000000 0.000000 0.000000 0.000000 0.000000 0.000000 0.000000 0.000000 0.000000 0.000000 0.000000 0.000000 0.000000 0.000000 0.000000 0.000000 0.000000 0.000000 0.000000 0.000000 0.000000 0.000000 0.000000 0.000000 0.000000 0.000000 0.000000 0.000000 0.000000 0.000000 0.000000 0.000000 0.000000 0.000000 0.000000 0.000000 -0.437038 11.645209 -2.916986 -9.677922 5.421730 -8.628632 -6.752612 4.928252 5.246571 -3.018982 0.906707 5.412277 -3.153859 -7.644150 -13.183244 2.260835 3.639643 11.889150 -5.971267 -3.693870 -1.402679 4.261499 3.999626 9.820323 -5.166883 5.050287 -7.969902 13.460594 5.456589 -7.206753 -0.700356 -18.270904 -7.851134 -4.034782 -11.816675 0.861365 -6.784871 -1.681890 -0.778252 10.938762 12.451422 -0.356583 -1.240243 4.504856 4.424666 -2.567044 1.098756 5.143189 -5.260645 -1.726999 0.413140 -3.855753 -9.992913 -3.449602 -8.712141 8.257337 -5.360102 -0.832977 0.975684 -2.040155 -3.138340 -2.408157 -10.438482 3.780326 3.002573 1.719973 9.926124 -15.374479 -2.956101 -3.392461 3.272885 4.860790 2.525669 -0.709748 7.778319 4.342421 -4.489404 9.131111 12.194445 2.882654 8.542796 -15.272673 11.719743 11.166258 -0.603038 0.844539 9.487481 4.349343 -7.349162 10.871268 6.722839 6.092335 6.072899 0.699226 10.916655 -3.201086 -3.335679 -2.699590 -0.887068 -1.672268 -13.611894 -0.454355 5.429036 3.413919 7.439705 1.780278 -4.469965 -0.554269 -15.674356 -18.105086 2.112559 9.052098 16.614308 -2.747201 -4.869552 2.427936 11.099600 -4.815385 14.657735 12.027280 -1.061994 -1.040640 3.551348 
0.000000 0.000000 0.000000 0.000000 0.000000 0.000000 0.000000 0.000000 0.000000 0.000000 0.000000 0.000000 0.000000 0.000000 0.000000 0.000000 0.000000 0.000000 0.000000 0.000000 0.000000 0.000000 0.000000 0.000000 0.000000 0.000000 0.000000 0.000000 0.000000 0.000000 0.000000 0.000000 0.000000 0.000000 0.000000 0.000000 0.000000 0.000000 0.000000 0.000000 0.000000 0.000000 0.000000 0.000000 0.000000 0.000000 0.000000 0.000000 0.000000 0.000000 0.000000 0.000000 0.000000 0.000000 0.000000 0.000000 0.000000 0.000000 0.000000 0.000000 0.000000 0.000000 0.000000 0.000000 0.000000 0.000000 0.000000 0.000000 0.000000 0.000000 0.000000 0.000000 0.000000 0.000000 0.000000 0.000000 0.000000 0.000000 -611.130172 192.482743 480.779142 -285.703415 422.060343 369.508809 -230.457705 -245.122848 221.399532 -14.191235 -300.943605 92.916624 497.195947 578.060722 -164.522422 -174.666284 -601.717310 311.990220 203.038860 14.812374 -273.733797 -225.369637 -451.390014 318.841105 -214.623578 427.694669 -712.011174 -313.141670 363.671596 17.015289 910.160434 388.850640 165.843691 534.932090 -91.899624 316.989344 71.995734 -52.803238 -506.004091 -621.839206 -8.691624 71.557549 -231.686345 -267.566292 128.505802 51.072663 -305.399379 351.374216 82.139994 -63.855579 208.272078 513.343822 256.621964 373.324012 -390.211294 295.677883 134.063612 -8.399876 95.582621 111.657551 79.507655 581.535360 -235.235169 -145.788238 -108.611663 -438.063534 806.353727 54.591467 228.565521 -70.334316 -214.427871 -135.539019 53.370156 -381.486543 -80.274146 195.834874 -446.884135 -558.139710 -201.267853 -484.119782 764.801173 -594.216801 -593.328814 19.708143 -67.636861 -506.902693 -275.569909 374.325940 -540.831301 -268.436572 -345.577863 -343.326602 -19.020827 -516.237336 183.438335 221.410606 167.972651 86.140025 16.318156 662.018749 27.745022 -254.153062 -200.641942 -296.546792 -44.622601 180.459760 -1.057895 815.838471 854.519848 27.742475 -436.588587 -794.066170 186.803649 212.199010 -146.279203 -476.312565 205.520780 -718.936637 -580.178296 105.750054 29.217177 -62.371239 
0.000000 0.000000 0.000000 0.000000 0.000000 0.000000 0.000000 0.000000 0.000000 0.000000 0.000000 0.000000 0.000000 0.000000 0.000000 0.000000 0.000000 0.000000 0.000000 0.000000 0.000000 0.000000 0.000000 0.000000 0.000000 0.000000 0.000000 0.000000 0.000000 0.000000 0.000000 0.000000 0.000000 0.000000 0.000000 0.000000 0.000000 0.000000 0.000000 0.000000 0.000000 0.000000 0.000000 0.000000 0.000000 0.000000 0.000000 0.000000 0.000000 0.000000 0.000000 0.000000 0.000000 0.000000 0.000000 0.000000 0.000000 0.000000 0.000000 0.000000 0.000000 0.000000 0.000000 0.000000 0.000000 0.000000 0.000000 0.000000 0.000000 0.000000 0.000000 0.000000 0.000000 0.000000 0.000000 0.000000 0.000000 0.000000 0.000000 -9.248674 16.319029 -2.222954 10.422607 -3.792181 -9.417376 -10.345384 -13.751940 -9.162141 3.079163 21.173393 -20.077632 36.604741 8.705111 -6.444796 -5.522808 0.822627 -3.022996 14.106357 14.292358 1.582556 -18.849600 -12.058801 -17.355184 2.659081 -1.242884 2.792914 7.089522 7.840197 19.034639 7.507499 18.658966 26.905806 15.025945 11.495038 11.270646 28.262673 -22.123302 -10.112528 10.704334 1.429979 -3.620207 8.231347 4.264555 -30.904446 11.610746 -20.734412 5.698374 13.787492 -2.014066 8.035745 -21.544279 24.465974 -10.752474 -1.202900 -20.915253 -16.978323 6.473005 16.652506 14.037875 -12.741242 10.132924 -11.861728 4.844836 -21.449130 2.797665 23.312384 -12.811609 -29.614784 -11.478766 -6.490782 -3.806602 -12.111981 -44.460905 9.849718 -16.009203 -26.081085 16.349534 5.029047 16.090557 -11.610088 1.462642 6.776764 8.347651 1.237733 9.186914 3.928097 -9.543715 -23.175371 4.218092 3.134262 -13.216035 -19.481732 -12.365263 -6.823877 -3.617160 -12.806357 21.390444 18.538274 -1.033661 -12.070566 6.282599 -24.847069 -17.777559 15.150633 11.854531 10.595840 30.829008 -41.791772 -12.204722 -31.920038 -7.002639 15.418830 6.369104 -35.976993 14.032308 -17.774623 -20.064991 -12.524609 10.980399 -37.073223 
0.000000 0.000000 0.000000 0.000000 0.000000 0.000000 0.000000 0.000000 0.000000 0.000000 0.000000 0.000000 0.000000 0.000000 0.000000 0.000000 0.000000 0.000000 0.000000 0.000000 0.000000 0.000000 0.000000 0.000000 0.000000 0.000000 0.000000 0.000000 0.000000 0.000000 0.000000 0.000000 0.000000 0.000000 0.000000 0.000000 0.000000 0.000000 0.000000 0.000000 0.000000 0.000000 0.000000 0.000000 0.000000 0.000000 0.000000 0.000000 0.000000 0.000000 0.000000 0.000000 0.000000 0.000000 0.000000 0.000000 0.000000 0.000000 0.000000 0.000000 0.000000 0.000000 0.000000 0.000000 0.000000 0.000000 0.000000 0.000000 0.000000 0.000000 0.000000 0.000000 0.000000 0.000000 0.000000 0.000000 0.000000 0.000000 0.000000 0.000000 132.663054 -37.971060 101.120554 8.933603 -67.615801 -68.936837 -21.485755 -35.660433 4.125052 109.177337 -44.208570 212.489172 0.458017 -50.048653 -58.000319 20.234698 -11.976956 56.418901 63.735600 -3.142498 -107.559551 -54.279251 -110.332325 63.322527 -40.991416 -4.815298 73.698517 55.712911 168.705796 63.375203 112.794288 160.310398 84.531272 63.622303 93.749282 136.589533 -146.206583 -98.332473 52.468624 25.580768 -60.485334 21.221834 36.421523 -140.409157 44.392584 -63.156183 59.546049 90.496091 -4.735636 94.943922 -99.331486 139.312172 -72.762246 40.222759 -57.457737 -109.881695 68.125248 77.250218 75.021575 -46.499556 54.271555 -113.139097 6.708010 -107.654574 62.137737 77.998853 -25.283052 -130.879702 -59.387669 -80.715182 -23.547930 -113.183323 -225.774312 62.277857 -112.006036 -170.434748 90.881154 -30.127537 154.008350 -108.142331 -22.684283 44.834994 70.626669 -33.476055 15.652358 40.904167 -77.409543 -140.207447 -5.105096 -28.530465 -100.107258 -137.000399 -88.212277 14.987295 21.313906 -62.347440 98.276384 153.679383 -0.373202 -80.147649 18.030166 -129.371040 -112.564070 89.340817 65.142155 128.067545 238.573780 -220.471330 -103.147823 -234.175031 14.942152 102.045235 36.952662 -240.114646 79.681520 -126.143636 -144.709990 -53.382188 72.693287 -194.509134 
0.000000 0.000000 0.000000 0.000000 0.000000 0.000000 0.000000 0.000000 0.000000 0.000000 0.000000 0.000000 0.000000 0.000000 0.000000 0.000000 0.000000 0.000000 0.000000 0.000000 0.000000 0.000000 0.000000 0.000000 0.000000 0.000000 0.000000 0.000000 0.000000 0.000000 0.000000 0.000000 0.000000 0.000000 0.000000 0.000000 0.000000 0.000000 0.000000 0.000000 0.000000 0.000000 0.000000 0.000000 0.000000 0.000000 0.000000 0.000000 0.000000 0.000000 0.000000 0.000000 0.000000 0.000000 0.000000 0.000000 0.000000 0.000000 0.000000 0.000000 0.000000 0.000000 0.000000 0.000000 0.000000 0.000000 0.000000 0.000000 0.000000 0.000000 0.000000 0.000000 0.000000 0.000000 0.000000 0.000000 0.000000 0.000000 0.000000 0.000000 0.000000 -7.689885 0.680266 7.904986 -7.666096 -4.370786 2.333287 -2.483763 -10.442760 0.752129 -2.384360 8.977646 -2.768166 -1.052718 7.864648 -4.950332 9.141491 -0.131204 3.732649 0.213422 1.776401 0.115521 13.001419 0.165770 -6.215016 -4.084229 8.412951 3.736283 8.418017 8.173515 1.182876 0.511206 -3.489972 8.053784 -6.558949 -1.163467 -6.261771 2.704605 -6.221669 -0.653334 6.149091 -1.920701 4.396801 7.419724 -5.034548 5.088337 -6.293308 -9.941222 12.758406 2.615368 5.410174 -5.913872 5.283364 11.706083 -0.057873 2.413188 -18.824685 -6.718597 6.820051 13.399565 -2.989278 5.417140 -5.013465 1.484340 8.421512 7.315514 -0.561878 -5.959750 5.162557 -1.193195 2.176279 -1.266388 0.740791 -0.246565 2.663217 -4.834872 -9.954945 5.973301 -6.748911 -5.124869 -4.921417 -8.819485 2.871150 -1.722472 -0.771768 -0.160878 -6.089832 0.031312 -8.920357 6.326772 3.915926 0.723931 0.149158 7.713433 -21.744627 0.116327 -4.415604 7.187078 -2.466848 4.564686 3.831993 -0.337349 3.326124 -4.288047 -4.547641 -0.482508 -14.313516 5.938745 3.056431 -6.654340 -1.619882 5.719767 -2.537566 1.814381 -1.422528 -15.580786 -14.606407 7.105591 4.533681 7.069402 
0.000000 0.000000 0.000000 0.000000 0.000000 0.000000 0.000000 0.000000 0.000000 0.000000 0.000000 0.000000 0.000000 0.000000 0.000000 0.000000 0.000000 0.000000 0.000000 0.000000 0.000000 0.000000 0.000000 0.000000 0.000000 0.000000 0.000000 0.000000 0.000000 0.000000 0.000000 0.000000 0.000000 0.000000 0.000000 0.000000 0.000000 0.000000 0.000000 0.000000 0.000000 0.000000 0.000000 0.000000 0.000000 0.000000 0.000000 0.000000 0.000000 0.000000 0.000000 0.000000 0.000000 0.000000 0.000000 0.000000 0.000000 0.000000 0.000000 0.000000 0.000000 0.000000 0.000000 0.000000 0.000000 0.000000 0.000000 0.000000 0.000000 0.000000 0.000000 0.000000 0.000000 0.000000 0.000000 0.000000 0.000000 0.000000 0.000000 0.000000 0.000000 0.000000 -1.952843 -7.343296 2.824703 2.520425 -3.184623 0.923089 1.134032 0.091236 1.032457 -4.828426 -7.536342 1.025234 -1.699116 -5.344333 2.662593 4.611334 -1.059344 -2.822556 -1.573483 -3.619453 1.946227 -6.491978 0.781830 1.187974 -1.788744 -3.823211 -2.370297 -6.448004 -0.318082 -4.344460 1.996904 1.568495 0.763401 -1.291431 -2.858952 -5.626043 0.679464 -4.073026 -1.296451 -0.443148 -0.527025 4.210354 2.364897 6.739840 -4.655614 -3.519192 -5.509568 -6.300902 4.630278 8.138016 -5.810998 -2.586683 -0.402500 -0.411668 6.950326 -5.393181 -0.716171 3.714343 -2.158190 6.209432 -3.525403 -1.182194 -3.974482 2.630293 2.087411 10.349243 0.908455 2.963510 -1.425204 4.333531 0.452407 -3.477586 0.675813 -0.301729 -4.517231 2.243535 0.521797 5.409546 -5.410780 -2.238898 -1.562452 0.922480 -2.714781 9.404705 3.903825 -2.942414 -2.959812 6.116202 -2.519352 -1.223879 0.281767 -5.027864 -4.382625 -0.295175 0.761388 -7.078482 -0.078111 3.211889 -8.948139 -0.622420 -6.245581 -1.009115 -0.639147 -0.163692 -0.204305 -4.251161 -2.166101 7.318637 5.385175 -0.360255 3.323572 2.789095 -6.192253 1.005336 4.721874 -2.337032 -4.251073 0.836105 
0.000000 0.000000 0.000000 0.000000 0.000000 0.000000 0.000000 0.000000 0.000000 0.000000 0.000000 0.000000 0.000000 0.000000 0.000000 0.000000 0.000000 0.000000 0.000000 0.000000 0.000000 0.000000 0.000000 0.000000 0.000000 0.000000 0.000000 0.000000 0.000000 0.000000 0.000000 0.000000 0.000000 0.000000 0.000000 0.000000 0.000000 0.000000 0.000000 0.000000 0.000000 0.000000 0.000000 0.000000 0.000000 0.000000 0.000000 0.000000 0.000000 0.000000 0.000000 0.000000 0.000000 0.000000 0.000000 0.000000 0.000000 0.000000 0.000000 0.000000 0.000000 0.000000 0.000000 0.000000 0.000000 0.000000 0.000000 0.000000 0.000000 0.000000 0.000000 0.000000 0.000000 0.000000 0.000000 0.000000 0.000000 0.000000 0.000000 0.000000 0.000000 0.000000 0.000000 -7.867912 10.301922 5.845216 -2.183428 6.566377 6.914165 -5.895304 6.210610 -15.547494 -17.797163 2.836675 -10.923226 -0.516654 -1.513553 5.933403 -5.168909 -11.302238 -2.231222 4.122342 -6.584354 -10.917557 -3.498813 5.281412 -4.239728 -7.152162 -5.438689 -5.934229 -3.261694 -1.885941 -0.131865 2.656092 2.192515 -10.862857 0.331072 -16.665729 3.044716 -2.912989 -7.332970 1.981841 -6.107547 8.332250 4.863152 14.166240 -8.220466 -7.741565 -7.952936 -4.147017 8.390427 10.256315 -23.950662 -6.844819 3.181349 1.021601 19.011192 -7.838661 -5.262217 4.678092 -7.703734 5.965567 -5.493233 -1.245254 -2.449722 -4.236211 9.139318 28.543428 -1.995116 1.418757 1.775500 9.106286 6.318680 -1.682270 -3.466983 2.150140 -4.115096 -7.305260 9.997131 10.281322 -12.559677 1.575500 -10.166754 -7.300809 -4.153499 10.793249 0.743549 -9.577643 0.910246 -4.755632 -4.205810 -7.183569 1.709090 -9.795173 11.602830 4.878679 -2.151041 -8.185367 2.462085 2.441562 -15.041262 3.798482 -6.663166 -0.759754 0.336000 8.277981 11.412473 0.344044 -7.783876 18.569591 11.452916 -3.590238 -0.314272 7.778976 -8.203832 10.086905 11.871508 -6.943280 -11.707882 0.329720 
0.000000 0.000000 0.000000 0.000000 0.000000 0.000000 0.000000 0.000000 0.000000 0.000000 0.000000 0.000000 0.000000 0.000000 0.000000 0.000000 0.000000 0.000000 0.000000 0.000000 0.000000 0.000000 0.000000 0.000000 0.000000 0.000000 0.000000 0.000000 0.000000 0.000000 0.000000 0.000000 0.000000 0.000000 0.000000 0.000000 0.000000 0.000000 0.000000 0.000000 0.000000 0.000000 0.000000 0.000000 0.000000 0.000000 0.000000 0.000000 0.000000 0.000000 0.000000 0.000000 0.000000 0.000000 0.000000 0.000000 0.000000 0.000000 0.000000 0.000000 0.000000 0.000000 0.000000 0.000000 0.000000 0.000000 0.000000 0.000000 0.000000 0.000000 0.000000 0.000000 0.000000 0.000000 0.000000 0.000000 0.000000 0.000000 0.000000 0.000000 0.000000 0.000000 0.000000 0.000000 2.264045 -3.787871 -2.428468 2.659202 -5.141384 -1.635208 5.062653 0.613034 -4.536475 1.965870 4.466568 -6.633909 3.245680 5.125651 -3.577330 -8.776350 -4.455318 -4.847239 9.785706 -4.776272 2.276451 -4.516310 6.636532 0.989066 8.105006 -4.208474 -3.191520 -3.342740 -3.432512 6.586465 -3.139478 -7.572845 -7.746959 -3.743389 -4.473390 -2.664525 1.754973 -2.005546 -2.185484 13.638761 -6.893843 12.106234 -14.468964 -11.222870 3.440190 -8.025920 12.995324 3.632287 -3.103308 2.271255 -0.995380 2.971095 -5.945838 -13.017851 7.113692 11.672047 -1.996960 13.818711 -0.309121 -0.147670 -2.212721 5.824519 -1.701331 5.598892 6.702407 6.595725 0.066182 3.166221 4.316623 -4.238170 5.585417 -7.434503 -11.132083 -1.530260 -5.962892 -5.770302 -11.178586 -8.083184 -5.120101 -1.466430 -6.775344 10.249321 -9.140113 2.829592 -10.873474 15.011567 0.612555 -3.082710 3.699045 4.529467 -17.886771 -0.854541 -4.884916 -4.286352 -5.217224 2.838576 -10.021185 -1.417033 2.618649 -4.464237 -6.619430 4.078765 -7.593637 4.728228 -0.584931 6.015503 -0.360960 2.677507 -0.732429 2.745863 -5.157954 -11.672341 -6.078391 4.533046 3.967605 11.400550 
0.000000 0.000000 0.000000 0.000000 0.000000 0.000000 0.000000 0.000000 0.000000 0.000000 0.000000 0.000000 0.000000 0.000000 0.000000 0.000000 0.000000 0.000000 0.000000 0.000000 0.000000 0.000000 0.000000 0.000000 0.000000 0.000000 0.000000 0.000000 0.000000 0.000000 0.000000 0.000000 0.000000 0.000000 0.000000 0.000000 0.000000 0.000000 0.000000 0.000000 0.000000 0.000000 0.000000 0.000000 0.000000 0.000000 0.000000 0.000000 0.000000 0.000000 0.000000 0.000000 0.000000 0.000000 0.000000 0.000000 0.000000 0.000000 0.000000 0.000000 0.000000 0.000000 0.000000 0.000000 0.000000 0.000000 0.000000 0.000000 0.000000 0.000000 0.000000 0.000000 0.000000 0.000000 0.000000 0.000000 0.000000 0.000000 0.000000 0.000000 0.000000 0.000000 0.000000 0.000000 0.000000 -30.548091 -25.619481 -1.804479 -32.503167 6.442109 10.024574 31.257067 -2.634372 7.733667 34.451278 -36.629138 22.160490 32.104232 -6.131871 -27.980651 -29.933558 -49.654547 59.153557 -16.483423 35.263063 -31.541645 38.376360 12.934156 50.703315 -26.234589 -18.460315 -13.727223 -14.938885 34.463626 -16.961534 -19.314714 -53.804670 -5.048433 -19.234552 -17.156398 13.519087 -7.048085 -7.954106 58.235061 -33.125244 42.477501 -73.293552 -44.907632 14.418990 -53.733991 58.250283 34.884124 15.880060 17.888507 -19.402371 17.425751 -47.737854 -65.509330 49.503207 57.742747 0.936523 77.978277 4.551184 -10.221628 -22.533050 44.646598 -27.021924 -5.887484 39.178956 42.268501 -12.549730 6.372210 1.312547 -21.093335 42.335114 -49.569292 -57.271603 2.078906 -43.946328 -40.047007 -50.527431 -41.148778 -10.429638 14.404416 -32.006222 57.706447 -41.155394 19.850398 -64.417439 106.897144 2.155130 -16.082266 23.328868 24.153206 -122.877424 -13.588023 -16.859617 -26.369426 -32.725048 16.431874 -40.624781 -23.123080 11.182238 -20.984746 -33.864895 4.324076 -37.768898 8.023842 -6.853111 15.521182 -10.336297 23.337382 7.352670 -5.783535 -18.221763 -77.474944 -38.935084 25.883926 35.505951 51.099296 
0.000000 0.000000 0.000000 0.000000 0.000000 0.000000 0.000000 0.000000 0.000000 0.000000 0.000000 0.000000 0.000000 0.000000 0.000000 0.000000 0.000000 0.000000 0.000000 0.000000 0.000000 0.000000 0.000000 0.000000 0.000000 0.000000 0.000000 0.000000 0.000000 0.000000 0.000000 0.000000 0.000000 0.000000 0.000000 0.000000 0.000000 0.000000 0.000000 0.000000 0.000000 0.000000 0.000000 0.000000 0.000000 0.000000 0.000000 0.000000 0.000000 0.000000 0.000000 0.000000 0.000000 0.000000 0.000000 0.000000 0.000000 0.000000 0.000000 0.000000 0.000000 0.000000 0.000000 0.000000 0.000000 0.000000 0.000000 0.000000 0.000000 0.000000 0.000000 0.000000 0.000000 0.000000 0.000000 0.000000 0.000000 0.000000 0.000000 0.000000 0.000000 0.000000 0.000000 0.000000 0.000000 0.000000 -1.014377 12.649256 -19.784824 3.087553 14.532231 -9.801230 -14.644878 6.148746 11.592346 -24.787360 12.715199 9.859170 -11.310579 -20.227265 -0.713044 -1.040004 19.628917 -16.419180 -13.839872 -9.870289 13.295651 -9.409423 16.625453 -4.693081 3.396798 -10.952776 -1.363008 13.287078 -7.530152 -14.901645 -12.467112 -12.181327 -13.673035 -8.715315 10.198222 -10.222964 -2.280737 29.402986 -15.420056 40.017019 -24.824737 -29.019329 9.360515 -10.516023 30.967909 -1.635994 -15.034619 5.050266 6.195694 0.421181 -15.271472 -26.160202 12.135851 28.394926 0.646940 36.595594 0.839867 -0.669877 4.420281 17.718066 2.548258 19.808155 9.303447 18.323902 6.658287 8.210363 8.284383 -13.156605 -0.071243 -11.140095 -27.080212 6.035914 -9.037792 -2.394011 -18.745836 -20.037415 -10.606179 -11.793849 -10.636841 20.755854 -14.071510 3.027980 -18.480063 35.529439 3.008650 -3.141561 -3.266023 8.496412 -40.232911 -3.234149 -9.495944 -1.293280 -14.428079 6.682690 -32.612651 -3.509076 7.375504 -7.540807 -11.687239 10.911695 -33.249196 9.188253 6.813527 7.634412 -2.104280 3.767631 -2.806058 17.902550 -16.405015 -28.140950 -22.248974 13.253236 1.845211 24.149308 
0.000000 0.000000 0.000000 0.000000 0.000000 0.000000 0.000000 0.000000 0.000000 0.000000 0.000000 0.000000 0.000000 0.000000 0.000000 0.000000 0.000000 0.000000 0.000000 0.000000 0.000000 0.000000 0.000000 0.000000 0.000000 0.000000 0.000000 0.000000 0.000000 0.000000 0.000000 0.000000 0.000000 0.000000 0.000000 0.000000 0.000000 0.000000 0.000000 0.000000 0.000000 0.000000 0.000000 0.000000 0.000000 0.000000 0.000000 0.000000 0.000000 0.000000 0.000000 0.000000 0.000000 0.000000 0.000000 0.000000 0.000000 0.000000 0.000000 0.000000 0.000000 0.000000 0.000000 0.000000 0.000000 0.000000 0.000000 0.000000 0.000000 0.000000 0.000000 0.000000 0.000000 0.000000 0.000000 0.000000 0.000000 0.000000 0.000000 0.000000 0.000000 0.000000 0.000000 0.000000 0.000000 0.000000 0.000000 79.456898 -130.765351 18.544287 102.724799 -63.183379 -94.866942 35.253957 80.388435 -164.831248 86.973377 55.598443 -77.971347 -128.678868 -0.620268 -5.963275 137.267316 -98.304262 -86.763430 -68.220240 84.980361 -54.276472 105.618755 -32.823647 23.733485 -74.367278 -8.604845 85.030158 -49.687103 -98.272310 -75.816445 -67.853449 -93.959216 -57.192129 64.682236 -69.725907 -9.819176 202.670633 -108.241632 258.483323 -163.490705 -191.976294 61.968036 -69.601221 204.941582 -18.895315 -91.134362 38.742839 43.948534 3.422112 -103.847788 -170.718878 78.962384 185.236074 5.533152 230.007773 -0.354083 8.656078 31.101172 112.592012 14.991211 128.324848 64.729477 115.321764 42.474809 53.056771 62.560878 -88.729605 -0.891537 -68.359558 -178.619876 40.809082 -64.697907 -19.020120 -118.622606 -136.996194 -70.919051 -75.326543 -74.712669 134.490792 -91.488972 32.202343 -128.857366 231.422600 20.509389 -12.757352 -22.344143 65.481928 -266.771918 -23.150512 -66.123449 -3.740421 -94.189707 44.489757 -209.802391 -17.348208 49.473216 -52.839109 -78.287198 67.437057 -228.952587 70.878700 50.201151 48.038180 -12.862719 22.409224 -19.950441 121.065501 -111.810489 -182.782263 -144.953209 94.624236 22.003983 164.942617 
0.000000 0.000000 0.000000 0.000000 0.000000 0.000000 0.000000 0.000000 0.000000 0.000000 0.000000 0.000000 0.000000 0.000000 0.000000 0.000000 0.000000 0.000000 0.000000 0.000000 0.000000 0.000000 0.000000 0.000000 0.000000 0.000000 0.000000 0.000000 0.000000 0.000000 0.000000 0.000000 0.000000 0.000000 0.000000 0.000000 0.000000 0.000000 0.000000 0.000000 0.000000 0.000000 0.000000 0.000000 0.000000 0.000000 0.000000 0.000000 0.000000 0.000000 0.000000 0.000000 0.000000 0.000000 0.000000 0.000000 0.000000 0.000000 0.000000 0.000000 0.000000 0.000000 0.000000 0.000000 0.000000 0.000000 0.000000 0.000000 0.000000 0.000000 0.000000 0.000000 0.000000 0.000000 0.000000 0.000000 0.000000 0.000000 0.000000 0.000000 0.000000 0.000000 0.000000 0.000000 0.000000 0.000000 0.000000 0.000000 -29.833389 12.445142 19.184824 -12.836239 -4.248725 1.225398 8.423480 -19.951751 17.690272 -2.868419 -15.042582 -7.816091 7.606069 0.936056 19.217709 -5.480930 -5.803611 -16.270116 2.691330 -7.833155 8.146016 -9.635178 1.755117 -12.472555 0.741570 3.543963 -4.859097 -11.679738 1.152092 8.077371 -6.536305 -11.789852 10.902810 -11.324597 -0.218556 35.844855 -16.055000 27.039138 -15.937768 -19.465088 2.466561 -16.384952 27.736666 -5.798231 -2.084579 9.750019 11.472993 7.550804 -19.212307 -18.340991 4.836010 19.134273 10.755727 27.479867 -1.693881 7.248359 3.788471 11.831505 2.462074 13.821942 9.743479 21.405080 4.757518 4.442842 9.441758 -13.842632 -4.449455 3.077148 -25.265091 8.082952 -7.811226 3.371584 -3.039741 -11.964735 -7.256377 -5.711921 -7.108693 19.465340 2.426276 15.913644 -18.012209 35.949320 7.103183 8.756926 -6.622908 10.503854 -37.602416 -2.253360 -10.275294 4.956003 -17.085603 8.706162 -27.171375 0.501326 12.578247 -4.568956 -5.580892 0.111257 -42.421736 19.084198 7.950846 7.929716 0.411079 -4.183999 -1.040274 25.404953 -15.059915 -19.539500 -16.540003 22.506663 7.376509 19.810981 
0.000000 0.000000 0.000000 0.000000 0.000000 0.000000 0.000000 0.000000 0.000000 0.000000 0.000000 0.000000 0.000000 0.000000 0.000000 0.000000 0.000000 0.000000 0.000000 0.000000 0.000000 0.000000 0.000000 0.000000 0.000000 0.000000 0.000000 0.000000 0.000000 0.000000 0.000000 0.000000 0.000000 0.000000 0.000000 0.000000 0.000000 0.000000 0.000000 0.000000 0.000000 0.000000 0.000000 0.000000 0.000000 0.000000 0.000000 0.000000 0.000000 0.000000 0.000000 0.000000 0.000000 0.000000 0.000000 0.000000 0.000000 0.000000 0.000000 0.000000 0.000000 0.000000 0.000000 0.000000 0.000000 0.000000 0.000000 0.000000 0.000000 0.000000 0.000000 0.000000 0.000000 0.000000 0.000000 0.000000 0.000000 0.000000 0.000000 0.000000 0.000000 0.000000 0.000000 0.000000 0.000000 0.000000 0.000000 0.000000 0.000000 10.418602 -3.926813 -8.415682 4.922480 2.741905 -8.843579 -0.047868 -1.770440 0.922207 2.020928 0.111116 -0.799718 4.286858 -11.120362 -4.217032 -3.510578 3.683825 4.028033 -9.537845 -2.521391 3.449153 4.532892 1.415173 7.239827 -9.309212 -0.229785 6.642870 0.687947 -8.194988 8.628191 1.754603 3.019840 0.110584 -1.430687 -8.484731 -2.581488 -4.367420 8.635269 6.869897 -12.122871 -0.553626 -6.895449 -3.205176 -1.540868 -4.149410 9.661916 2.109645 10.078266 4.687126 -4.052220 -4.259502 5.967129 -2.430556 7.032385 -0.936987 3.793112 -0.030874 7.601115 1.978673 -5.811685 4.067083 6.856308 -2.101530 -12.302931 3.554680 -2.776503 6.856830 9.157489 0.857143 13.271939 11.036885 12.742535 6.492994 5.445938 -3.893901 9.980842 0.862184 10.451523 -8.281911 17.784601 -12.150296 -0.018674 6.432710 -6.614655 -11.008544 12.616097 0.760624 9.374333 5.874268 -2.730304 3.560276 -1.543131 -3.999365 -3.294963 7.755136 3.740555 0.695250 9.063931 -13.892289 -0.434686 2.106875 -0.245267 -1.861303 6.447014 -0.584158 4.652271 7.855388 -4.591130 -5.166588 1.902450 -12.589239 
0.000000 0.000000 0.000000 0.000000 0.000000 0.000000 0.000000 0.000000 0.000000 0.000000 0.000000 0.000000 0.000000 0.000000 0.000000 0.000000 0.000000 0.000000 0.000000 0.000000 0.000000 0.000000 0.000000 0.000000 0.000000 0.000000 0.000000 0.000000 0.000000 0.000000 0.000000 0.000000 0.000000 0.000000 0.000000 0.000000 0.000000 0.000000 0.000000 0.000000 0.000000 0.000000 0.000000 0.000000 0.000000 0.000000 0.000000 0.000000 0.000000 0.000000 0.000000 0.000000 0.000000 0.000000 0.000000 0.000000 0.000000 0.000000 0.000000 0.000000 0.000000 0.000000 0.000000 0.000000 0.000000 0.000000 0.000000 0.000000 0.000000 0.000000 0.000000 0.000000 0.000000 0.000000 0.000000 0.000000 0.000000 0.000000 0.000000 0.000000 0.000000 0.000000 0.000000 0.000000 0.000000 0.000000 0.000000 0.000000 0.000000 0.000000 8.322531 -1.777647 2.918993 -1.183504 -1.752383 3.617464 2.608786 -6.472750 -10.184219 4.464584 -4.007550 -1.997183 2.125946 11.860331 3.133183 -0.406119 1.670425 2.066905 -3.094718 -2.508773 -4.350678 -3.739395 -3.526017 -6.692660 -2.720018 2.859241 2.085977 1.494672 -5.888028 -0.012395 1.126115 -8.530780 1.667596 5.728729 -7.387578 -9.151367 1.429036 3.544512 -8.330619 -4.537831 4.962031 0.987045 8.008148 2.646750 5.232955 3.344579 6.955716 -1.382885 -1.740810 2.091841 2.091926 -4.011002 -1.820862 4.820227 2.474319 -4.122643 3.387942 -0.667687 0.033192 2.290870 -1.686421 -8.224367 6.986557 1.546530 0.793348 3.544968 -2.654225 -3.053080 3.373563 4.829693 2.286820 -5.492352 2.476781 1.190417 -0.934322 10.701811 8.316417 9.575788 -5.941293 2.505335 -1.097898 4.024105 4.938614 0.658934 5.207497 1.774815 -0.978001 4.372547 -4.382898 3.642922 -3.994563 -1.217276 0.779098 -2.094110 -5.160244 -4.836682 -2.441530 -3.911129 0.206403 -0.842675 -5.343435 -4.557199 4.368731 1.987816 -4.999643 2.975821 0.805014 4.528286 6.814270 -2.656184 
0.000000 0.000000 0.000000 0.000000 0.000000 0.000000 0.000000 0.000000 0.000000 0.000000 0.000000 0.000000 0.000000 0.000000 0.000000 0.000000 0.000000 0.000000 0.000000 0.000000 0.000000 0.000000 0.000000 0.000000 0.000000 0.000000 0.000000 0.000000 0.000000 0.000000 0.000000 0.000000 0.000000 0.000000 0.000000 0.000000 0.000000 0.000000 0.000000 0.000000 0.000000 0.000000 0.000000 0.000000 0.000000 0.000000 0.000000 0.000000 0.000000 0.000000 0.000000 0.000000 0.000000 0.000000 0.000000 0.000000 0.000000 0.000000 0.000000 0.000000 0.000000 0.000000 0.000000 0.000000 0.000000 0.000000 0.000000 0.000000 0.000000 0.000000 0.000000 0.000000 0.000000 0.000000 0.000000 0.000000 0.000000 0.000000 0.000000 0.000000 0.000000 0.000000 0.000000 0.000000 0.000000 0.000000 0.000000 0.000000 0.000000 0.000000 0.000000 3.814024 -7.803208 -3.041982 11.137408 -21.292864 17.639845 3.974775 -3.529307 -9.064810 -4.371377 2.272631 26.747093 -16.591769 0.794796 -4.582495 13.746329 -2.177128 3.390371 0.098471 11.946607 -9.961572 1.134896 16.442000 -11.106132 -6.650081 -13.022283 -2.403740 -18.962996 -12.569615 11.230161 0.944137 9.128982 19.686832 -25.796813 13.458477 -20.429591 -27.081400 4.481000 -8.446426 12.382378 -16.712651 -11.166763 5.845704 1.557280 -3.257542 -17.949877 -18.698782 18.613836 23.673947 -2.257557 12.488940 -10.661044 17.192988 14.294970 17.729204 -0.394291 2.689980 19.910153 4.863794 10.114287 13.111031 -3.337957 -9.069591 1.523251 -10.951057 -11.282153 18.421000 -18.143062 6.983698 -7.606078 -27.577927 -14.925079 0.839249 -6.754258 12.082574 -8.004127 0.611835 -17.213434 13.977599 8.896191 19.143738 -8.012077 5.251227 -44.004402 -9.975601 -9.357624 7.256216 -13.473887 2.768507 -11.374979 1.630165 -9.357831 -2.786112 -15.644022 -4.451779 -36.410662 4.140099 14.359417 6.943158 -2.307056 5.674398 -0.441838 13.315015 -24.876319 -16.165936 -20.227288 14.299310 32.872916 23.664525 
0.000000 0.000000 0.000000 0.000000 0.000000 0.000000 0.000000 0.000000 0.000000 0.000000 0.000000 0.000000 0.000000 0.000000 0.000000 0.000000 0.000000 0.000000 0.000000 0.000000 0.000000 0.000000 0.000000 0.000000 0.000000 0.000000 0.000000 0.000000 0.000000 0.000000 0.000000 0.000000 0.000000 0.000000 0.000000 0.000000 0.000000 0.000000 0.000000 0.000000 0.000000 0.000000 0.000000 0.000000 0.000000 0.000000 0.000000 0.000000 0.000000 0.000000 0.000000 0.000000 0.000000 0.000000 0.000000 0.000000 0.000000 0.000000 0.000000 0.000000 0.000000 0.000000 0.000000 0.000000 0.000000 0.000000 0.000000 0.000000 0.000000 0.000000 0.000000 0.000000 0.000000 0.000000 0.000000 0.000000 0.000000 0.000000 0.000000 0.000000 0.000000 0.000000 0.000000 0.000000 0.000000 0.000000 0.000000 0.000000 0.000000 0.000000 0.000000 0.000000 16.092314 7.293407 -15.175802 35.235654 -40.711657 1.592169 19.093737 17.459330 15.100394 -18.402953 -53.080868 33.202981 11.777426 0.684596 -33.812709 7.708253 -4.536461 -5.376151 -31.558959 22.106947 2.094838 -36.205642 28.852094 13.127291 23.925821 8.377275 50.859902 29.800340 -35.343377 6.129187 -22.003815 -39.828784 65.082041 -15.878437 37.594599 56.061988 -7.429523 11.434953 -25.422395 52.056491 39.180263 -9.130098 -5.501127 7.831257 37.299442 34.206915 -34.061107 -51.016949 3.121052 -18.175750 29.477831 -37.110669 -46.607946 -40.656457 -10.280975 -1.142904 -40.701513 -8.068604 -34.102051 -23.269126 9.117919 13.334922 9.044920 20.342550 18.885162 -40.563172 32.741952 -29.052491 10.486918 63.564727 41.293981 5.006496 6.301190 -30.438457 14.458104 3.484288 33.880573 -13.362442 -28.273444 -51.837563 17.913675 -3.491100 77.425967 15.844475 27.750636 -33.320897 34.970157 1.935774 29.058483 -3.124045 21.660810 -2.208193 37.017693 13.680943 89.262785 -2.647736 -37.554933 -12.201012 16.758075 -2.794379 7.178705 -41.847957 62.021293 30.235486 50.792316 -36.981877 -80.543734 -47.610243 
0.000000 0.000000 0.000000 0.000000 0.000000 0.000000 0.000000 0.000000 0.000000 0.000000 0.000000 0.000000 0.000000 0.000000 0.000000 0.000000 0.000000 0.000000 0.000000 0.000000 0.000000 0.000000 0.000000 0.000000 0.000000 0.000000 0.000000 0.000000 0.000000 0.000000 0.000000 0.000000 0.000000 0.000000 0.000000 0.000000 0.000000 0.000000 0.000000 0.000000 0.000000 0.000000 0.000000 0.000000 0.000000 0.000000 0.000000 0.000000 0.000000 0.000000 0.000000 0.000000 0.000000 0.000000 0.000000 0.000000 0.000000 0.000000 0.000000 0.000000 0.000000 0.000000 0.000000 0.000000 0.000000 0.000000 0.000000 0.000000 0.000000 0.000000 0.000000 0.000000 0.000000 0.000000 0.000000 0.000000 0.000000 0.000000 0.000000 0.000000 0.000000 0.000000 0.000000 0.000000 0.000000 0.000000 0.000000 0.000000 0.000000 0.000000 0.000000 0.000000 0.000000 -1.529085 -2.054481 8.861024 -8.963525 -1.984351 0.950159 8.213256 0.977524 -0.045900 -17.284045 15.098219 -8.633182 1.381247 -15.680278 6.660573 6.502817 -1.850726 -3.372926 10.543883 1.002821 -2.080128 12.954829 5.353448 7.982431 6.840633 7.010474 5.922118 -10.008037 -0.182344 -10.421985 -12.840615 25.713173 -5.559829 12.955064 19.746498 4.545608 13.407994 -7.819731 9.915288 -8.921905 -6.333951 -17.299329 -6.099808 7.829621 18.100273 -10.094162 -17.585787 4.574488 -8.687546 3.775696 -20.933441 -7.507924 -0.420578 -8.782579 -0.732241 -16.741520 -9.320809 -9.517285 -9.928222 2.906669 4.427080 -8.555255 -5.340241 7.994837 -14.075708 9.124761 -14.537353 -4.866874 11.410534 0.751313 1.003005 -0.340510 -10.365637 -14.912426 -0.402103 8.753977 -2.104567 -5.304387 -23.142296 9.050092 -2.782950 30.562222 3.641882 -7.275532 -0.602303 13.108021 -15.162308 3.191549 -5.567925 7.007890 6.486741 12.265519 7.202145 26.274915 4.597456 -4.563083 -17.081164 -3.199471 -3.213863 -14.336230 -7.320634 12.349035 -2.223596 13.542434 -2.573738 -27.748952 -7.017626 
0.000000 0.000000 0.000000 0.000000 0.000000 0.000000 0.000000 0.000000 0.000000 0.000000 0.000000 0.000000 0.000000 0.000000 0.000000 0.000000 0.000000 0.000000 0.000000 0.000000 0.000000 0.000000 0.000000 0.000000 0.000000 0.000000 0.000000 0.000000 0.000000 0.000000 0.000000 0.000000 0.000000 0.000000 0.000000 0.000000 0.000000 0.000000 0.000000 0.000000 0.000000 0.000000 0.000000 0.000000 0.000000 0.000000 0.000000 0.000000 0.000000 0.000000 0.000000 0.000000 0.000000 0.000000 0.000000 0.000000 0.000000 0.000000 0.000000 0.000000 0.000000 0.000000 0.000000 0.000000 0.000000 0.000000 0.000000 0.000000 0.000000 0.000000 0.000000 0.000000 0.000000 0.000000 0.000000 0.000000 0.000000 0.000000 0.000000 0.000000 0.000000 0.000000 0.000000 0.000000 0.000000 0.000000 0.000000 0.000000 0.000000 0.000000 0.000000 0.000000 0.000000 0.000000 11.398431 -41.799612 44.771963 9.710826 -11.147746 -31.800873 -10.774965 9.137120 71.368886 -61.151169 21.236916 -7.430549 51.653683 -25.109319 -17.235331 6.172448 25.554657 -39.801527 -0.972440 21.079579 -52.439249 -18.940046 -30.533862 -17.861298 -43.570226 -35.850596 46.288750 -2.253875 37.185084 49.591103 -101.623750 22.558041 -56.097085 -81.282737 -9.370354 -45.023966 32.926302 -43.552263 5.888414 16.026518 45.321926 13.779439 -37.686109 -64.876216 43.591853 72.098443 -13.363204 37.944828 -19.256352 71.633052 42.374228 25.109407 22.061980 0.584637 63.335596 32.597738 39.200862 43.298853 -15.314203 -20.548055 18.772452 2.166557 -30.879891 59.584350 -36.298487 59.526459 8.617152 -61.646014 -21.595566 -5.109040 2.099237 44.835404 41.461261 -3.756510 -37.791274 18.059295 30.749129 85.154796 -33.592905 1.562793 -125.094117 -15.295393 11.296821 15.905303 -53.208152 41.489666 -29.462403 16.758173 -31.650238 -14.723354 -46.560195 -27.636395 -111.272370 -13.914448 29.558536 51.991318 1.440711 5.830822 37.503974 35.895182 -62.162240 -4.055864 -57.514656 19.953108 115.621602 38.246228 
0.000000 0.000000 0.000000 0.000000 0.000000 0.000000 0.000000 0.000000 0.000000 0.000000 0.000000 0.000000 0.000000 0.000000 0.000000 0.000000 0.000000 0.000000 0.000000 0.000000 0.000000 0.000000 0.000000 0.000000 0.000000 0.000000 0.000000 0.000000 0.000000 0.000000 0.000000 0.000000 0.000000 0.000000 0.000000 0.000000 0.000000 0.000000 0.000000 0.000000 0.000000 0.000000 0.000000 0.000000 0.000000 0.000000 0.000000 0.000000 0.000000 0.000000 0.000000 0.000000 0.000000 0.000000 0.000000 0.000000 0.000000 0.000000 0.000000 0.000000 0.000000 0.000000 0.000000 0.000000 0.000000 0.000000 0.000000 0.000000 0.000000 0.000000 0.000000 0.000000 0.000000 0.000000 0.000000 0.000000 0.000000 0.000000 0.000000 0.000000 0.000000 0.000000 0.000000 0.000000 0.000000 0.000000 0.000000 0.000000 0.000000 0.000000 0.000000 0.000000 0.000000 0.000000 0.000000 -20.304533 31.259886 3.357622 -16.280460 -14.135826 -15.180789 3.553935 51.650967 -29.583459 21.955376 0.909846 44.734717 -18.707150 -11.176032 -3.022813 15.652101 -26.293620 -7.231580 12.528764 -45.295075 -12.892858 -21.728853 -15.716853 -43.381254 -31.138837 34.969286 -0.631923 28.519281 36.304918 -82.790833 4.162334 -38.223877 -57.244645 -20.991977 -38.756426 26.917684 -32.823006 -0.323586 11.017722 36.400726 14.657325 -19.152316 -50.589761 31.464888 54.922714 -4.371378 24.151616 -22.589203 51.395244 37.260661 19.459637 22.992519 -5.998838 45.501854 28.383115 27.658537 22.171642 -8.973049 -11.560738 8.050976 -0.491507 -20.020043 39.847983 -24.838354 50.576505 6.730861 -45.429099 -25.536640 -0.667430 2.170966 47.333745 33.767645 2.816010 -35.373644 14.221725 25.759367 67.596189 -20.135056 -6.545677 -82.504969 -9.051843 -1.670571 19.774418 -44.219464 28.174893 -27.156128 9.498042 -26.835323 -6.911575 -39.595381 -28.641769 -79.690505 -8.982898 21.298998 35.362415 -10.732645 -1.337384 26.646368 31.644634 -61.472245 -5.503347 -40.278253 22.443671 99.419265 27.034154 
0.000000 0.000000 0.000000 0.000000 0.000000 0.000000 0.000000 0.000000 0.000000 0.000000 0.000000 0.000000 0.000000 0.000000 0.000000 0.000000 0.000000 0.000000 0.000000 0.000000 0.000000 0.000000 0.000000 0.000000 0.000000 0.000000 0.000000 0.000000 0.000000 0.000000 0.000000 0.000000 0.000000 0.000000 0.000000 0.000000 0.000000 0.000000 0.000000 0.000000 0.000000 0.000000 0.000000 0.000000 0.000000 0.000000 0.000000 0.000000 0.000000 0.000000 0.000000 0.000000 0.000000 0.000000 0.000000 0.000000 0.000000 0.000000 0.000000 0.000000 0.000000 0.000000 0.000000 0.000000 0.000000 0.000000 0.000000 0.000000 0.000000 0.000000 0.000000 0.000000 0.000000 0.000000 0.000000 0.000000 0.000000 0.000000 0.000000 0.000000 0.000000 0.000000 0.000000 0.000000 0.000000 0.000000 0.000000 0.000000 0.000000 0.000000 0.000000 0.000000 0.000000 0.000000 0.000000 0.000000 -2.438295 -1.428829 -4.907013 3.097698 -5.872581 3.019871 0.593082 2.445461 -5.648116 1.578966 0.548895 0.260553 13.788238 -8.547384 9.718374 6.907315 -0.592027 12.290762 -0.448890 -0.070456 -2.103234 0.793916 -17.852972 -7.226574 6.201952 5.330194 -0.669866 -2.781392 -4.293255 6.350746 -3.858554 -4.591367 -0.980174 1.724541 -0.666076 -11.412448 -24.798561 -9.544753 -11.830407 -10.411510 -5.148868 1.410293 0.246174 -4.408431 7.520166 8.838682 -8.164798 -11.804856 4.631348 20.141925 -5.761618 -8.943474 -2.773960 4.195674 -1.109307 0.965397 -3.469791 -5.255784 -22.509446 -18.546586 2.483353 -2.713086 -11.108102 -4.002172 -5.843034 -6.700923 -21.545998 -0.954138 0.943917 5.038856 -27.981583 3.980859 -7.867775 11.699027 14.173161 0.903838 -1.732955 -0.628449 -5.551934 -4.939155 -24.502965 9.966099 -5.737208 -23.379281 -11.624495 0.180087 0.885272 10.131338 3.127851 3.308100 -11.007070 13.576596 9.373227 -15.192652 -16.424141 -4.694694 -19.095277 10.538762 -13.524085 -16.172902 -2.752881 18.903096 18.032812 17.924807 
0.000000 0.000000 0.000000 0.000000 0.000000 0.000000 0.000000 0.000000 0.000000 0.000000 0.000000 0.000000 0.000000 0.000000 0.000000 0.000000 0.000000 0.000000 0.000000 0.000000 0.000000 0.000000 0.000000 0.000000 0.000000 0.000000 0.000000 0.000000 0.000000 0.000000 0.000000 0.000000 0.000000 0.000000 0.000000 0.000000 0.000000 0.000000 0.000000 0.000000 0.000000 0.000000 0.000000 0.000000 0.000000 0.000000 0.000000 0.000000 0.000000 0.000000 0.000000 0.000000 0.000000 0.000000 0.000000 0.000000 0.000000 0.000000 0.000000 0.000000 0.000000 0.000000 0.000000 0.000000 0.000000 0.000000 0.000000 0.000000 0.000000 0.000000 0.000000 0.000000 0.000000 0.000000 0.000000 0.000000 0.000000 0.000000 0.000000 0.000000 0.000000 0.000000 0.000000 0.000000 0.000000 0.000000 0.000000 0.000000 0.000000 0.000000 0.000000 0.000000 0.000000 0.000000 0.000000 0.000000 0.000000 8.420584 22.391871 -8.710690 21.933334 -2.973619 -10.488289 -12.133046 1.960402 -10.549198 -16.201426 1.917537 -29.830623 20.899032 -18.383530 -2.970760 9.946249 -23.680616 7.519355 7.378640 14.407548 1.872641 52.237534 17.675544 -19.950642 -3.441229 -5.372551 -2.874967 30.069116 -0.858428 7.267840 8.283672 10.852687 8.221756 -5.828338 35.443630 50.593650 13.100166 15.502373 12.503887 5.811483 7.236935 -7.356623 1.094616 -18.064282 -6.919728 23.968903 13.351305 -16.735244 -38.734219 -4.450214 21.076983 -7.379203 -13.694303 -7.786964 8.402144 6.243866 6.607318 42.635690 36.407535 -5.493524 1.536106 24.538468 2.382842 6.749390 21.875960 49.508322 -5.784704 2.501811 -26.415837 49.833843 -16.654029 24.495599 -18.724765 -31.414751 -17.637029 1.207474 1.426109 10.864275 12.276188 55.680690 -29.487123 21.772653 41.379747 23.955034 0.488354 2.088785 -21.100261 12.290716 0.018890 32.319489 -21.953787 -25.030526 25.887693 43.908023 8.947065 32.889544 -29.089086 46.378641 38.685260 15.880544 -43.898053 -56.951860 -40.049961 
0.000000 0.000000 0.000000 0.000000 0.000000 0.000000 0.000000 0.000000 0.000000 0.000000 0.000000 0.000000 0.000000 0.000000 0.000000 0.000000 0.000000 0.000000 0.000000 0.000000 0.000000 0.000000 0.000000 0.000000 0.000000 0.000000 0.000000 0.000000 0.000000 0.000000 0.000000 0.000000 0.000000 0.000000 0.000000 0.000000 0.000000 0.000000 0.000000 0.000000 0.000000 0.000000 0.000000 0.000000 0.000000 0.000000 0.000000 0.000000 0.000000 0.000000 0.000000 0.000000 0.000000 0.000000 0.000000 0.000000 0.000000 0.000000 0.000000 0.000000 0.000000 0.000000 0.000000 0.000000 0.000000 0.000000 0.000000 0.000000 0.000000 0.000000 0.000000 0.000000 0.000000 0.000000 0.000000 0.000000 0.000000 0.000000 0.000000 0.000000 0.000000 0.000000 0.000000 0.000000 0.000000 0.000000 0.000000 0.000000 0.000000 0.000000 0.000000 0.000000 0.000000 0.000000 0.000000 0.000000 0.000000 0.000000 -10.963858 2.385324 -11.864394 -13.229768 8.798538 11.773768 24.891453 5.882121 14.060068 -5.573254 -4.223372 -1.882314 -19.650723 -21.306853 -11.503569 -14.972179 -5.677256 -13.525213 -14.432703 -7.351583 -2.941311 0.877920 -2.357670 -10.637413 3.829796 10.314872 -21.098641 -20.114048 5.952090 9.064169 -11.158810 -24.127147 9.777516 7.152780 19.560256 11.470874 14.398498 19.646628 20.383371 -19.624490 9.135418 10.155708 0.195891 -14.821135 -1.141583 17.190185 -4.446117 -18.224244 23.776501 8.550890 17.911887 7.682667 4.114840 -15.165340 5.782496 5.312006 26.849760 8.650972 -5.307645 3.253100 6.479424 8.312347 5.515069 -0.461834 11.880572 14.651769 -8.229467 17.095254 30.142085 9.510074 -1.798478 -10.387411 -10.565643 9.727413 9.367645 -3.011446 7.609858 1.474922 11.759686 -5.853553 -5.708612 25.944800 8.762822 -5.977773 -2.175746 -9.504419 -25.023899 -4.837043 12.082646 -13.403033 -6.284410 23.287415 1.024658 7.013192 26.637131 -6.478783 -8.153591 4.909583 -0.041914 -14.768703 -0.626870 -13.521786 
0.000000 0.000000 0.000000 0.000000 0.000000 0.000000 0.000000 0.000000 0.000000 0.000000 0.000000 0.000000 0.000000 0.000000 0.000000 0.000000 0.000000 0.000000 0.000000 0.000000 0.000000 0.000000 0.000000 0.000000 0.000000 0.000000 0.000000 0.000000 0.000000 0.000000 0.000000 0.000000 0.000000 0.000000 0.000000 0.000000 0.000000 0.000000 0.000000 0.000000 0.000000 0.000000 0.000000 0.000000 0.000000 0.000000 0.000000 0.000000 0.000000 0.000000 0.000000 0.000000 0.000000 0.000000 0.000000 0.000000 0.000000 0.000000 0.000000 0.000000 0.000000 0.000000 0.000000 0.000000 0.000000 0.000000 0.000000 0.000000 0.000000 0.000000 0.000000 0.000000 0.000000 0.000000 0.000000 0.000000 0.000000 0.000000 0.000000 0.000000 0.000000 0.000000 0.000000 0.000000 0.000000 0.000000 0.000000 0.000000 0.000000 0.000000 0.000000 0.000000 0.000000 0.000000 0.000000 0.000000 0.000000 0.000000 0.000000 -0.137825 -0.524295 -16.538869 14.685399 2.710117 29.028980 1.255727 22.598682 -5.934784 -13.582670 -0.807830 -20.730895 -17.458709 -4.015020 -19.908291 -14.267010 -8.324690 -7.645917 -7.734805 7.760384 2.531713 -6.640092 -1.667085 10.983225 13.616954 -25.697065 -10.867434 1.567570 -5.073076 -19.068956 -20.779776 5.136002 2.651498 40.594587 14.291655 31.944907 20.683756 10.959575 -25.682689 8.540372 22.723427 -4.532554 -6.329029 0.581385 27.073509 -0.833570 -26.564607 14.774964 4.602598 15.809184 9.692669 0.025094 -4.829368 11.188821 0.838678 34.585962 20.432249 -9.248925 12.157981 1.779782 11.023234 8.584062 -5.509650 17.771259 10.761874 -11.841491 12.080631 35.512149 11.797977 -0.626951 -7.036034 -9.514556 23.964388 6.671578 -1.005066 -9.557905 -1.671807 23.402528 -14.983503 -5.647387 33.703985 10.893612 -4.124278 -11.428710 -15.340905 -19.027787 -12.790296 2.895076 -8.731423 -3.034953 27.806885 12.926292 11.289481 41.167782 -8.183288 -10.296481 10.297061 -0.342343 -7.429793 10.747223 -6.004443 
0.000000 0.000000 0.000000 0.000000 0.000000 0.000000 0.000000 0.000000 0.000000 0.000000 0.000000 0.000000 0.000000 0.000000 0.000000 0.000000 0.000000 0.000000 0.000000 0.000000 0.000000 0.000000 0.000000 0.000000 0.000000 0.000000 0.000000 0.000000 0.000000 0.000000 0.000000 0.000000 0.000000 0.000000 0.000000 0.000000 0.000000 0.000000 0.000000 0.000000 0.000000 0.000000 0.000000 0.000000 0.000000 0.000000 0.000000 0.000000 0.000000 0.000000 0.000000 0.000000 0.000000 0.000000 0.000000 0.000000 0.000000 0.000000 0.000000 0.000000 0.000000 0.000000 0.000000 0.000000 0.000000 0.000000 0.000000 0.000000 0.000000 0.000000 0.000000 0.000000 0.000000 0.000000 0.000000 0.000000 0.000000 0.000000 0.000000 0.000000 0.000000 0.000000 0.000000 0.000000 0.000000 0.000000 0.000000 0.000000 0.000000 0.000000 0.000000 0.000000 0.000000 0.000000 0.000000 0.000000 0.000000 0.000000 0.000000 0.000000 -25.668351 -926.191142 820.300799 158.123547 1618.413000 67.966964 1262.892005 -327.447596 -753.208300 -49.734655 -1156.159590 -965.172538 -219.179470 -1104.803920 -797.273875 -461.720049 -424.388328 -425.974751 427.888291 138.039992 -373.046333 -80.535828 614.594503 760.145062 -1435.895839 -599.651146 87.131081 -285.970811 -1072.055563 -1153.136815 288.371615 140.412644 2260.798921 789.618681 1779.509469 1148.301274 606.252493 -1434.416812 477.550863 1276.196580 -247.803582 -345.394999 32.776163 1501.164257 -43.056083 -1474.510687 812.498751 249.100764 876.967687 544.738668 -3.260565 -270.068371 632.734592 43.871650 1921.075572 1131.129054 -517.513102 676.829461 94.869570 606.220375 469.837269 -314.293958 977.884052 598.224675 -667.628911 674.456198 1960.264137 666.273103 -38.203853 -377.467170 -524.159860 1340.677423 378.917789 -58.236182 -538.424296 -96.197272 1290.959328 -837.081694 -312.706789 1867.924732 598.547009 -236.746170 -636.575147 -847.237795 -1060.164614 -719.262966 159.745787 -472.430438 -159.749063 1537.812440 709.978553 628.087048 2286.925314 -454.670233 -587.933600 561.028805 -20.292741 -390.873240 612.497036 -318.846804 
0.000000 0.000000 0.000000 0.000000 0.000000 0.000000 0.000000 0.000000 0.000000 0.000000 0.000000 0.000000 0.000000 0.000000 0.000000 0.000000 0.000000 0.000000 0.000000 0.000000 0.000000 0.000000 0.000000 0.000000 0.000000 0.000000 0.000000 0.000000 0.000000 0.000000 0.000000 0.000000 0.000000 0.000000 0.000000 0.000000 0.000000 0.000000 0.000000 0.000000 0.000000 0.000000 0.000000 0.000000 0.000000 0.000000 0.000000 0.000000 0.000000 0.000000 0.000000 0.000000 0.000000 0.000000 0.000000 0.000000 0.000000 0.000000 0.000000 0.000000 0.000000 0.000000 0.000000 0.000000 0.000000 0.000000 0.000000 0.000000 0.000000 0.000000 0.000000 0.000000 0.000000 0.000000 0.000000 0.000000 0.000000 0.000000 0.000000 0.000000 0.000000 0.000000 0.000000 0.000000 0.000000 0.000000 0.000000 0.000000 0.000000 0.000000 0.000000 0.000000 0.000000 0.000000 0.000000 0.000000 0.000000 0.000000 0.000000 0.000000 0.000000 -257.832618 222.806044 41.939237 461.627407 11.505155 344.568911 -85.139309 -212.744785 -11.505850 -323.304800 -266.922097 -56.112103 -304.612783 -220.616699 -133.982711 -114.543366 -108.931606 125.127467 37.963510 -107.666100 -13.651102 166.896816 212.374012 -401.584474 -168.778892 16.240878 -81.387378 -298.582995 -323.034057 82.262111 37.950364 630.755675 217.339027 494.143275 317.120056 168.507867 -399.216403 134.479944 356.738840 -62.033663 -94.932825 19.720387 422.311573 -15.577335 -413.520443 221.565493 67.401017 246.024114 153.058163 -2.222264 -70.491028 176.815198 13.479672 536.721034 313.909375 -145.113633 184.329092 28.058697 168.526071 130.399930 -79.585826 270.181455 161.891774 -188.559379 183.874325 549.284226 192.421254 -7.141143 -97.436125 -147.603532 369.158463 100.178790 -11.406734 -152.473473 -23.508433 358.724982 -236.778998 -88.848335 524.487962 167.329505 -62.748275 -165.229424 -235.109075 -291.249295 -198.298434 45.333680 -127.589898 -44.438122 434.954497 196.500245 170.871834 637.669806 -128.479470 -161.136162 165.523146 -3.795299 -105.812633 179.287150 -92.778502 
0.000000 0.000000 0.000000 0.000000 0.000000 0.000000 0.000000 0.000000 0.000000 0.000000 0.000000 0.000000 0.000000 0.000000 0.000000 0.000000 0.000000 0.000000 0.000000 0.000000 0.000000 0.000000 0.000000 0.000000 0.000000 0.000000 0.000000 0.000000 0.000000 0.000000 0.000000 0.000000 0.000000 0.000000 0.000000 0.000000 0.000000 0.000000 0.000000 0.000000 0.000000 0.000000 0.000000 0.000000 0.000000 0.000000 0.000000 0.000000 0.000000 0.000000 0.000000 0.000000 0.000000 0.000000 0.000000 0.000000 0.000000 0.000000 0.000000 0.000000 0.000000 0.000000 0.000000 0.000000 0.000000 0.000000 0.000000 0.000000 0.000000 0.000000 0.000000 0.000000 0.000000 0.000000 0.000000 0.000000 0.000000 0.000000 0.000000 0.000000 0.000000 0.000000 0.000000 0.000000 0.000000 0.000000 0.000000 0.000000 0.000000 0.000000 0.000000 0.000000 0.000000 0.000000 0.000000 0.000000 0.000000 0.000000 0.000000 0.000000 0.000000 0.000000 -14.626822 2.143734 -5.478482 -2.836296 -18.069159 1.189611 14.732933 -9.635255 3.656094 7.693992 2.021138 5.075871 15.812968 -3.020415 2.492804 8.392965 1.992660 4.927075 -8.756035 -4.900769 -7.799177 -3.807670 21.597120 11.099474 1.935151 12.071757 3.806802 8.389536 1.796951 9.322820 -16.516943 -3.125981 -16.598205 -3.540157 0.126346 18.146010 -4.601089 -12.698147 1.155557 -4.177645 7.091620 -22.748544 -11.525366 3.156332 -7.519778 2.681176 -10.803963 -5.027203 -3.393680 -3.469802 -0.141868 3.421124 -11.610407 -7.830960 5.717515 -13.551617 2.757433 -19.775601 -7.098698 11.884712 -3.513745 1.017697 -3.975364 0.990221 -17.497496 1.391499 2.556636 5.340314 1.140790 -23.885595 6.296915 -0.885451 14.634598 3.293844 -9.072073 -4.257618 7.882967 -11.693858 -7.624135 3.319908 6.792624 7.460737 13.922376 8.176191 18.794674 5.889867 -2.045583 -17.616400 0.199366 -1.764578 -18.057771 -1.780456 9.323408 -6.044230 10.654464 -2.491063 -18.660369 6.019184 
0.000000 0.000000 0.000000 0.000000 0.000000 0.000000 0.000000 0.000000 0.000000 0.000000 0.000000 0.000000 0.000000 0.000000 0.000000 0.000000 0.000000 0.000000 0.000000 0.000000 0.000000 0.000000 0.000000 0.000000 0.000000 0.000000 0.000000 0.000000 0.000000 0.000000 0.000000 0.000000 0.000000 0.000000 0.000000 0.000000 0.000000 0.000000 0.000000 0.000000 0.000000 0.000000 0.000000 0.000000 0.000000 0.000000 0.000000 0.000000 0.000000 0.000000 0.000000 0.000000 0.000000 0.000000 0.000000 0.000000 0.000000 0.000000 0.000000 0.000000 0.000000 0.000000 0.000000 0.000000 0.000000 0.000000 0.000000 0.000000 0.000000 0.000000 0.000000 0.000000 0.000000 0.000000 0.000000 0.000000 0.000000 0.000000 0.000000 0.000000 0.000000 0.000000 0.000000 0.000000 0.000000 0.000000 0.000000 0.000000 0.000000 0.000000 0.000000 0.000000 0.000000 0.000000 0.000000 0.000000 0.000000 0.000000 0.000000 0.000000 0.000000 0.000000 0.000000 15.075193 -13.925648 3.742531 6.248523 2.901444 -5.677944 6.209553 0.895796 8.573944 2.480530 -6.764849 -3.224950 12.802735 3.829202 -7.040238 2.812278 5.487926 -3.394499 -4.747293 3.175811 3.283316 3.959765 0.253273 8.062761 6.318749 -1.697729 5.720855 -0.244939 2.807014 8.350237 1.758507 2.468971 1.207586 7.297472 2.816857 -4.286219 -3.770632 -5.015166 -0.891697 2.079425 -2.775342 4.484515 0.919626 -1.754857 5.178129 -6.427729 -0.122177 -1.957011 -9.184409 3.372304 2.382170 3.768892 6.501472 0.619745 0.013126 4.759119 -5.338295 0.546637 -5.156299 9.595986 -8.915248 3.569879 -2.451426 -0.699197 -1.906128 1.891235 -9.168806 -1.676910 4.294340 1.690418 -0.357689 12.000832 2.620351 10.117866 1.777496 6.198711 2.312769 3.305898 -12.130939 -2.517986 0.384990 -0.566134 -2.878957 1.123020 -3.779617 -1.740192 -5.297092 -0.511628 0.789198 0.512985 -8.416421 10.363072 -2.386971 -3.338831 -2.257869 -15.043112 -6.525536 
0.000000 0.000000 0.000000 0.000000 0.000000 0.000000 0.000000 0.000000 0.000000 0.000000 0.000000 0.000000 0.000000 0.000000 0.000000 0.000000 0.000000 0.000000 0.000000 0.000000 0.000000 0.000000 0.000000 0.000000 0.000000 0.000000 0.000000 0.000000 0.000000 0.000000 0.000000 0.000000 0.000000 0.000000 0.000000 0.000000 0.000000 0.000000 0.000000 0.000000 0.000000 0.000000 0.000000 0.000000 0.000000 0.000000 0.000000 0.000000 0.000000 0.000000 0.000000 0.000000 0.000000 0.000000 0.000000 0.000000 0.000000 0.000000 0.000000 0.000000 0.000000 0.000000 0.000000 0.000000 0.000000 0.000000 0.000000 0.000000 0.000000 0.000000 0.000000 0.000000 0.000000 0.000000 0.000000 0.000000 0.000000 0.000000 0.000000 0.000000 0.000000 0.000000 0.000000 0.000000 0.000000 0.000000 0.000000 0.000000 0.000000 0.000000 0.000000 0.000000 0.000000 0.000000 0.000000 0.000000 0.000000 0.000000 0.000000 0.000000 0.000000 0.000000 0.000000 0.000000 -15.366294 -14.689429 -15.409300 -11.833811 20.537535 -30.762489 6.874416 12.170619 4.675033 5.990368 6.622742 0.911312 12.432577 7.711068 -12.858938 -3.884171 -7.872512 -4.114955 2.278992 7.807273 17.062406 37.670553 1.660730 -9.996447 -6.582258 6.372042 4.472120 6.254562 -18.027742 -9.252326 -16.680829 -15.455315 -3.123851 7.003932 -4.505105 -5.941778 0.988634 33.999123 -2.886899 -32.617418 -10.886848 17.913953 -17.982265 -5.885974 -7.682008 12.152604 -16.752502 7.010174 9.934943 -22.435858 -27.272873 -19.397700 -5.573573 -0.605706 -27.905168 -15.794611 -18.116665 -3.572399 -17.248300 -8.259165 -3.118198 16.741339 -36.852406 13.474623 -9.687223 25.500886 26.661778 -2.857113 3.321145 -6.709202 -19.470804 -0.957071 -24.258651 -16.300156 1.606201 -25.577092 -30.563384 3.633513 -2.348048 8.647642 27.984728 -2.035027 -15.140596 34.255595 6.797430 -33.030256 -3.810470 -3.300500 -21.304692 7.788504 -2.669729 -20.708656 25.798523 25.640484 -13.942599 38.804150 
0.000000 0.000000 0.000000 0.000000 0.000000 0.000000 0.000000 0.000000 0.000000 0.000000 0.000000 0.000000 0.000000 0.000000 0.000000 0.000000 0.000000 0.000000 0.000000 0.000000 0.000000 0.000000 0.000000 0.000000 0.000000 0.000000 0.000000 0.000000 0.000000 0.000000 0.000000 0.000000 0.000000 0.000000 0.000000 0.000000 0.000000 0.000000 0.000000 0.000000 0.000000 0.000000 0.000000 0.000000 0.000000 0.000000 0.000000 0.000000 0.000000 0.000000 0.000000 0.000000 0.000000 0.000000 0.000000 0.000000 0.000000 0.000000 0.000000 0.000000 0.000000 0.000000 0.000000 0.000000 0.000000 0.000000 0.000000 0.000000 0.000000 0.000000 0.000000 0.000000 0.000000 0.000000 0.000000 0.000000 0.000000 0.000000 0.000000 0.000000 0.000000 0.000000 0.000000 0.000000 0.000000 0.000000 0.000000 0.000000 0.000000 0.000000 0.000000 0.000000 0.000000 0.000000 0.000000 0.000000 0.000000 0.000000 0.000000 0.000000 0.000000 0.000000 0.000000 0.000000 0.000000 -7.685785 7.055559 -9.699457 24.037070 -35.277008 25.031186 24.585330 6.073666 17.738380 -12.593996 4.958435 9.625663 1.457273 -29.742344 -11.936843 -0.851341 14.043220 5.209464 3.126709 -5.845467 39.002588 -14.660988 -24.524191 -24.938461 3.397351 -4.673666 -20.927138 -33.491365 -13.173577 -7.838472 -18.962746 -14.833568 2.593522 2.240493 -2.460599 13.041948 38.584639 -10.151223 -27.766929 9.343833 34.087896 -28.003500 -22.692680 -12.097525 20.973959 -12.246324 13.759782 -4.532150 -20.701702 -48.021232 -25.617604 5.018006 2.602917 -37.196848 -16.230145 -7.083700 -12.077982 -41.373022 -6.147940 -4.496377 24.192990 -50.858369 22.739204 -17.096285 35.716365 37.787122 17.055014 -12.790675 -5.572686 -31.993977 -13.147298 -36.758378 0.737628 -17.513744 -41.347254 -37.369099 7.614941 -14.646211 15.590742 27.278506 -8.354544 -34.924196 38.726283 21.435226 -37.445968 -15.243361 0.174566 -18.999751 19.538712 -32.430464 -27.827223 8.371488 46.208927 47.631160 57.273489 
0.000000 0.000000 0.000000 0.000000 0.000000 0.000000 0.000000 0.000000 0.000000 0.000000 0.000000 0.000000 0.000000 0.000000 0.000000 0.000000 0.000000 0.000000 0.000000 0.000000 0.000000 0.000000 0.000000 0.000000 0.000000 0.000000 0.000000 0.000000 0.000000 0.000000 0.000000 0.000000 0.000000 0.000000 0.000000 0.000000 0.000000 0.000000 0.000000 0.000000 0.000000 0.000000 0.000000 0.000000 0.000000 0.000000 0.000000 0.000000 0.000000 0.000000 0.000000 0.000000 0.000000 0.000000 0.000000 0.000000 0.000000 0.000000 0.000000 0.000000 0.000000 0.000000 0.000000 0.000000 0.000000 0.000000 0.000000 0.000000 0.000000 0.000000 0.000000 0.000000 0.000000 0.000000 0.000000 0.000000 0.000000 0.000000 0.000000 0.000000 0.000000 0.000000 0.000000 0.000000 0.000000 0.000000 0.000000 0.000000 0.000000 0.000000 0.000000 0.000000 0.000000 0.000000 0.000000 0.000000 0.000000 0.000000 0.000000 0.000000 0.000000 0.000000 0.000000 0.000000 0.000000 0.000000 -11.962589 16.380160 -29.278992 42.451861 -27.003109 -22.610007 1.341647 -18.020081 11.797802 -3.178127 -4.445357 -1.306092 29.757895 11.863081 -1.493870 -10.735544 -8.593001 1.006161 -3.093177 -46.540477 1.943202 12.102782 26.883121 -8.088337 11.083119 29.161873 32.915585 7.414718 11.889724 9.628177 19.635207 -3.777835 -5.383299 7.036108 -7.792516 -26.072185 19.166506 42.766822 -6.890827 -29.789499 30.225473 23.032182 12.641259 -17.923851 6.634038 -11.339118 7.095131 20.348380 52.533935 19.667603 -17.370105 -1.721757 34.908304 40.448223 0.463673 14.809876 42.482159 -10.306150 12.498409 -20.243386 57.127867 -17.947050 12.684200 -28.029889 -40.449873 -22.594169 1.454267 5.985848 22.689517 23.670849 37.993706 -1.184462 11.366607 49.038211 34.349923 -7.422282 30.729364 -21.373982 -23.009818 14.430641 30.483590 -38.070362 -27.691441 54.462045 8.267200 -11.882894 16.580452 -16.603735 39.501055 41.384399 -8.206202 -42.155077 -39.953161 -72.194106 
0.000000 0.000000 0.000000 0.000000 0.000000 0.000000 0.000000 0.000000 0.000000 0.000000 0.000000 0.000000 0.000000 0.000000 0.000000 0.000000 0.000000 0.000000 0.000000 0.000000 0.000000 0.000000 0.000000 0.000000 0.000000 0.000000 0.000000 0.000000 0.000000 0.000000 0.000000 0.000000 0.000000 0.000000 0.000000 0.000000 0.000000 0.000000 0.000000 0.000000 0.000000 0.000000 0.000000 0.000000 0.000000 0.000000 0.000000 0.000000 0.000000 0.000000 0.000000 0.000000 0.000000 0.000000 0.000000 0.000000 0.000000 0.000000 0.000000 0.000000 0.000000 0.000000 0.000000 0.000000 0.000000 0.000000 0.000000 0.000000 0.000000 0.000000 0.000000 0.000000 0.000000 0.000000 0.000000 0.000000 0.000000 0.000000 0.000000 0.000000 0.000000 0.000000 0.000000 0.000000 0.000000 0.000000 0.000000 0.000000 0.000000 0.000000 0.000000 0.000000 0.000000 0.000000 0.000000 0.000000 0.000000 0.000000 0.000000 0.000000 0.000000 0.000000 0.000000 0.000000 0.000000 0.000000 0.000000 -23.178204 25.745886 -46.003300 17.693651 12.940756 -2.841521 8.319443 -4.838346 2.103734 5.587115 5.299289 -17.473023 -8.665207 -2.853478 -1.162005 5.451223 -6.579319 24.821350 45.748807 12.763236 3.469201 -23.034327 7.542812 -14.271276 -15.223180 -18.813294 2.353857 -20.588125 1.560665 -13.544990 7.126390 4.079750 -16.261021 1.111623 18.152317 -20.498969 -51.496112 -6.281885 17.824700 -27.392447 -15.326474 -11.660779 10.086040 -9.563160 8.022780 -5.068208 -18.236643 -39.242135 -10.668155 23.964374 0.979158 -26.375578 -51.728780 5.951011 -7.630082 -24.987254 23.771419 -13.711103 11.578598 -42.030677 8.725803 -1.605203 13.686073 30.956312 10.775228 9.482869 -6.656609 -8.751726 -22.149663 -26.832490 -9.578816 1.311615 -42.629148 -28.012733 8.315992 -38.666935 18.664970 24.606161 -19.198597 -11.576323 29.200979 20.831422 -58.059505 8.560560 18.881143 -9.611733 7.608416 -24.446573 -35.587750 25.915551 22.006351 4.290228 64.800926 
0.000000 0.000000 0.000000 0.000000 0.000000 0.000000 0.000000 0.000000 0.000000 0.000000 0.000000 0.000000 0.000000 0.000000 0.000000 0.000000 0.000000 0.000000 0.000000 0.000000 0.000000 0.000000 0.000000 0.000000 0.000000 0.000000 0.000000 0.000000 0.000000 0.000000 0.000000 0.000000 0.000000 0.000000 0.000000 0.000000 0.000000 0.000000 0.000000 0.000000 0.000000 0.000000 0.000000 0.000000 0.000000 0.000000 0.000000 0.000000 0.000000 0.000000 0.000000 0.000000 0.000000 0.000000 0.000000 0.000000 0.000000 0.000000 0.000000 0.000000 0.000000 0.000000 0.000000 0.000000 0.000000 0.000000 0.000000 0.000000 0.000000 0.000000 0.000000 0.000000 0.000000 0.000000 0.000000 0.000000 0.000000 0.000000 0.000000 0.000000 0.000000 0.000000 0.000000 0.000000 0.000000 0.000000 0.000000 0.000000 0.000000 0.000000 0.000000 0.000000 0.000000 0.000000 0.000000 0.000000 0.000000 0.000000 0.000000 0.000000 0.000000 0.000000 0.000000 0.000000 0.000000 0.000000 0.000000 0.000000 -26.155211 29.472379 -25.982475 -38.808075 -11.188323 -29.743926 8.895251 -8.202179 -5.346231 -9.298609 15.015514 10.557645 5.124800 -24.280130 -1.630734 10.009934 -9.541636 -45.796083 18.625934 12.765301 15.605076 -12.913272 6.865071 15.443272 38.093878 15.567872 29.449443 3.623943 37.853947 -8.927377 0.149742 0.627560 -3.052882 -20.788164 16.099698 49.120272 -3.967196 -40.834748 52.828794 14.014632 26.119598 -3.247504 12.859523 -23.410505 0.369842 4.931497 38.467915 28.735278 -15.758289 9.273424 22.264437 50.185159 11.598189 19.211334 45.279509 -10.672528 15.462945 5.077253 63.721345 2.281149 10.457760 -30.917244 -31.387368 1.981565 -15.390091 2.707440 15.125970 17.959870 33.195507 -2.219503 -6.218757 53.868631 34.272685 4.267037 25.814995 -25.012952 -25.356323 12.380892 2.293903 -40.935545 -25.336708 54.791133 9.840259 -0.833102 38.935987 -5.992571 25.938736 36.717596 -7.908568 -37.500789 -41.566940 -65.116592 
0.000000 0.000000 0.000000 0.000000 0.000000 0.000000 0.000000 0.000000 0.000000 0.000000 0.000000 0.000000 0.000000 0.000000 0.000000 0.000000 0.000000 0.000000 0.000000 0.000000 0.000000 0.000000 0.000000 0.000000 0.000000 0.000000 0.000000 0.000000 0.000000 0.000000 0.000000 0.000000 0.000000 0.000000 0.000000 0.000000 0.000000 0.000000 0.000000 0.000000 0.000000 0.000000 0.000000 0.000000 0.000000 0.000000 0.000000 0.000000 0.000000 0.000000 0.000000 0.000000 0.000000 0.000000 0.000000 0.000000 0.000000 0.000000 0.000000 0.000000 0.000000 0.000000 0.000000 0.000000 0.000000 0.000000 0.000000 0.000000 0.000000 0.000000 0.000000 0.000000 0.000000 0.000000 0.000000 0.000000 0.000000 0.000000 0.000000 0.000000 0.000000 0.000000 0.000000 0.000000 0.000000 0.000000 0.000000 0.000000 0.000000 0.000000 0.000000 0.000000 0.000000 0.000000 0.000000 0.000000 0.000000 0.000000 0.000000 0.000000 0.000000 0.000000 0.000000 0.000000 0.000000 0.000000 0.000000 0.000000 0.000000 1.176059 -6.878040 -25.919463 -14.770257 -20.153170 7.675914 -9.989239 -1.359690 1.074513 -10.280618 -3.687258 14.440381 -20.488836 -2.723722 20.060528 -12.844680 -24.336640 12.106598 7.378318 5.470608 -11.178859 4.122408 -6.385083 10.379607 11.908582 21.364059 -5.435629 30.522936 -2.891593 4.577471 -7.515215 6.348025 -11.198031 6.161679 31.497336 0.026599 -23.794162 46.702318 -2.327751 27.460764 7.516607 16.483580 -20.495582 -8.884771 -9.214959 2.082332 15.127651 -8.586183 1.293616 3.911623 37.698518 5.021730 14.676377 16.312104 -10.401039 13.195065 29.780129 28.884622 18.151968 -5.221022 -6.149231 -1.419930 14.169137 -24.328939 1.505882 -3.491408 4.301988 -3.109736 11.530634 -18.756826 35.960309 16.960876 15.613673 20.110179 -13.183820 -10.857162 14.441677 -24.086338 -14.345682 -8.521335 28.122599 -1.484476 -5.858731 20.683546 9.619712 -0.416718 9.449230 -10.283540 -11.200731 -14.511569 -27.715871 
0.000000 0.000000 0.000000 0.000000 0.000000 0.000000 0.000000 0.000000 0.000000 0.000000 0.000000 0.000000 0.000000 0.000000 0.000000 0.000000 0.000000 0.000000 0.000000 0.000000 0.000000 0.000000 0.000000 0.000000 0.000000 0.000000 0.000000 0.000000 0.000000 0.000000 0.000000 0.000000 0.000000 0.000000 0.000000 0.000000 0.000000 0.000000 0.000000 0.000000 0.000000 0.000000 0.000000 0.000000 0.000000 0.000000 0.000000 0.000000 0.000000 0.000000 0.000000 0.000000 0.000000 0.000000 0.000000 0.000000 0.000000 0.000000 0.000000 0.000000 0.000000 0.000000 0.000000 0.000000 0.000000 0.000000 0.000000 0.000000 0.000000 0.000000 0.000000 0.000000 0.000000 0.000000 0.000000 0.000000 0.000000 0.000000 0.000000 0.000000 0.000000 0.000000 0.000000 0.000000 0.000000 0.000000 0.000000 0.000000 0.000000 0.000000 0.000000 0.000000 0.000000 0.000000 0.000000 0.000000 0.000000 0.000000 0.000000 0.000000 0.000000 0.000000 0.000000 0.000000 0.000000 0.000000 0.000000 0.000000 0.000000 0.000000 23.601023 112.942635 76.330358 89.335175 -35.347813 39.499191 1.981448 -6.625866 48.343705 13.067054 -65.764703 96.323582 7.174100 -92.081146 53.565256 108.107683 -48.413848 -33.010271 -29.336415 53.095075 -18.938187 29.938675 -42.910661 -58.084728 -95.799950 27.688925 -134.548135 5.647025 -22.283131 43.282364 -27.895365 54.925434 -20.557089 -142.060087 4.986710 103.586993 -209.326268 8.619496 -121.825200 -35.736491 -73.906143 93.181734 47.435934 46.429436 -0.307541 -73.263587 37.631340 -4.103648 -3.994219 -167.443578 -27.925975 -71.357443 -73.278942 46.394062 -65.294357 -141.012164 -140.378284 -85.765507 33.649913 22.502231 8.301264 -67.356511 116.388667 -9.078789 18.906736 -16.957390 9.387489 -51.542225 90.169256 -165.241875 -79.876643 -76.379281 -89.227514 66.295438 48.372372 -61.056332 125.560661 70.645997 39.898330 -122.772151 11.240336 27.476594 -90.794923 -47.722612 -0.448008 -43.996270 48.985792 62.659822 63.683230 128.834954 
0.000000 0.000000 0.000000 0.000000 0.000000 0.000000 0.000000 0.000000 0.000000 0.000000 0.000000 0.000000 0.000000 0.000000 0.000000 0.000000 0.000000 0.000000 0.000000 0.000000 0.000000 0.000000 0.000000 0.000000 0.000000 0.000000 0.000000 0.000000 0.000000 0.000000 0.000000 0.000000 0.000000 0.000000 0.000000 0.000000 0.000000 0.000000 0.000000 0.000000 0.000000 0.000000 0.000000 0.000000 0.000000 0.000000 0.000000 0.000000 0.000000 0.000000 0.000000 0.000000 0.000000 0.000000 0.000000 0.000000 0.000000 0.000000 0.000000 0.000000 0.000000 0.000000 0.000000 0.000000 0.000000 0.000000 0.000000 0.000000 0.000000 0.000000 0.000000 0.000000 0.000000 0.000000 0.000000 0.000000 0.000000 0.000000 0.000000 0.000000 0.000000 0.000000 0.000000 0.000000 0.000000 0.000000 0.000000 0.000000 0.000000 0.000000 0.000000 0.000000 0.000000 0.000000 0.000000 0.000000 0.000000 0.000000 0.000000 0.000000 0.000000 0.000000 0.000000 0.000000 0.000000 0.000000 0.000000 0.000000 0.000000 0.000000 0.000000 -15.685383 -15.594631 -10.521318 -1.423534 -0.787590 -0.312724 -0.842197 -8.738937 -1.894372 5.568508 -17.180351 -5.171761 6.375296 -1.747656 -21.990555 2.743769 2.028463 7.608799 -6.115733 3.987986 4.997849 3.373694 7.776787 9.084381 0.891852 13.357019 2.296749 -0.677096 -11.305836 2.809812 -9.766330 -1.607953 25.892770 3.118345 -8.899927 26.039795 -2.981426 13.301447 -4.133880 10.261841 -12.422136 -8.630083 0.426240 3.501593 11.110138 -4.016666 4.944851 0.353852 28.119575 9.729384 13.568171 13.982324 0.523733 12.013119 18.235354 20.875136 3.456452 -10.198721 -7.134432 -7.750514 -6.381673 -15.563176 -0.654072 -0.581842 1.730286 4.710838 5.925643 -12.001257 19.457816 16.178807 13.563545 8.670969 -11.630685 -8.523610 3.611653 -10.337144 -16.389593 -11.597335 22.221618 1.360407 -4.893813 9.017431 12.951647 1.468646 10.819783 -3.683659 -19.732430 -11.309158 -27.237067 
0.000000 0.000000 0.000000 0.000000 0.000000 0.000000 0.000000 0.000000 0.000000 0.000000 0.000000 0.000000 0.000000 0.000000 0.000000 0.000000 0.000000 0.000000 0.000000 0.000000 0.000000 0.000000 0.000000 0.000000 0.000000 0.000000 0.000000 0.000000 0.000000 0.000000 0.000000 0.000000 0.000000 0.000000 0.000000 0.000000 0.000000 0.000000 0.000000 0.000000 0.000000 0.000000 0.000000 0.000000 0.000000 0.000000 0.000000 0.000000 0.000000 0.000000 0.000000 0.000000 0.000000 0.000000 0.000000 0.000000 0.000000 0.000000 0.000000 0.000000 0.000000 0.000000 0.000000 0.000000 0.000000 0.000000 0.000000 0.000000 0.000000 0.000000 0.000000 0.000000 0.000000 0.000000 0.000000 0.000000 0.000000 0.000000 0.000000 0.000000 0.000000 0.000000 0.000000 0.000000 0.000000 0.000000 0.000000 0.000000 0.000000 0.000000 0.000000 0.000000 0.000000 0.000000 0.000000 0.000000 0.000000 0.000000 0.000000 0.000000 0.000000 0.000000 0.000000 0.000000 0.000000 0.000000 0.000000 0.000000 0.000000 0.000000 0.000000 0.000000 10.453709 -5.488014 -6.889767 4.631215 4.048264 0.468522 -2.266522 -13.847401 11.284292 2.390742 -5.905291 -2.150431 -0.537390 7.028015 9.224125 5.066312 -2.791559 -1.675787 -18.499901 -8.513934 1.694383 0.707949 -7.480595 -1.366564 11.747517 -6.604873 -3.292158 -5.307465 5.530588 10.788020 2.353296 -5.281763 10.107924 1.470562 5.428409 -7.634234 9.809867 7.632998 2.224016 2.586519 -5.739156 -6.689809 -0.576008 -2.171248 8.505185 0.505719 10.275906 6.862506 -0.927945 -1.700116 -0.727110 -3.462655 5.391616 -3.974809 -1.587363 -0.310172 12.331125 -5.191421 13.085217 10.226116 -8.862522 2.259354 1.553256 -4.168903 -7.819074 10.110770 -1.646902 -1.481657 1.321451 -4.761183 -7.275492 5.484140 12.886931 6.227552 -2.198298 8.732804 5.445085 -0.346551 10.098274 -1.057169 6.543122 -8.867012 2.728067 1.313528 8.605384 9.079412 -3.921804 3.064300 
0.000000 0.000000 0.000000 0.000000 0.000000 0.000000 0.000000 0.000000 0.000000 0.000000 0.000000 0.000000 0.000000 0.000000 0.000000 0.000000 0.000000 0.000000 0.000000 0.000000 0.000000 0.000000 0.000000 0.000000 0.000000 0.000000 0.000000 0.000000 0.000000 0.000000 0.000000 0.000000 0.000000 0.000000 0.000000 0.000000 0.000000 0.000000 0.000000 0.000000 0.000000 0.000000 0.000000 0.000000 0.000000 0.000000 0.000000 0.000000 0.000000 0.000000 0.000000 0.000000 0.000000 0.000000 0.000000 0.000000 0.000000 0.000000 0.000000 0.000000 0.000000 0.000000 0.000000 0.000000 0.000000 0.000000 0.000000 0.000000 0.000000 0.000000 0.000000 0.000000 0.000000 0.000000 0.000000 0.000000 0.000000 0.000000 0.000000 0.000000 0.000000 0.000000 0.000000 0.000000 0.000000 0.000000 0.000000 0.000000 0.000000 0.000000 0.000000 0.000000 0.000000 0.000000 0.000000 0.000000 0.000000 0.000000 0.000000 0.000000 0.000000 0.000000 0.000000 0.000000 0.000000 0.000000 0.000000 0.000000 0.000000 0.000000 0.000000 0.000000 0.000000 1.089948 5.000408 -6.103202 1.201872 -0.250286 -0.428650 -1.306011 2.613286 10.267205 4.547623 5.835512 -8.388690 2.239405 2.332801 -0.709702 1.219641 0.999622 3.901450 -8.030194 -6.230379 -4.782350 6.487058 -7.535001 3.242971 -2.930548 0.875088 5.396862 5.056444 4.677717 6.429489 -1.078925 3.984482 2.098238 1.337252 -3.803743 2.543639 15.521666 -3.043612 -1.384929 1.955047 -6.532928 -13.367435 -8.493938 -5.107622 -2.054801 2.477234 1.548965 -6.561062 -2.828048 -10.692366 -12.844629 0.589273 1.168827 -5.063993 11.836295 -5.642928 5.070802 4.773157 9.796748 -4.936727 2.886982 -8.058274 1.943317 -5.939400 4.899284 -5.692085 0.344120 -9.831695 -1.452870 8.380911 3.132127 -2.147575 4.457820 -14.249954 4.910988 5.856747 -8.129397 -12.228611 -2.096337 0.171845 -2.492791 -5.117794 -6.211064 -9.614114 14.314590 13.838067 7.030487 
0.000000 0.000000 0.000000 0.000000 0.000000 0.000000 0.000000 0.000000 0.000000 0.000000 0.000000 0.000000 0.000000 0.000000 0.000000 0.000000 0.000000 0.000000 0.000000 0.000000 0.000000 0.000000 0.000000 0.000000 0.000000 0.000000 0.000000 0.000000 0.000000 0.000000 0.000000 0.000000 0.000000 0.000000 0.000000 0.000000 0.000000 0.000000 0.000000 0.000000 0.000000 0.000000 0.000000 0.000000 0.000000 0.000000 0.000000 0.000000 0.000000 0.000000 0.000000 0.000000 0.000000 0.000000 0.000000 0.000000 0.000000 0.000000 0.000000 0.000000 0.000000 0.000000 0.000000 0.000000 0.000000 0.000000 0.000000 0.000000 0.000000 0.000000 0.000000 0.000000 0.000000 0.000000 0.000000 0.000000 0.000000 0.000000 0.000000 0.000000 0.000000 0.000000 0.000000 0.000000 0.000000 0.000000 0.000000 0.000000 0.000000 0.000000 0.000000 0.000000 0.000000 0.000000 0.000000 0.000000 0.000000 0.000000 0.000000 0.000000 0.000000 0.000000 0.000000 0.000000 0.000000 0.000000 0.000000 0.000000 0.000000 0.000000 0.000000 0.000000 0.000000 0.000000 -50.614278 62.868580 -21.731686 -2.298929 2.583185 22.935464 -39.504304 -100.684758 -49.201156 -72.035376 88.117578 -25.785070 -33.810725 -0.868613 -13.157730 -6.624631 -29.476584 99.025063 53.423059 39.502255 -70.196586 79.464327 -50.742423 29.069391 -16.305162 -45.843937 -53.666020 -43.151785 -70.964628 10.366471 -43.090617 -10.836633 -25.704656 38.348106 -40.206023 -172.394079 24.462644 18.835072 -8.764364 80.758346 138.150032 78.069422 48.275995 21.790038 -30.735051 -16.683026 62.617736 27.724131 101.423863 141.122290 -12.019283 -18.283396 27.755849 -132.394611 48.549748 -47.813600 -60.358644 -124.037989 66.069809 -35.202078 79.416971 -19.798654 61.514109 -61.053722 65.040196 -23.737035 96.903638 17.238553 -85.239134 -28.728117 16.818657 -51.335767 166.779806 -47.432395 -65.698041 82.932528 119.741888 22.917903 -19.726021 39.335872 45.151907 61.846866 98.721993 -139.773964 -135.195938 -65.896720 
0.000000 0.000000 0.000000 0.000000 0.000000 0.000000 0.000000 0.000000 0.000000 0.000000 0.000000 0.000000 0.000000 0.000000 0.000000 0.000000 0.000000 0.000000 0.000000 0.000000 0.000000 0.000000 0.000000 0.000000 0.000000 0.000000 0.000000 0.000000 0.000000 0.000000 0.000000 0.000000 0.000000 0.000000 0.000000 0.000000 0.000000 0.000000 0.000000 0.000000 0.000000 0.000000 0.000000 0.000000 0.000000 0.000000 0.000000 0.000000 0.000000 0.000000 0.000000 0.000000 0.000000 0.000000 0.000000 0.000000 0.000000 0.000000 0.000000 0.000000 0.000000 0.000000 0.000000 0.000000 0.000000 0.000000 0.000000 0.000000 0.000000 0.000000 0.000000 0.000000 0.000000 0.000000 0.000000 0.000000 0.000000 0.000000 0.000000 0.000000 0.000000 0.000000 0.000000 0.000000 0.000000 0.000000 0.000000 0.000000 0.000000 0.000000 0.000000 0.000000 0.000000 0.000000 0.000000 0.000000 0.000000 0.000000 0.000000 0.000000 0.000000 0.000000 0.000000 0.000000 0.000000 0.000000 0.000000 0.000000 0.000000 0.000000 0.000000 0.000000 0.000000 0.000000 0.000000 20.038481 -8.389003 -2.702551 7.190564 24.391263 -20.965389 -38.795775 -5.812445 -15.796854 22.164700 -4.685510 -22.964242 -0.994352 -17.229462 -5.307177 -1.161873 28.282521 29.248645 20.574033 -9.230925 18.402717 -20.193372 20.624688 7.702581 -4.916033 -27.378735 -18.128508 -25.094663 -2.395366 -37.485699 -15.333072 -8.741981 27.678504 -28.802377 -60.478994 2.832323 4.010761 5.726622 24.078677 49.895382 35.626366 6.868063 -2.008752 -32.014157 -18.406526 16.526284 1.293877 40.136331 45.828471 -12.467830 9.685971 13.321377 -30.951719 18.774930 -2.287039 -26.144343 -26.429041 29.362986 -16.416165 24.539479 -6.403606 20.965050 -30.369092 23.234014 1.243533 28.486949 12.873447 -20.157446 -17.474256 3.002454 -20.895123 52.592134 -22.094169 -18.966423 28.865169 34.065666 14.027667 -4.160463 17.411726 12.217047 21.308945 26.332563 -43.202952 -42.465002 -16.158427 
0.000000 0.000000 0.000000 0.000000 0.000000 0.000000 0.000000 0.000000 0.000000 0.000000 0.000000 0.000000 0.000000 0.000000 0.000000 0.000000 0.000000 0.000000 0.000000 0.000000 0.000000 0.000000 0.000000 0.000000 0.000000 0.000000 0.000000 0.000000 0.000000 0.000000 0.000000 0.000000 0.000000 0.000000 0.000000 0.000000 0.000000 0.000000 0.000000 0.000000 0.000000 0.000000 0.000000 0.000000 0.000000 0.000000 0.000000 0.000000 0.000000 0.000000 0.000000 0.000000 0.000000 0.000000 0.000000 0.000000 0.000000 0.000000 0.000000 0.000000 0.000000 0.000000 0.000000 0.000000 0.000000 0.000000 0.000000 0.000000 0.000000 0.000000 0.000000 0.000000 0.000000 0.000000 0.000000 0.000000 0.000000 0.000000 0.000000 0.000000 0.000000 0.000000 0.000000 0.000000 0.000000 0.000000 0.000000 0.000000 0.000000 0.000000 0.000000 0.000000 0.000000 0.000000 0.000000 0.000000 0.000000 0.000000 0.000000 0.000000 0.000000 0.000000 0.000000 0.000000 0.000000 0.000000 0.000000 0.000000 0.000000 0.000000 0.000000 0.000000 0.000000 0.000000 0.000000 0.000000 -2.885263 -1.363053 3.330637 3.253941 -8.303787 1.719229 -0.763283 -12.725658 6.801512 1.120656 9.416475 4.577618 9.687572 6.488564 -3.070898 10.716230 -8.927372 -4.198442 -7.896877 2.110718 0.840859 -1.157180 -11.225573 -4.486162 6.631421 -0.157703 3.785625 -7.339389 10.874824 6.229685 -7.276784 -1.850401 -1.855875 1.348170 -6.703813 1.513722 -1.162982 3.116439 -7.310401 -8.794391 7.470604 4.558199 9.551297 -4.921953 2.699998 2.445057 1.996831 1.087016 -0.538650 -11.139846 -8.959924 -4.982435 -3.361116 -8.781402 -1.478605 -9.712138 0.527435 4.761514 1.129691 -1.220702 10.140627 -3.518793 2.761840 -10.608839 -0.594648 -3.060596 -3.236734 1.597405 -2.664827 7.127284 9.994764 -1.663362 -2.168378 -10.933783 -0.638199 3.096240 -1.246279 -6.745927 3.657730 -2.896055 0.642868 -3.280426 -6.569428 4.979083 
0.000000 0.000000 0.000000 0.000000 0.000000 0.000000 0.000000 0.000000 0.000000 0.000000 0.000000 0.000000 0.000000 0.000000 0.000000 0.000000 0.000000 0.000000 0.000000 0.000000 0.000000 0.000000 0.000000 0.000000 0.000000 0.000000 0.000000 0.000000 0.000000 0.000000 0.000000 0.000000 0.000000 0.000000 0.000000 0.000000 0.000000 0.000000 0.000000 0.000000 0.000000 0.000000 0.000000 0.000000 0.000000 0.000000 0.000000 0.000000 0.000000 0.000000 0.000000 0.000000 0.000000 0.000000 0.000000 0.000000 0.000000 0.000000 0.000000 0.000000 0.000000 0.000000 0.000000 0.000000 0.000000 0.000000 0.000000 0.000000 0.000000 0.000000 0.000000 0.000000 0.000000 0.000000 0.000000 0.000000 0.000000 0.000000 0.000000 0.000000 0.000000 0.000000 0.000000 0.000000 0.000000 0.000000 0.000000 0.000000 0.000000 0.000000 0.000000 0.000000 0.000000 0.000000 0.000000 0.000000 0.000000 0.000000 0.000000 0.000000 0.000000 0.000000 0.000000 0.000000 0.000000 0.000000 0.000000 0.000000 0.000000 0.000000 0.000000 0.000000 0.000000 0.000000 0.000000 0.000000 0.000000 -4.948417 5.522652 -5.035785 -9.835522 13.134871 -8.528723 -12.632104 2.083079 -0.756339 18.825632 4.265872 17.606079 11.948562 2.607989 15.814253 -21.733435 -13.203560 -12.680264 3.473545 6.811765 -3.309533 -16.660829 -3.136339 14.064052 5.658118 10.786205 -7.139526 30.088163 17.189640 -6.538874 -4.044880 -0.957470 15.060336 -10.817755 0.344520 -3.007399 4.618489 -14.865853 -21.200084 5.285809 8.198251 28.090880 5.800668 -0.345417 1.191032 -3.577471 -12.433435 6.623784 -15.939903 -18.524347 -7.271737 -13.869441 -17.786941 2.361807 -19.758825 -1.345655 9.701893 -3.632615 3.188501 8.091789 7.245906 -0.608789 -12.819872 -12.804077 -10.390527 -0.454574 10.572044 -10.722991 9.990469 13.484353 -1.846482 -3.134266 -19.233845 -9.572351 -4.934462 -6.367421 -11.526854 7.990116 -8.837603 -4.014363 5.987608 5.645226 3.807082 
0.000000 0.000000 0.000000 0.000000 0.000000 0.000000 0.000000 0.000000 0.000000 0.000000 0.000000 0.000000 0.000000 0.000000 0.000000 0.000000 0.000000 0.000000 0.000000 0.000000 0.000000 0.000000 0.000000 0.000000 0.000000 0.000000 0.000000 0.000000 0.000000 0.000000 0.000000 0.000000 0.000000 0.000000 0.000000 0.000000 0.000000 0.000000 0.000000 0.000000 0.000000 0.000000 0.000000 0.000000 0.000000 0.000000 0.000000 0.000000 0.000000 0.000000 0.000000 0.000000 0.000000 0.000000 0.000000 0.000000 0.000000 0.000000 0.000000 0.000000 0.000000 0.000000 0.000000 0.000000 0.000000 0.000000 0.000000 0.000000 0.000000 0.000000 0.000000 0.000000 0.000000 0.000000 0.000000 0.000000 0.000000 0.000000 0.000000 0.000000 0.000000 0.000000 0.000000 0.000000 0.000000 0.000000 0.000000 0.000000 0.000000 0.000000 0.000000 0.000000 0.000000 0.000000 0.000000 0.000000 0.000000 0.000000 0.000000 0.000000 0.000000 0.000000 0.000000 0.000000 0.000000 0.000000 0.000000 0.000000 0.000000 0.000000 0.000000 0.000000 0.000000 0.000000 0.000000 0.000000 0.000000 0.000000 2.258792 -18.228924 7.819555 31.554216 3.361123 -15.721992 5.359059 11.312857 31.742715 18.843004 26.897046 12.343117 -30.333720 -10.098889 -33.362284 -18.554665 -18.428984 -19.775908 18.798168 -22.278823 -28.786495 -14.530328 25.373111 24.325447 10.885600 -24.984146 36.867108 26.950248 -7.835271 -30.521334 14.380365 41.373651 -18.490675 1.502504 -9.459372 -21.225730 -55.483890 -37.257550 11.599533 -3.470304 25.461108 2.121047 -12.516062 -3.715294 -31.188264 -22.271454 13.073588 -28.073104 -36.337536 19.393304 -14.160470 -6.653186 22.264724 9.170132 -13.896425 20.325647 -12.112914 -8.125820 -10.031368 16.169665 -13.435624 -31.819291 -8.820819 -12.767326 -5.021176 14.831531 11.348642 26.724817 -26.000786 19.603640 13.633024 -41.299878 -16.963348 1.158333 0.296091 -21.835184 0.963526 -15.940191 -5.866303 33.595025 14.071315 26.706283 
0.000000 0.000000 0.000000 0.000000 0.000000 0.000000 0.000000 0.000000 0.000000 0.000000 0.000000 0.000000 0.000000 0.000000 0.000000 0.000000 0.000000 0.000000 0.000000 0.000000 0.000000 0.000000 0.000000 0.000000 0.000000 0.000000 0.000000 0.000000 0.000000 0.000000 0.000000 0.000000 0.000000 0.000000 0.000000 0.000000 0.000000 0.000000 0.000000 0.000000 0.000000 0.000000 0.000000 0.000000 0.000000 0.000000 0.000000 0.000000 0.000000 0.000000 0.000000 0.000000 0.000000 0.000000 0.000000 0.000000 0.000000 0.000000 0.000000 0.000000 0.000000 0.000000 0.000000 0.000000 0.000000 0.000000 0.000000 0.000000 0.000000 0.000000 0.000000 0.000000 0.000000 0.000000 0.000000 0.000000 0.000000 0.000000 0.000000 0.000000 0.000000 0.000000 0.000000 0.000000 0.000000 0.000000 0.000000 0.000000 0.000000 0.000000 0.000000 0.000000 0.000000 0.000000 0.000000 0.000000 0.000000 0.000000 0.000000 0.000000 0.000000 0.000000 0.000000 0.000000 0.000000 0.000000 0.000000 0.000000 0.000000 0.000000 0.000000 0.000000 0.000000 0.000000 0.000000 0.000000 0.000000 0.000000 0.000000 -68.489430 46.394908 115.700405 23.269697 -50.132869 4.793151 51.149337 108.907705 67.835611 81.309632 33.773097 -128.822677 -61.888285 -106.832091 -60.808712 -57.644780 -90.760307 78.846591 -84.770149 -93.076617 -51.385055 89.404784 98.117002 33.428884 -97.672383 119.366362 89.315386 -18.902070 -117.171041 60.581186 160.098244 -64.611844 4.475393 -35.350546 -98.132643 -212.270706 -129.044559 39.143317 -17.127225 67.370401 7.306780 -48.684574 -19.340682 -120.541375 -88.369680 50.659917 -84.319979 -124.293624 91.855171 -40.335706 -3.240660 93.915923 74.757178 -65.795288 69.348668 -53.988410 -37.287276 -47.673058 61.150670 -61.218241 -109.455899 -30.888215 -43.594482 -15.409201 45.546503 57.075709 101.518435 -130.045253 75.029153 62.650582 -146.201447 -62.724521 12.633131 18.101642 -77.599594 -9.075195 -56.387427 -23.600452 135.262446 56.149626 99.925059 
0.000000 0.000000 0.000000 0.000000 0.000000 0.000000 0.000000 0.000000 0.000000 0.000000 0.000000 0.000000 0.000000 0.000000 0.000000 0.000000 0.000000 0.000000 0.000000 0.000000 0.000000 0.000000 0.000000 0.000000 0.000000 0.000000 0.000000 0.000000 0.000000 0.000000 0.000000 0.000000 0.000000 0.000000 0.000000 0.000000 0.000000 0.000000 0.000000 0.000000 0.000000 0.000000 0.000000 0.000000 0.000000 0.000000 0.000000 0.000000 0.000000 0.000000 0.000000 0.000000 0.000000 0.000000 0.000000 0.000000 0.000000 0.000000 0.000000 0.000000 0.000000 0.000000 0.000000 0.000000 0.000000 0.000000 0.000000 0.000000 0.000000 0.000000 0.000000 0.000000 0.000000 0.000000 0.000000 0.000000 0.000000 0.000000 0.000000 0.000000 0.000000 0.000000 0.000000 0.000000 0.000000 0.000000 0.000000 0.000000 0.000000 0.000000 0.000000 0.000000 0.000000 0.000000 0.000000 0.000000 0.000000 0.000000 0.000000 0.000000 0.000000 0.000000 0.000000 0.000000 0.000000 0.000000 0.000000 0.000000 0.000000 0.000000 0.000000 0.000000 0.000000 0.000000 0.000000 0.000000 0.000000 0.000000 0.000000 0.000000 5.064261 -7.988874 -0.462397 28.619948 -15.030184 -10.990132 -27.970271 -19.376073 -21.757241 -7.698159 22.288710 -12.591020 16.488172 8.431305 22.227560 8.607929 -15.029578 8.695704 21.976570 11.928262 -19.409710 -13.766136 -7.073888 21.496302 -20.716958 -7.846908 4.152212 14.582297 -10.239408 -18.350029 13.156274 -2.367743 6.822936 7.097951 24.373549 23.499350 -21.129144 -8.259911 -14.394086 9.475851 2.885961 -6.367516 0.369129 3.004634 -8.347433 22.534350 15.795537 -0.829384 -3.516347 9.745077 -5.401361 -5.637001 13.412624 -10.484408 4.024855 12.161275 -11.708727 5.390300 1.610450 22.314777 -4.613038 4.756845 2.784928 -0.571672 -6.004380 -20.054931 0.642789 -8.004824 -2.456024 24.952706 3.576060 -9.372562 -4.313740 23.056923 -2.589595 0.311098 -3.352051 -0.708460 22.698927 -12.956569 
0.000000 0.000000 0.000000 0.000000 0.000000 0.000000 0.000000 0.000000 0.000000 0.000000 0.000000 0.000000 0.000000 0.000000 0.000000 0.000000 0.000000 0.000000 0.000000 0.000000 0.000000 0.000000 0.000000 0.000000 0.000000 0.000000 0.000000 0.000000 0.000000 0.000000 0.000000 0.000000 0.000000 0.000000 0.000000 0.000000 0.000000 0.000000 0.000000 0.000000 0.000000 0.000000 0.000000 0.000000 0.000000 0.000000 0.000000 0.000000 0.000000 0.000000 0.000000 0.000000 0.000000 0.000000 0.000000 0.000000 0.000000 0.000000 0.000000 0.000000 0.000000 0.000000 0.000000 0.000000 0.000000 0.000000 0.000000 0.000000 0.000000 0.000000 0.000000 0.000000 0.000000 0.000000 0.000000 0.000000 0.000000 0.000000 0.000000 0.000000 0.000000 0.000000 0.000000 0.000000 0.000000 0.000000 0.000000 0.000000 0.000000 0.000000 0.000000 0.000000 0.000000 0.000000 0.000000 0.000000 0.000000 0.000000 0.000000 0.000000 0.000000 0.000000 0.000000 0.000000 0.000000 0.000000 0.000000 0.000000 0.000000 0.000000 0.000000 0.000000 0.000000 0.000000 0.000000 0.000000 0.000000 0.000000 0.000000 0.000000 0.000000 -9.335117 -15.336056 45.040734 -11.620858 -35.301915 -51.399723 -36.691548 -41.788278 -8.568788 47.422113 -10.057553 26.606879 7.495545 40.614823 18.448617 -34.892970 14.169941 31.240239 19.985670 -34.033883 -16.291349 -9.203389 44.370767 -29.577039 -8.250471 0.570498 13.620907 -27.885213 -44.069055 14.559164 -4.962722 15.416278 27.446856 41.221342 33.340780 -39.682950 -22.641201 -14.206445 25.261467 4.512128 -13.005151 -0.729107 15.940461 -16.463743 34.315000 9.896040 -3.794228 -12.789763 16.372864 -20.092613 -40.511058 33.578995 -19.108586 8.656856 28.433348 -32.657040 9.989134 5.103265 28.069543 -9.871949 17.150999 4.361736 5.333533 -13.107850 -38.721135 23.295477 -13.405799 -12.091978 44.940706 3.183465 -21.120486 -18.625618 54.316318 -8.723153 2.716903 -1.142294 11.529195 53.504058 -18.407923 
0.000000 0.000000 0.000000 0.000000 0.000000 0.000000 0.000000 0.000000 0.000000 0.000000 0.000000 0.000000 0.000000 0.000000 0.000000 0.000000 0.000000 0.000000 0.000000 0.000000 0.000000 0.000000 0.000000 0.000000 0.000000 0.000000 0.000000 0.000000 0.000000 0.000000 0.000000 0.000000 0.000000 0.000000 0.000000 0.000000 0.000000 0.000000 0.000000 0.000000 0.000000 0.000000 0.000000 0.000000 0.000000 0.000000 0.000000 0.000000 0.000000 0.000000 0.000000 0.000000 0.000000 0.000000 0.000000 0.000000 0.000000 0.000000 0.000000 0.000000 0.000000 0.000000 0.000000 0.000000 0.000000 0.000000 0.000000 0.000000 0.000000 0.000000 0.000000 0.000000 0.000000 0.000000 0.000000 0.000000 0.000000 0.000000 0.000000 0.000000 0.000000 0.000000 0.000000 0.000000 0.000000 0.000000 0.000000 0.000000 0.000000 0.000000 0.000000 0.000000 0.000000 0.000000 0.000000 0.000000 0.000000 0.000000 0.000000 0.000000 0.000000 0.000000 0.000000 0.000000 0.000000 0.000000 0.000000 0.000000 0.000000 0.000000 0.000000 0.000000 0.000000 0.000000 0.000000 0.000000 0.000000 0.000000 0.000000 0.000000 0.000000 0.000000 1.719823 -30.823533 25.078502 22.200740 36.918006 28.649564 21.160166 4.350588 -28.921747 6.942129 -10.158388 1.493577 -39.477642 -2.364231 18.130587 -9.832351 -13.118658 -18.762808 13.984013 6.399001 -1.988536 -30.447441 6.642074 -1.867552 -0.022338 -5.089391 19.841823 11.965669 -7.997138 3.466052 -15.749396 -10.124409 -13.758287 -16.380115 34.628023 5.981549 13.217722 -34.859799 -3.277609 6.673057 5.616320 9.295586 4.802382 -29.107365 -6.016846 -5.242532 23.014244 -15.824710 5.852462 13.294599 -10.129538 14.560816 8.659812 -18.966319 7.707007 -5.516480 9.468809 -17.454517 12.492423 -7.348247 -12.010955 0.671852 7.898337 17.451579 1.363503 10.384649 1.000398 -32.653970 9.949427 16.394784 11.084920 -37.874799 7.905042 0.676396 14.622404 -15.280643 -42.596633 18.784359 
0.000000 0.000000 0.000000 0.000000 0.000000 0.000000 0.000000 0.000000 0.000000 0.000000 0.000000 0.000000 0.000000 0.000000 0.000000 0.000000 0.000000 0.000000 0.000000 0.000000 0.000000 0.000000 0.000000 0.000000 0.000000 0.000000 0.000000 0.000000 0.000000 0.000000 0.000000 0.000000 0.000000 0.000000 0.000000 0.000000 0.000000 0.000000 0.000000 0.000000 0.000000 0.000000 0.000000 0.000000 0.000000 0.000000 0.000000 0.000000 0.000000 0.000000 0.000000 0.000000 0.000000 0.000000 0.000000 0.000000 0.000000 0.000000 0.000000 0.000000 0.000000 0.000000 0.000000 0.000000 0.000000 0.000000 0.000000 0.000000 0.000000 0.000000 0.000000 0.000000 0.000000 0.000000 0.000000 0.000000 0.000000 0.000000 0.000000 0.000000 0.000000 0.000000 0.000000 0.000000 0.000000 0.000000 0.000000 0.000000 0.000000 0.000000 0.000000 0.000000 0.000000 0.000000 0.000000 0.000000 0.000000 0.000000 0.000000 0.000000 0.000000 0.000000 0.000000 0.000000 0.000000 0.000000 0.000000 0.000000 0.000000 0.000000 0.000000 0.000000 0.000000 0.000000 0.000000 0.000000 0.000000 0.000000 0.000000 0.000000 0.000000 0.000000 0.000000 228.293519 -219.064661 -157.682400 -280.801045 -222.511148 -151.001916 -31.599460 201.863593 -54.213533 65.930932 -13.914098 316.184681 4.611387 -121.344978 81.733222 90.744179 137.767911 -89.148000 -57.828239 23.712413 225.577939 -23.666460 21.730441 1.144861 45.353042 -154.131085 -63.873517 62.277516 -26.023347 117.191508 58.894969 86.786664 126.617525 -265.782531 -16.599815 -105.718117 290.224359 44.760992 -40.048071 -37.359519 -99.297210 -27.077119 233.218157 69.480129 41.012650 -191.348473 121.461704 -27.211101 -65.642195 46.209986 -110.073042 -78.633946 142.120463 -17.485700 43.806534 -98.151178 133.683820 -103.863823 44.678237 98.074059 -17.222522 -61.027056 -113.014793 -37.344380 -94.956839 4.708564 250.643702 -84.685407 -124.793018 -67.676358 284.298600 -56.669763 -11.139368 -126.133274 106.165431 323.141575 -160.141661 
0.000000 0.000000 0.000000 0.000000 0.000000 0.000000 0.000000 0.000000 0.000000 0.000000 0.000000 0.000000 0.000000 0.000000 0.000000 0.000000 0.000000 0.000000 0.000000 0.000000 0.000000 0.000000 0.000000 0.000000 0.000000 0.000000 0.000000 0.000000 0.000000 0.000000 0.000000 0.000000 0.000000 0.000000 0.000000 0.000000 0.000000 0.000000 0.000000 0.000000 0.000000 0.000000 0.000000 0.000000 0.000000 0.000000 0.000000 0.000000 0.000000 0.000000 0.000000 0.000000 0.000000 0.000000 0.000000 0.000000 0.000000 0.000000 0.000000 0.000000 0.000000 0.000000 0.000000 0.000000 0.000000 0.000000 0.000000 0.000000 0.000000 0.000000 0.000000 0.000000 0.000000 0.000000 0.000000 0.000000 0.000000 0.000000 0.000000 0.000000 0.000000 0.000000 0.000000 0.000000 0.000000 0.000000 0.000000 0.000000 0.000000 0.000000 0.000000 0.000000 0.000000 0.000000 0.000000 0.000000 0.000000 0.000000 0.000000 0.000000 0.000000 0.000000 0.000000 0.000000 0.000000 0.000000 0.000000 0.000000 0.000000 0.000000 0.000000 0.000000 0.000000 0.000000 0.000000 0.000000 0.000000 0.000000 0.000000 0.000000 0.000000 0.000000 0.000000 0.000000 -6.679487 2.737756 10.851749 -9.010566 27.657850 4.247630 21.276815 15.175797 -21.104788 -7.130531 -10.260245 18.448415 -5.624601 6.143862 -2.519864 4.761571 6.013174 -18.534229 6.660627 7.055341 5.573604 4.098786 3.884380 18.508002 14.437377 5.210083 18.779344 4.468212 0.602730 4.497332 18.816666 -3.195871 1.819055 17.344291 18.072631 3.478047 -2.729970 20.705159 -3.536282 -5.472841 1.743837 -12.367630 12.350085 -27.734372 -9.153120 -23.266193 -5.295977 -18.124811 2.580193 -4.078536 3.838315 4.903042 20.924067 -2.343321 18.923138 9.007261 -6.216001 -14.926452 9.239646 2.189482 -17.608929 -3.183388 16.410482 0.582559 -12.494663 -1.802830 -7.539686 -18.853705 -24.474500 -17.255451 12.699963 -10.974344 -8.010106 -28.900328 -23.355085 -18.840737 
0.000000 0.000000 0.000000 0.000000 0.000000 0.000000 0.000000 0.000000 0.000000 0.000000 0.000000 0.000000 0.000000 0.000000 0.000000 0.000000 0.000000 0.000000 0.000000 0.000000 0.000000 0.000000 0.000000 0.000000 0.000000 0.000000 0.000000 0.000000 0.000000 0.000000 0.000000 0.000000 0.000000 0.000000 0.000000 0.000000 0.000000 0.000000 0.000000 0.000000 0.000000 0.000000 0.000000 0.000000 0.000000 0.000000 0.000000 0.000000 0.000000 0.000000 0.000000 0.000000 0.000000 0.000000 0.000000 0.000000 0.000000 0.000000 0.000000 0.000000 0.000000 0.000000 0.000000 0.000000 0.000000 0.000000 0.000000 0.000000 0.000000 0.000000 0.000000 0.000000 0.000000 0.000000 0.000000 0.000000 0.000000 0.000000 0.000000 0.000000 0.000000 0.000000 0.000000 0.000000 0.000000 0.000000 0.000000 0.000000 0.000000 0.000000 0.000000 0.000000 0.000000 0.000000 0.000000 0.000000 0.000000 0.000000 0.000000 0.000000 0.000000 0.000000 0.000000 0.000000 0.000000 0.000000 0.000000 0.000000 0.000000 0.000000 0.000000 0.000000 0.000000 0.000000 0.000000 0.000000 0.000000 0.000000 0.000000 0.000000 0.000000 0.000000 0.000000 0.000000 0.000000 -10.543662 -57.134289 27.020401 -120.782433 -18.043026 -92.663534 -61.605256 86.589136 27.335571 54.096325 -79.165452 21.679788 -19.470643 10.996805 -16.954105 -20.971771 68.468145 -32.422801 -27.769408 -11.735489 -13.222166 -18.176220 -72.556628 -70.921109 -16.813003 -75.193729 -12.132518 0.102326 -21.607895 -82.068861 19.392644 -16.769644 -58.198324 -81.569097 3.144911 20.470963 -87.004481 15.229800 16.037597 -7.662134 64.142662 -41.809268 112.697965 26.744308 100.187301 33.232427 89.879032 -17.670817 13.032620 -21.764771 -22.506988 -70.405111 12.611836 -92.827015 -31.950700 18.740479 55.664129 -37.306790 -16.754781 70.267850 16.456458 -75.698888 -10.170533 60.291328 10.701609 27.805025 75.747814 109.212982 79.361114 -54.441783 43.842509 27.339837 120.048937 109.702816 70.632936 
0.000000 0.000000 0.000000 0.000000 0.000000 0.000000 0.000000 0.000000 0.000000 0.000000 0.000000 0.000000 0.000000 0.000000 0.000000 0.000000 0.000000 0.000000 0.000000 0.000000 0.000000 0.000000 0.000000 0.000000 0.000000 0.000000 0.000000 0.000000 0.000000 0.000000 0.000000 0.000000 0.000000 0.000000 0.000000 0.000000 0.000000 0.000000 0.000000 0.000000 0.000000 0.000000 0.000000 0.000000 0.000000 0.000000 0.000000 0.000000 0.000000 0.000000 0.000000 0.000000 0.000000 0.000000 0.000000 0.000000 0.000000 0.000000 0.000000 0.000000 0.000000 0.000000 0.000000 0.000000 0.000000 0.000000 0.000000 0.000000 0.000000 0.000000 0.000000 0.000000 0.000000 0.000000 0.000000 0.000000 0.000000 0.000000 0.000000 0.000000 0.000000 0.000000 0.000000 0.000000 0.000000 0.000000 0.000000 0.000000 0.000000 0.000000 0.000000 0.000000 0.000000 0.000000 0.000000 0.000000 0.000000 0.000000 0.000000 0.000000 0.000000 0.000000 0.000000 0.000000 0.000000 0.000000 0.000000 0.000000 0.000000 0.000000 0.000000 0.000000 0.000000 0.000000 0.000000 0.000000 0.000000 0.000000 0.000000 0.000000 0.000000 0.000000 0.000000 0.000000 0.000000 0.000000 15.192652 -4.020048 40.025794 6.721933 30.552423 25.374743 -29.334576 -16.223392 -32.822606 26.680590 -19.649671 -4.605467 -6.783578 14.450045 -2.214757 -12.309829 -5.357635 1.768154 -16.074800 6.023817 -1.694588 15.410600 19.420681 -5.240393 18.892940 18.856890 8.039065 7.756949 24.217896 -11.017174 5.245512 1.968325 15.109747 -14.745411 -35.883551 5.926465 -19.927703 15.405285 -6.471659 -29.270826 -24.070110 -31.196804 -4.422354 -22.744305 -5.359764 -36.251484 35.588989 -7.264369 10.759915 -8.707371 -3.260354 -11.541566 43.231908 -3.248571 4.363746 -15.726087 6.085692 3.681051 -10.768341 -14.177636 29.648579 34.075058 -17.737361 -14.435580 -6.042404 -17.268592 -49.282402 -25.673790 10.126164 -7.764673 -1.789670 -24.796976 -42.388271 6.204559 
0.000000 0.000000 0.000000 0.000000 0.000000 0.000000 0.000000 0.000000 0.000000 0.000000 0.000000 0.000000 0.000000 0.000000 0.000000 0.000000 0.000000 0.000000 0.000000 0.000000 0.000000 0.000000 0.000000 0.000000 0.000000 0.000000 0.000000 0.000000 0.000000 0.000000 0.000000 0.000000 0.000000 0.000000 0.000000 0.000000 0.000000 0.000000 0.000000 0.000000 0.000000 0.000000 0.000000 0.000000 0.000000 0.000000 0.000000 0.000000 0.000000 0.000000 0.000000 0.000000 0.000000 0.000000 0.000000 0.000000 0.000000 0.000000 0.000000 0.000000 0.000000 0.000000 0.000000 0.000000 0.000000 0.000000 0.000000 0.000000 0.000000 0.000000 0.000000 0.000000 0.000000 0.000000 0.000000 0.000000 0.000000 0.000000 0.000000 0.000000 0.000000 0.000000 0.000000 0.000000 0.000000 0.000000 0.000000 0.000000 0.000000 0.000000 0.000000 0.000000 0.000000 0.000000 0.000000 0.000000 0.000000 0.000000 0.000000 0.000000 0.000000 0.000000 0.000000 0.000000 0.000000 0.000000 0.000000 0.000000 0.000000 0.000000 0.000000 0.000000 0.000000 0.000000 0.000000 0.000000 0.000000 0.000000 0.000000 0.000000 0.000000 0.000000 0.000000 0.000000 0.000000 0.000000 0.000000 -8.436716 31.338339 3.585380 13.890183 25.427531 -26.982593 -11.949195 1.669139 13.735719 -11.562959 0.706257 -17.125766 5.683096 4.880994 -12.635580 2.557118 16.375564 3.567097 2.201844 9.963993 6.493086 13.989894 -0.224245 22.972505 6.938251 10.641010 7.651992 15.631658 0.436960 -1.337062 6.692315 5.025199 22.081656 -7.696351 29.352209 -10.687582 -3.007014 4.578416 -14.756578 2.695402 -26.919182 -16.302534 -14.393020 -11.916472 -26.797579 2.857666 -10.580541 1.897921 -2.944079 17.876182 -9.302262 11.253949 -8.069738 10.491629 -2.497729 16.466187 -6.419537 0.657254 -0.934409 13.235856 17.927432 -17.097895 15.077211 -4.627082 -18.633040 -37.376287 -2.916246 8.476715 3.025229 -6.610260 -23.009768 -26.573177 -17.703265 
0.000000 0.000000 0.000000 0.000000 0.000000 0.000000 0.000000 0.000000 0.000000 0.000000 0.000000 0.000000 0.000000 0.000000 0.000000 0.000000 0.000000 0.000000 0.000000 0.000000 0.000000 0.000000 0.000000 0.000000 0.000000 0.000000 0.000000 0.000000 0.000000 0.000000 0.000000 0.000000 0.000000 0.000000 0.000000 0.000000 0.000000 0.000000 0.000000 0.000000 0.000000 0.000000 0.000000 0.000000 0.000000 0.000000 0.000000 0.000000 0.000000 0.000000 0.000000 0.000000 0.000000 0.000000 0.000000 0.000000 0.000000 0.000000 0.000000 0.000000 0.000000 0.000000 0.000000 0.000000 0.000000 0.000000 0.000000 0.000000 0.000000 0.000000 0.000000 0.000000 0.000000 0.000000 0.000000 0.000000 0.000000 0.000000 0.000000 0.000000 0.000000 0.000000 0.000000 0.000000 0.000000 0.000000 0.000000 0.000000 0.000000 0.000000 0.000000 0.000000 0.000000 0.000000 0.000000 0.000000 0.000000 0.000000 0.000000 0.000000 0.000000 0.000000 0.000000 0.000000 0.000000 0.000000 0.000000 0.000000 0.000000 0.000000 0.000000 0.000000 0.000000 0.000000 0.000000 0.000000 0.000000 0.000000 0.000000 0.000000 0.000000 0.000000 0.000000 0.000000 0.000000 0.000000 0.000000 0.000000 80.225187 6.264087 24.683677 53.131164 -65.752246 -35.127303 -42.425516 38.929371 -47.305903 -12.587750 -39.461404 13.785845 -6.847550 -14.080435 -22.169656 18.432208 -17.229596 12.175479 -3.829903 10.215254 21.426465 -12.805229 35.514086 43.745439 31.611636 19.055705 27.576690 -7.633249 -0.319203 -9.515665 8.352985 3.921306 -69.371147 20.406147 -44.233677 37.932844 -8.349983 -57.432705 -58.621625 -54.223569 -20.411970 -30.782645 -7.241460 -61.939410 63.631896 -12.334851 20.742800 -33.755048 -2.153253 -21.534151 56.502544 -30.250007 40.353203 -10.484182 18.764743 -7.707127 8.485992 -10.900702 45.342902 91.835036 -27.603186 -0.114576 -3.410376 -28.417830 -100.513959 -22.788633 19.634527 5.412899 1.171092 -26.730600 -78.196994 22.515975 
0.000000 0.000000 0.000000 0.000000 0.000000 0.000000 0.000000 0.000000 0.000000 0.000000 0.000000 0.000000 0.000000 0.000000 0.000000 0.000000 0.000000 0.000000 0.000000 0.000000 0.000000 0.000000 0.000000 0.000000 0.000000 0.000000 0.000000 0.000000 0.000000 0.000000 0.000000 0.000000 0.000000 0.000000 0.000000 0.000000 0.000000 0.000000 0.000000 0.000000 0.000000 0.000000 0.000000 0.000000 0.000000 0.000000 0.000000 0.000000 0.000000 0.000000 0.000000 0.000000 0.000000 0.000000 0.000000 0.000000 0.000000 0.000000 0.000000 0.000000 0.000000 0.000000 0.000000 0.000000 0.000000 0.000000 0.000000 0.000000 0.000000 0.000000 0.000000 0.000000 0.000000 0.000000 0.000000 0.000000 0.000000 0.000000 0.000000 0.000000 0.000000 0.000000 0.000000 0.000000 0.000000 0.000000 0.000000 0.000000 0.000000 0.000000 0.000000 0.000000 0.000000 0.000000 0.000000 0.000000 0.000000 0.000000 0.000000 0.000000 0.000000 0.000000 0.000000 0.000000 0.000000 0.000000 0.000000 0.000000 0.000000 0.000000 0.000000 0.000000 0.000000 0.000000 0.000000 0.000000 0.000000 0.000000 0.000000 0.000000 0.000000 0.000000 0.000000 0.000000 0.000000 0.000000 0.000000 0.000000 0.000000 1.658889 11.790715 21.756433 -6.644068 -12.120560 -27.210072 10.138488 -24.801874 -25.509016 1.180762 16.823797 -16.567761 1.067832 -45.848671 3.399818 -55.998070 -10.650560 13.600938 -14.220857 18.366185 -31.279120 17.559475 25.669106 1.838060 6.175992 17.539596 -0.348213 5.081202 -29.728881 -38.662404 -24.358708 -46.182614 -10.426403 -37.586476 35.108329 -17.722561 -24.384061 -48.385303 5.238558 13.280532 8.662758 -2.992650 -28.994628 42.596660 -21.996104 17.238761 -39.685710 -51.798298 -33.226848 24.739723 -29.566219 39.277438 2.049365 -8.272681 -14.534535 33.667330 -28.569169 5.572439 69.303316 -13.353106 -5.844188 19.309063 11.301604 -34.275595 1.823269 -11.253574 34.260369 26.380443 -4.605863 -18.898200 30.836726 
0.000000 0.000000 0.000000 0.000000 0.000000 0.000000 0.000000 0.000000 0.000000 0.000000 0.000000 0.000000 0.000000 0.000000 0.000000 0.000000 0.000000 0.000000 0.000000 0.000000 0.000000 0.000000 0.000000 0.000000 0.000000 0.000000 0.000000 0.000000 0.000000 0.000000 0.000000 0.000000 0.000000 0.000000 0.000000 0.000000 0.000000 0.000000 0.000000 0.000000 0.000000 0.000000 0.000000 0.000000 0.000000 0.000000 0.000000 0.000000 0.000000 0.000000 0.000000 0.000000 0.000000 0.000000 0.000000 0.000000 0.000000 0.000000 0.000000 0.000000 0.000000 0.000000 0.000000 0.000000 0.000000 0.000000 0.000000 0.000000 0.000000 0.000000 0.000000 0.000000 0.000000 0.000000 0.000000 0.000000 0.000000 0.000000 0.000000 0.000000 0.000000 0.000000 0.000000 0.000000 0.000000 0.000000 0.000000 0.000000 0.000000 0.000000 0.000000 0.000000 0.000000 0.000000 0.000000 0.000000 0.000000 0.000000 0.000000 0.000000 0.000000 0.000000 0.000000 0.000000 0.000000 0.000000 0.000000 0.000000 0.000000 0.000000 0.000000 0.000000 0.000000 0.000000 0.000000 0.000000 0.000000 0.000000 0.000000 0.000000 0.000000 0.000000 0.000000 0.000000 0.000000 0.000000 0.000000 0.000000 0.000000 0.000000 -4.725105 -6.257327 6.292357 3.277036 12.836832 -8.171169 10.090290 11.725275 5.918698 -16.926087 3.989792 -4.043505 16.329617 5.860806 18.904886 -3.445293 0.185019 0.534124 -2.901152 7.248037 -0.600149 -10.923905 -2.081862 -4.281674 -4.105790 5.160518 -0.702566 15.533884 5.693976 10.019904 23.051935 12.686621 19.780914 -13.371464 3.667732 8.660218 23.666137 -1.148536 -5.003258 -9.857721 -1.128553 9.114258 -26.819171 9.713542 -0.838521 13.472499 22.762004 6.756949 -12.458061 12.318164 -6.342167 1.381818 5.668375 0.863562 -9.637232 10.145712 -4.333642 -24.393183 2.055065 10.775778 -0.689742 -0.543582 17.914032 0.951258 11.028083 -6.178497 -4.244879 -4.877881 5.267426 -17.550246 
0.000000 0.000000 0.000000 0.000000 0.000000 0.000000 0.000000 0.000000 0.000000 0.000000 0.000000 0.000000 0.000000 0.000000 0.000000 0.000000 0.000000 0.000000 0.000000 0.000000 0.000000 0.000000 0.000000 0.000000 0.000000 0.000000 0.000000 0.000000 0.000000 0.000000 0.000000 0.000000 0.000000 0.000000 0.000000 0.000000 0.000000 0.000000 0.000000 0.000000 0.000000 0.000000 0.000000 0.000000 0.000000 0.000000 0.000000 0.000000 0.000000 0.000000 0.000000 0.000000 0.000000 0.000000 0.000000 0.000000 0.000000 0.000000 0.000000 0.000000 0.000000 0.000000 0.000000 0.000000 0.000000 0.000000 0.000000 0.000000 0.000000 0.000000 0.000000 0.000000 0.000000 0.000000 0.000000 0.000000 0.000000 0.000000 0.000000 0.000000 0.000000 0.000000 0.000000 0.000000 0.000000 0.000000 0.000000 0.000000 0.000000 0.000000 0.000000 0.000000 0.000000 0.000000 0.000000 0.000000 0.000000 0.000000 0.000000 0.000000 0.000000 0.000000 0.000000 0.000000 0.000000 0.000000 0.000000 0.000000 0.000000 0.000000 0.000000 0.000000 0.000000 0.000000 0.000000 0.000000 0.000000 0.000000 0.000000 0.000000 0.000000 0.000000 0.000000 0.000000 0.000000 0.000000 0.000000 0.000000 0.000000 0.000000 0.000000 18.617460 1.715193 -14.652627 -2.877053 -8.710631 -17.641238 -5.677729 27.513744 -64.368545 -22.084048 -31.288204 -48.360803 50.689453 -43.511919 -41.449663 39.655449 -37.333757 33.479126 -47.640251 51.362203 9.685007 -21.588547 2.596399 16.495995 27.601809 10.686215 -3.992418 -68.322531 -14.018121 4.699292 54.141398 -9.460540 30.575483 -27.938108 -40.034139 1.360180 15.122130 13.534370 -33.608660 -13.779419 -33.957463 -29.266576 -4.442110 56.708078 -40.706271 -27.447490 -47.749741 -8.819203 -21.601821 84.434988 6.621657 9.196353 -39.597128 46.550104 -11.626696 -13.168657 70.626797 -24.709463 39.106634 53.598051 27.687449 -1.836780 14.196653 27.415339 63.542636 50.566710 -40.741052 -12.996293 -7.183251 
0.000000 0.000000 0.000000 0.000000 0.000000 0.000000 0.000000 0.000000 0.000000 0.000000 0.000000 0.000000 0.000000 0.000000 0.000000 0.000000 0.000000 0.000000 0.000000 0.000000 0.000000 0.000000 0.000000 0.000000 0.000000 0.000000 0.000000 0.000000 0.000000 0.000000 0.000000 0.000000 0.000000 0.000000 0.000000 0.000000 0.000000 0.000000 0.000000 0.000000 0.000000 0.000000 0.000000 0.000000 0.000000 0.000000 0.000000 0.000000 0.000000 0.000000 0.000000 0.000000 0.000000 0.000000 0.000000 0.000000 0.000000 0.000000 0.000000 0.000000 0.000000 0.000000 0.000000 0.000000 0.000000 0.000000 0.000000 0.000000 0.000000 0.000000 0.000000 0.000000 0.000000 0.000000 0.000000 0.000000 0.000000 0.000000 0.000000 0.000000 0.000000 0.000000 0.000000 0.000000 0.000000 0.000000 0.000000 0.000000 0.000000 0.000000 0.000000 0.000000 0.000000 0.000000 0.000000 0.000000 0.000000 0.000000 0.000000 0.000000 0.000000 0.000000 0.000000 0.000000 0.000000 0.000000 0.000000 0.000000 0.000000 0.000000 0.000000 0.000000 0.000000 0.000000 0.000000 0.000000 0.000000 0.000000 0.000000 0.000000 0.000000 0.000000 0.000000 0.000000 0.000000 0.000000 0.000000 0.000000 0.000000 0.000000 0.000000 0.000000 9.781737 -9.471617 0.423404 -3.926544 -15.474271 16.899536 25.962252 -63.668049 -18.170989 -26.400149 -17.764872 34.064651 -10.723521 -25.949834 9.947408 -15.452313 6.984225 -32.546379 26.926169 2.612869 -10.765046 3.878078 4.408438 16.080213 8.104120 9.592568 -24.313490 -18.460483 9.885965 37.799138 7.809454 29.521879 -26.099808 -36.203830 10.709146 6.417779 12.497162 -33.235362 -10.214176 -17.704243 -21.570483 9.314910 45.851434 -12.359994 -6.858604 -22.019066 -1.174057 6.771223 46.560252 -4.074285 8.461930 -20.900609 14.229385 1.628527 7.161041 33.870487 -6.278860 22.742034 35.042239 17.322281 7.703371 5.878968 23.132674 21.297985 27.347743 -21.627287 -10.319764 -4.574078 
0.000000 0.000000 0.000000 0.000000 0.000000 0.000000 0.000000 0.000000 0.000000 0.000000 0.000000 0.000000 0.000000 0.000000 0.000000 0.000000 0.000000 0.000000 0.000000 0.000000 0.000000 0.000000 0.000000 0.000000 0.000000 0.000000 0.000000 0.000000 0.000000 0.000000 0.000000 0.000000 0.000000 0.000000 0.000000 0.000000 0.000000 0.000000 0.000000 0.000000 0.000000 0.000000 0.000000 0.000000 0.000000 0.000000 0.000000 0.000000 0.000000 0.000000 0.000000 0.000000 0.000000 0.000000 0.000000 0.000000 0.000000 0.000000 0.000000 0.000000 0.000000 0.000000 0.000000 0.000000 0.000000 0.000000 0.000000 0.000000 0.000000 0.000000 0.000000 0.000000 0.000000 0.000000 0.000000 0.000000 0.000000 0.000000 0.000000 0.000000 0.000000 0.000000 0.000000 0.000000 0.000000 0.000000 0.000000 0.000000 0.000000 0.000000 0.000000 0.000000 0.000000 0.000000 0.000000 0.000000 0.000000 0.000000 0.000000 0.000000 0.000000 0.000000 0.000000 0.000000 0.000000 0.000000 0.000000 0.000000 0.000000 0.000000 0.000000 0.000000 0.000000 0.000000 0.000000 0.000000 0.000000 0.000000 0.000000 0.000000 0.000000 0.000000 0.000000 0.000000 0.000000 0.000000 0.000000 0.000000 0.000000 0.000000 0.000000 0.000000 0.000000 37.235726 41.002367 -35.540195 94.507808 -39.154189 -85.920151 200.771515 87.245283 121.864674 125.834320 -111.174819 86.922921 85.953879 -23.756580 39.759275 -28.291280 151.121866 -119.321903 -46.638541 47.047210 -34.692447 -48.376241 -65.324689 -34.025973 1.401073 86.900174 117.452932 9.451194 -114.630525 38.231382 -163.371989 120.417162 168.352286 -1.639564 -8.211036 -73.381452 119.860150 30.620926 92.438095 -8.932798 1.037658 -204.744921 88.904244 81.762384 85.663988 -42.866443 14.363490 -191.283089 27.417865 0.710502 72.288239 -73.116250 28.985229 -58.258005 -187.187711 29.357088 -45.434769 -141.954251 -55.366804 27.368716 -9.380417 -62.875156 -89.257816 -130.022027 93.165515 56.946337 -28.046718 
0.000000 0.000000 0.000000 0.000000 0.000000 0.000000 0.000000 0.000000 0.000000 0.000000 0.000000 0.000000 0.000000 0.000000 0.000000 0.000000 0.000000 0.000000 0.000000 0.000000 0.000000 0.000000 0.000000 0.000000 0.000000 0.000000 0.000000 0.000000 0.000000 0.000000 0.000000 0.000000 0.000000 0.000000 0.000000 0.000000 0.000000 0.000000 0.000000 0.000000 0.000000 0.000000 0.000000 0.000000 0.000000 0.000000 0.000000 0.000000 0.000000 0.000000 0.000000 0.000000 0.000000 0.000000 0.000000 0.000000 0.000000 0.000000 0.000000 0.000000 0.000000 0.000000 0.000000 0.000000 0.000000 0.000000 0.000000 0.000000 0.000000 0.000000 0.000000 0.000000 0.000000 0.000000 0.000000 0.000000 0.000000 0.000000 0.000000 0.000000 0.000000 0.000000 0.000000 0.000000 0.000000 0.000000 0.000000 0.000000 0.000000 0.000000 0.000000 0.000000 0.000000 0.000000 0.000000 0.000000 0.000000 0.000000 0.000000 0.000000 0.000000 0.000000 0.000000 0.000000 0.000000 0.000000 0.000000 0.000000 0.000000 0.000000 0.000000 0.000000 0.000000 0.000000 0.000000 0.000000 0.000000 0.000000 0.000000 0.000000 0.000000 0.000000 0.000000 0.000000 0.000000 0.000000 0.000000 0.000000 0.000000 0.000000 0.000000 0.000000 0.000000 0.000000 14.277403 -23.251591 11.133512 0.007224 -7.878183 -39.259331 10.734751 6.348393 10.347120 17.940106 24.272841 3.451145 10.102215 -18.355073 -0.771765 4.604264 -7.836892 -14.997945 -7.726010 -2.696136 -35.844468 -10.747761 0.137743 4.652671 -6.286846 15.150222 18.623896 21.113461 14.565008 -15.509490 13.014505 -4.939290 9.099661 17.096609 -10.458204 -10.686289 -2.044564 -2.268694 -44.388379 26.816492 -5.888236 18.988069 5.424764 6.080802 -30.423759 12.754218 1.170501 -0.254047 8.787932 -10.193313 4.097996 25.515857 -26.068479 -6.650468 -0.100865 9.659735 3.929920 13.839068 28.613592 9.198330 12.377995 0.884558 -8.795623 10.644684 22.794600 -9.293286 
0.000000 0.000000 0.000000 0.000000 0.000000 0.000000 0.000000 0.000000 0.000000 0.000000 0.000000 0.000000 0.000000 0.000000 0.000000 0.000000 0.000000 0.000000 0.000000 0.000000 0.000000 0.000000 0.000000 0.000000 0.000000 0.000000 0.000000 0.000000 0.000000 0.000000 0.000000 0.000000 0.000000 0.000000 0.000000 0.000000 0.000000 0.000000 0.000000 0.000000 0.000000 0.000000 0.000000 0.000000 0.000000 0.000000 0.000000 0.000000 0.000000 0.000000 0.000000 0.000000 0.000000 0.000000 0.000000 0.000000 0.000000 0.000000 0.000000 0.000000 0.000000 0.000000 0.000000 0.000000 0.000000 0.000000 0.000000 0.000000 0.000000 0.000000 0.000000 0.000000 0.000000 0.000000 0.000000 0.000000 0.000000 0.000000 0.000000 0.000000 0.000000 0.000000 0.000000 0.000000 0.000000 0.000000 0.000000 0.000000 0.000000 0.000000 0.000000 0.000000 0.000000 0.000000 0.000000 0.000000 0.000000 0.000000 0.000000 0.000000 0.000000 0.000000 0.000000 0.000000 0.000000 0.000000 0.000000 0.000000 0.000000 0.000000 0.000000 0.000000 0.000000 0.000000 0.000000 0.000000 0.000000 0.000000 0.000000 0.000000 0.000000 0.000000 0.000000 0.000000 0.000000 0.000000 0.000000 0.000000 0.000000 0.000000 0.000000 0.000000 0.000000 0.000000 0.000000 3.406971 -10.234620 11.037149 2.060667 -52.822270 -9.900501 -22.337045 -16.360432 37.697756 8.869584 -15.307517 10.782146 -4.629521 3.384150 -26.090599 22.342203 -4.481162 -12.390482 15.274145 -13.843219 3.442875 9.053656 -0.297022 1.029697 -13.871635 3.901072 40.283645 -6.900632 27.077306 -8.089186 -39.799202 9.771340 11.562310 10.064904 -27.686232 -18.473388 -24.608834 -14.212737 14.756080 35.648162 -0.633367 -11.200584 -4.341385 -5.291121 14.471198 31.382804 -6.950596 2.130255 -16.082104 11.442852 10.129051 9.998703 30.899806 -5.153373 12.732490 25.289728 10.279110 4.060970 1.591321 7.739307 13.430812 12.988581 -10.835289 2.146603 -3.175563 
0.000000 0.000000 0.000000 0.000000 0.000000 0.000000 0.000000 0.000000 0.000000 0.000000 0.000000 0.000000 0.000000 0.000000 0.000000 0.000000 0.000000 0.000000 0.000000 0.000000 0.000000 0.000000 0.000000 0.000000 0.000000 0.000000 0.000000 0.000000 0.000000 0.000000 0.000000 0.000000 0.000000 0.000000 0.000000 0.000000 0.000000 0.000000 0.000000 0.000000 0.000000 0.000000 0.000000 0.000000 0.000000 0.000000 0.000000 0.000000 0.000000 0.000000 0.000000 0.000000 0.000000 0.000000 0.000000 0.000000 0.000000 0.000000 0.000000 0.000000 0.000000 0.000000 0.000000 0.000000 0.000000 0.000000 0.000000 0.000000 0.000000 0.000000 0.000000 0.000000 0.000000 0.000000 0.000000 0.000000 0.000000 0.000000 0.000000 0.000000 0.000000 0.000000 0.000000 0.000000 0.000000 0.000000 0.000000 0.000000 0.000000 0.000000 0.000000 0.000000 0.000000 0.000000 0.000000 0.000000 0.000000 0.000000 0.000000 0.000000 0.000000 0.000000 0.000000 0.000000 0.000000 0.000000 0.000000 0.000000 0.000000 0.000000 0.000000 0.000000 0.000000 0.000000 0.000000 0.000000 0.000000 0.000000 0.000000 0.000000 0.000000 0.000000 0.000000 0.000000 0.000000 0.000000 0.000000 0.000000 0.000000 0.000000 0.000000 0.000000 0.000000 0.000000 0.000000 0.000000 -61.396576 48.415549 -8.661825 -361.170774 -50.745008 -107.493730 -104.125363 245.084429 71.248947 -78.323670 73.626980 -62.573216 18.994424 -150.423507 116.169074 -36.519751 -90.722225 92.615628 -144.970557 -5.768305 55.843257 -18.061795 -0.922520 -77.290598 12.842574 248.720468 -52.519987 169.968218 -35.351455 -266.208462 23.667872 109.460417 46.022488 -163.934834 -106.140326 -163.484328 -106.029277 128.155369 203.665119 7.493130 -95.524720 -20.063060 -58.335968 97.211930 198.700124 -45.042399 14.238926 -108.175572 82.856347 88.867721 28.518191 210.642598 -26.997893 66.767228 154.750663 87.806153 45.352897 28.284438 45.260510 81.503762 71.887218 -27.093316 48.897970 8.046029 
0.000000 0.000000 0.000000 0.000000 0.000000 0.000000 0.000000 0.000000 0.000000 0.000000 0.000000 0.000000 0.000000 0.000000 0.000000 0.000000 0.000000 0.000000 0.000000 0.000000 0.000000 0.000000 0.000000 0.000000 0.000000 0.000000 0.000000 0.000000 0.000000 0.000000 0.000000 0.000000 0.000000 0.000000 0.000000 0.000000 0.000000 0.000000 0.000000 0.000000 0.000000 0.000000 0.000000 0.000000 0.000000 0.000000 0.000000 0.000000 0.000000 0.000000 0.000000 0.000000 0.000000 0.000000 0.000000 0.000000 0.000000 0.000000 0.000000 0.000000 0.000000 0.000000 0.000000 0.000000 0.000000 0.000000 0.000000 0.000000 0.000000 0.000000 0.000000 0.000000 0.000000 0.000000 0.000000 0.000000 0.000000 0.000000 0.000000 0.000000 0.000000 0.000000 0.000000 0.000000 0.000000 0.000000 0.000000 0.000000 0.000000 0.000000 0.000000 0.000000 0.000000 0.000000 0.000000 0.000000 0.000000 0.000000 0.000000 0.000000 0.000000 0.000000 0.000000 0.000000 0.000000 0.000000 0.000000 0.000000 0.000000 0.000000 0.000000 0.000000 0.000000 0.000000 0.000000 0.000000 0.000000 0.000000 0.000000 0.000000 0.000000 0.000000 0.000000 0.000000 0.000000 0.000000 0.000000 0.000000 0.000000 0.000000 0.000000 0.000000 0.000000 0.000000 0.000000 0.000000 0.000000 27.405013 40.824739 -61.992900 -19.944024 -80.904291 -30.028979 59.489718 -24.635386 -54.647921 37.677397 11.331161 28.745066 -53.843930 71.786369 -8.180936 -17.350189 3.479978 39.261588 50.733062 24.058570 23.888890 -36.627959 -25.154349 40.160830 80.274028 10.071362 17.304675 -23.927732 -27.046673 73.634467 -11.172553 30.052407 -61.287226 -43.683995 -26.439374 -45.667361 -2.581775 86.737504 -18.813194 10.450171 -25.405262 -9.319063 2.503648 59.885837 -1.962273 3.048425 -35.347771 17.687002 -15.952781 10.533457 22.330012 -24.663254 44.677579 51.790428 1.762883 6.322257 -15.674913 37.078421 50.705556 43.264809 -88.247800 -21.039290 -52.871675 
0.000000 0.000000 0.000000 0.000000 0.000000 0.000000 0.000000 0.000000 0.000000 0.000000 0.000000 0.000000 0.000000 0.000000 0.000000 0.000000 0.000000 0.000000 0.000000 0.000000 0.000000 0.000000 0.000000 0.000000 0.000000 0.000000 0.000000 0.000000 0.000000 0.000000 0.000000 0.000000 0.000000 0.000000 0.000000 0.000000 0.000000 0.000000 0.000000 0.000000 0.000000 0.000000 0.000000 0.000000 0.000000 0.000000 0.000000 0.000000 0.000000 0.000000 0.000000 0.000000 0.000000 0.000000 0.000000 0.000000 0.000000 0.000000 0.000000 0.000000 0.000000 0.000000 0.000000 0.000000 0.000000 0.000000 0.000000 0.000000 0.000000 0.000000 0.000000 0.000000 0.000000 0.000000 0.000000 0.000000 0.000000 0.000000 0.000000 0.000000 0.000000 0.000000 0.000000 0.000000 0.000000 0.000000 0.000000 0.000000 0.000000 0.000000 0.000000 0.000000 0.000000 0.000000 0.000000 0.000000 0.000000 0.000000 0.000000 0.000000 0.000000 0.000000 0.000000 0.000000 0.000000 0.000000 0.000000 0.000000 0.000000 0.000000 0.000000 0.000000 0.000000 0.000000 0.000000 0.000000 0.000000 0.000000 0.000000 0.000000 0.000000 0.000000 0.000000 0.000000 0.000000 0.000000 0.000000 0.000000 0.000000 0.000000 0.000000 0.000000 0.000000 0.000000 0.000000 0.000000 0.000000 0.000000 19.149009 -19.341783 -7.695223 0.690663 -1.619047 2.569383 -4.182902 -8.381006 -1.251210 -12.605231 6.653284 1.473927 8.596335 4.844656 -4.177406 -10.758398 14.217022 16.183796 -2.832209 16.390596 -13.988723 -3.384057 15.479553 4.952477 13.258785 1.389102 -11.747137 11.932089 6.527365 -6.632704 -5.681754 -18.368917 10.567001 6.011287 -17.509405 5.838388 5.434620 -5.641949 16.156364 -10.575805 7.182591 -1.079383 3.613853 7.160472 -0.229847 2.178378 -2.352752 -10.066993 -2.765288 -4.792123 -8.443049 9.472374 6.825347 5.770607 8.857341 0.222449 23.446279 5.104646 17.616030 -14.778869 -7.864294 -4.213992 
0.000000 0.000000 0.000000 0.000000 0.000000 0.000000 0.000000 0.000000 0.000000 0.000000 0.000000 0.000000 0.000000 0.000000 0.000000 0.000000 0.000000 0.000000 0.000000 0.000000 0.000000 0.000000 0.000000 0.000000 0.000000 0.000000 0.000000 0.000000 0.000000 0.000000 0.000000 0.000000 0.000000 0.000000 0.000000 0.000000 0.000000 0.000000 0.000000 0.000000 0.000000 0.000000 0.000000 0.000000 0.000000 0.000000 0.000000 0.000000 0.000000 0.000000 0.000000 0.000000 0.000000 0.000000 0.000000 0.000000 0.000000 0.000000 0.000000 0.000000 0.000000 0.000000 0.000000 0.000000 0.000000 0.000000 0.000000 0.000000 0.000000 0.000000 0.000000 0.000000 0.000000 0.000000 0.000000 0.000000 0.000000 0.000000 0.000000 0.000000 0.000000 0.000000 0.000000 0.000000 0.000000 0.000000 0.000000 0.000000 0.000000 0.000000 0.000000 0.000000 0.000000 0.000000 0.000000 0.000000 0.000000 0.000000 0.000000 0.000000 0.000000 0.000000 0.000000 0.000000 0.000000 0.000000 0.000000 0.000000 0.000000 0.000000 0.000000 0.000000 0.000000 0.000000 0.000000 0.000000 0.000000 0.000000 0.000000 0.000000 0.000000 0.000000 0.000000 0.000000 0.000000 0.000000 0.000000 0.000000 0.000000 0.000000 0.000000 0.000000 0.000000 0.000000 0.000000 0.000000 0.000000 0.000000 0.000000 17.635755 -2.478764 -0.364467 -1.913896 -3.620322 -11.210319 -6.026481 2.318038 -2.440231 7.285914 2.627942 4.983627 6.007555 9.330990 -5.684949 11.551932 10.349805 2.304647 -0.922984 -6.045844 5.638967 -9.550218 -7.180587 -6.624209 1.218662 -2.872429 9.207057 -9.750169 1.012952 -2.330070 4.559502 -3.910498 4.055951 8.312618 -2.999882 1.009991 -15.499959 -3.332665 -4.373559 5.516847 -15.239322 5.692023 9.700933 -2.497496 -0.705196 6.990792 -12.416442 0.173869 4.094226 -3.173811 -2.461487 -3.576686 -7.030639 -17.498961 -3.400853 -1.066265 9.857349 4.902286 -3.522579 -9.133669 2.005841 
0.000000 0.000000 0.000000 0.000000 0.000000 0.000000 0.000000 0.000000 0.000000 0.000000 0.000000 0.000000 0.000000 0.000000 0.000000 0.000000 0.000000 0.000000 0.000000 0.000000 0.000000 0.000000 0.000000 0.000000 0.000000 0.000000 0.000000 0.000000 0.000000 0.000000 0.000000 0.000000 0.000000 0.000000 0.000000 0.000000 0.000000 0.000000 0.000000 0.000000 0.000000 0.000000 0.000000 0.000000 0.000000 0.000000 0.000000 0.000000 0.000000 0.000000 0.000000 0.000000 0.000000 0.000000 0.000000 0.000000 0.000000 0.000000 0.000000 0.000000 0.000000 0.000000 0.000000 0.000000 0.000000 0.000000 0.000000 0.000000 0.000000 0.000000 0.000000 0.000000 0.000000 0.000000 0.000000 0.000000 0.000000 0.000000 0.000000 0.000000 0.000000 0.000000 0.000000 0.000000 0.000000 0.000000 0.000000 0.000000 0.000000 0.000000 0.000000 0.000000 0.000000 0.000000 0.000000 0.000000 0.000000 0.000000 0.000000 0.000000 0.000000 0.000000 0.000000 0.000000 0.000000 0.000000 0.000000 0.000000 0.000000 0.000000 0.000000 0.000000 0.000000 0.000000 0.000000 0.000000 0.000000 0.000000 0.000000 0.000000 0.000000 0.000000 0.000000 0.000000 0.000000 0.000000 0.000000 0.000000 0.000000 0.000000 0.000000 0.000000 0.000000 0.000000 0.000000 0.000000 0.000000 0.000000 0.000000 0.000000 -4.534251 39.727680 6.353833 -8.182686 1.086412 1.422941 -15.603598 -22.675128 8.963497 30.588346 -5.651129 19.577499 8.258818 -16.420956 -3.898888 9.715569 -4.949104 8.880378 5.325749 17.064364 -17.633905 -24.651979 -8.403313 13.856744 -9.092045 20.164319 -53.361831 20.641815 -26.004251 7.539638 16.280283 17.326655 11.104280 21.441485 -20.964332 -26.847193 5.289270 -12.683117 24.118100 -22.007685 -5.732763 26.799834 0.820634 14.669900 6.218999 -12.786308 0.501603 15.638250 -5.638973 -11.971015 -20.667008 -6.806884 -30.306420 6.881141 6.090903 5.180880 11.504799 23.694192 -16.923369 28.759872 
0.000000 0.000000 0.000000 0.000000 0.000000 0.000000 0.000000 0.000000 0.000000 0.000000 0.000000 0.000000 0.000000 0.000000 0.000000 0.000000 0.000000 0.000000 0.000000 0.000000 0.000000 0.000000 0.000000 0.000000 0.000000 0.000000 0.000000 0.000000 0.000000 0.000000 0.000000 0.000000 0.000000 0.000000 0.000000 0.000000 0.000000 0.000000 0.000000 0.000000 0.000000 0.000000 0.000000 0.000000 0.000000 0.000000 0.000000 0.000000 0.000000 0.000000 0.000000 0.000000 0.000000 0.000000 0.000000 0.000000 0.000000 0.000000 0.000000 0.000000 0.000000 0.000000 0.000000 0.000000 0.000000 0.000000 0.000000 0.000000 0.000000 0.000000 0.000000 0.000000 0.000000 0.000000 0.000000 0.000000 0.000000 0.000000 0.000000 0.000000 0.000000 0.000000 0.000000 0.000000 0.000000 0.000000 0.000000 0.000000 0.000000 0.000000 0.000000 0.000000 0.000000 0.000000 0.000000 0.000000 0.000000 0.000000 0.000000 0.000000 0.000000 0.000000 0.000000 0.000000 0.000000 0.000000 0.000000 0.000000 0.000000 0.000000 0.000000 0.000000 0.000000 0.000000 0.000000 0.000000 0.000000 0.000000 0.000000 0.000000 0.000000 0.000000 0.000000 0.000000 0.000000 0.000000 0.000000 0.000000 0.000000 0.000000 0.000000 0.000000 0.000000 0.000000 0.000000 0.000000 0.000000 0.000000 0.000000 0.000000 0.000000 123.693548 34.048511 -40.426741 31.772781 29.482826 -59.606765 -54.296644 2.233279 90.604611 -49.023111 46.164337 13.367420 -27.635059 -24.276178 -6.191249 -26.612281 23.863946 43.356829 44.544398 -42.484758 -78.721033 -4.042933 22.494124 -19.534098 54.618153 -129.806129 43.904006 -65.965943 27.327004 62.830017 52.816633 26.926602 54.403197 -81.756027 -39.366603 23.830388 -15.304365 59.148337 -30.409244 -42.959932 51.488976 7.517774 56.565269 -6.338231 -11.905329 2.350976 13.025467 4.795812 -43.875285 -65.807842 -12.046197 -51.126916 20.953879 12.128715 -21.115717 5.537690 89.161535 -33.540724 78.918064 
0.000000 0.000000 0.000000 0.000000 0.000000 0.000000 0.000000 0.000000 0.000000 0.000000 0.000000 0.000000 0.000000 0.000000 0.000000 0.000000 0.000000 0.000000 0.000000 0.000000 0.000000 0.000000 0.000000 0.000000 0.000000 0.000000 0.000000 0.000000 0.000000 0.000000 0.000000 0.000000 0.000000 0.000000 0.000000 0.000000 0.000000 0.000000 0.000000 0.000000 0.000000 0.000000 0.000000 0.000000 0.000000 0.000000 0.000000 0.000000 0.000000 0.000000 0.000000 0.000000 0.000000 0.000000 0.000000 0.000000 0.000000 0.000000 0.000000 0.000000 0.000000 0.000000 0.000000 0.000000 0.000000 0.000000 0.000000 0.000000 0.000000 0.000000 0.000000 0.000000 0.000000 0.000000 0.000000 0.000000 0.000000 0.000000 0.000000 0.000000 0.000000 0.000000 0.000000 0.000000 0.000000 0.000000 0.000000 0.000000 0.000000 0.000000 0.000000 0.000000 0.000000 0.000000 0.000000 0.000000 0.000000 0.000000 0.000000 0.000000 0.000000 0.000000 0.000000 0.000000 0.000000 0.000000 0.000000 0.000000 0.000000 0.000000 0.000000 0.000000 0.000000 0.000000 0.000000 0.000000 0.000000 0.000000 0.000000 0.000000 0.000000 0.000000 0.000000 0.000000 0.000000 0.000000 0.000000 0.000000 0.000000 0.000000 0.000000 0.000000 0.000000 0.000000 0.000000 0.000000 0.000000 0.000000 0.000000 0.000000 0.000000 0.000000 -4.708725 4.001129 -14.339993 -9.516830 0.807550 -1.029574 11.031895 6.821908 14.006788 7.283008 -0.416203 -14.728461 1.274915 5.970892 5.469768 3.450785 -8.449292 -3.896340 -7.203888 -3.983161 -13.801995 11.927978 -4.801633 2.445848 -14.068313 7.670050 -1.851791 5.578140 -5.355047 8.005000 4.055171 1.843615 6.564796 -20.405291 0.805708 -7.358801 10.278753 -13.632262 -1.220904 5.656992 2.716578 -4.588750 8.022432 -2.043364 0.318454 17.913187 -6.799716 -1.955900 -4.987634 -1.646527 -12.444809 -5.444981 -11.743574 5.494392 2.828659 -8.940299 -14.396379 10.473125 
0.000000 0.000000 0.000000 0.000000 0.000000 0.000000 0.000000 0.000000 0.000000 0.000000 0.000000 0.000000 0.000000 0.000000 0.000000 0.000000 0.000000 0.000000 0.000000 0.000000 0.000000 0.000000 0.000000 0.000000 0.000000 0.000000 0.000000 0.000000 0.000000 0.000000 0.000000 0.000000 0.000000 0.000000 0.000000 0.000000 0.000000 0.000000 0.000000 0.000000 0.000000 0.000000 0.000000 0.000000 0.000000 0.000000 0.000000 0.000000 0.000000 0.000000 0.000000 0.000000 0.000000 0.000000 0.000000 0.000000 0.000000 0.000000 0.000000 0.000000 0.000000 0.000000 0.000000 0.000000 0.000000 0.000000 0.000000 0.000000 0.000000 0.000000 0.000000 0.000000 0.000000 0.000000 0.000000 0.000000 0.000000 0.000000 0.000000 0.000000 0.000000 0.000000 0.000000 0.000000 0.000000 0.000000 0.000000 0.000000 0.000000 0.000000 0.000000 0.000000 0.000000 0.000000 0.000000 0.000000 0.000000 0.000000 0.000000 0.000000 0.000000 0.000000 0.000000 0.000000 0.000000 0.000000 0.000000 0.000000 0.000000 0.000000 0.000000 0.000000 0.000000 0.000000 0.000000 0.000000 0.000000 0.000000 0.000000 0.000000 0.000000 0.000000 0.000000 0.000000 0.000000 0.000000 0.000000 0.000000 0.000000 0.000000 0.000000 0.000000 0.000000 0.000000 0.000000 0.000000 0.000000 0.000000 0.000000 0.000000 0.000000 0.000000 0.000000 -5.489592 5.481337 1.585123 -19.308435 2.801938 -6.117900 17.491653 1.678061 1.473547 -9.662132 -9.046629 -20.239201 4.894529 -0.360174 1.455164 18.330165 -10.142618 -4.915087 -11.858482 -3.846159 10.881795 -3.847193 -1.280361 -4.620264 8.150130 -11.562856 20.730141 3.083941 10.887291 16.748693 13.958627 0.109848 -4.460365 0.821095 4.917625 0.485172 -2.254580 -15.527712 -0.667901 -0.581970 4.697019 -11.537770 2.933237 -7.314344 1.928042 0.440837 -22.728113 -15.482613 -7.841260 -2.089053 -9.244483 -9.710258 -13.035233 -6.476028 2.033114 12.776553 27.910579 
0.000000 0.000000 0.000000 0.000000 0.000000 0.000000 0.000000 0.000000 0.000000 0.000000 0.000000 0.000000 0.000000 0.000000 0.000000 0.000000 0.000000 0.000000 0.000000 0.000000 0.000000 0.000000 0.000000 0.000000 0.000000 0.000000 0.000000 0.000000 0.000000 0.000000 0.000000 0.000000 0.000000 0.000000 0.000000 0.000000 0.000000 0.000000 0.000000 0.000000 0.000000 0.000000 0.000000 0.000000 0.000000 0.000000 0.000000 0.000000 0.000000 0.000000 0.000000 0.000000 0.000000 0.000000 0.000000 0.000000 0.000000 0.000000 0.000000 0.000000 0.000000 0.000000 0.000000 0.000000 0.000000 0.000000 0.000000 0.000000 0.000000 0.000000 0.000000 0.000000 0.000000 0.000000 0.000000 0.000000 0.000000 0.000000 0.000000 0.000000 0.000000 0.000000 0.000000 0.000000 0.000000 0.000000 0.000000 0.000000 0.000000 0.000000 0.000000 0.000000 0.000000 0.000000 0.000000 0.000000 0.000000 0.000000 0.000000 0.000000 0.000000 0.000000 0.000000 0.000000 0.000000 0.000000 0.000000 0.000000 0.000000 0.000000 0.000000 0.000000 0.000000 0.000000 0.000000 0.000000 0.000000 0.000000 0.000000 0.000000 0.000000 0.000000 0.000000 0.000000 0.000000 0.000000 0.000000 0.000000 0.000000 0.000000 0.000000 0.000000 0.000000 0.000000 0.000000 0.000000 0.000000 0.000000 0.000000 0.000000 0.000000 0.000000 0.000000 0.000000 18.479889 -4.596869 -24.480937 -2.763970 -1.459973 31.295004 8.681275 1.469371 -16.484762 -10.267218 -41.905693 8.395826 4.215751 0.921737 48.220160 -13.022131 -24.367931 -8.432344 -16.303714 26.990173 -12.856392 -14.964800 -6.320861 19.517654 -14.436141 33.238725 -5.694800 8.237848 27.367221 35.078040 12.881481 -12.625460 -14.662462 14.975609 -6.844993 1.240990 -10.641172 -3.955323 -1.406490 7.623789 -15.837815 2.657522 -16.309618 10.328669 4.963455 -44.550151 -27.569527 -18.284131 -11.898040 -17.834154 -15.577994 -18.707729 -16.139037 7.674535 18.475401 47.149625 
0.000000 0.000000 0.000000 0.000000 0.000000 0.000000 0.000000 0.000000 0.000000 0.000000 0.000000 0.000000 0.000000 0.000000 0.000000 0.000000 0.000000 0.000000 0.000000 0.000000 0.000000 0.000000 0.000000 0.000000 0.000000 0.000000 0.000000 0.000000 0.000000 0.000000 0.000000 0.000000 0.000000 0.000000 0.000000 0.000000 0.000000 0.000000 0.000000 0.000000 0.000000 0.000000 0.000000 0.000000 0.000000 0.000000 0.000000 0.000000 0.000000 0.000000 0.000000 0.000000 0.000000 0.000000 0.000000 0.000000 0.000000 0.000000 0.000000 0.000000 0.000000 0.000000 0.000000 0.000000 0.000000 0.000000 0.000000 0.000000 0.000000 0.000000 0.000000 0.000000 0.000000 0.000000 0.000000 0.000000 0.000000 0.000000 0.000000 0.000000 0.000000 0.000000 0.000000 0.000000 0.000000 0.000000 0.000000 0.000000 0.000000 0.000000 0.000000 0.000000 0.000000 0.000000 0.000000 0.000000 0.000000 0.000000 0.000000 0.000000 0.000000 0.000000 0.000000 0.000000 0.000000 0.000000 0.000000 0.000000 0.000000 0.000000 0.000000 0.000000 0.000000 0.000000 0.000000 0.000000 0.000000 0.000000 0.000000 0.000000 0.000000 0.000000 0.000000 0.000000 0.000000 0.000000 0.000000 0.000000 0.000000 0.000000 0.000000 0.000000 0.000000 0.000000 0.000000 0.000000 0.000000 0.000000 0.000000 0.000000 0.000000 0.000000 0.000000 0.000000 0.000000 -26.789415 -26.922430 -2.218706 12.834546 51.027591 35.799270 6.136888 -19.412446 -52.163905 -51.217343 10.504572 14.663052 11.020091 41.655266 -34.178070 -51.302943 -21.185240 -48.553120 52.638519 -21.563408 -11.699439 -29.564861 30.749775 -14.450691 54.148840 -18.951610 40.304164 34.045998 36.583701 28.918383 -46.144570 -9.080665 17.083980 13.412132 -6.559539 -34.596993 -13.192863 14.876769 -3.358713 -11.698053 16.943503 -11.619474 45.275772 -1.877054 -54.031601 -43.914111 -11.816446 -15.478555 -47.043603 -65.379536 -38.222986 -34.089331 -11.628597 -16.194786 84.664217 
0.000000 0.000000 0.000000 0.000000 0.000000 0.000000 0.000000 0.000000 0.000000 0.000000 0.000000 0.000000 0.000000 0.000000 0.000000 0.000000 0.000000 0.000000 0.000000 0.000000 0.000000 0.000000 0.000000 0.000000 0.000000 0.000000 0.000000 0.000000 0.000000 0.000000 0.000000 0.000000 0.000000 0.000000 0.000000 0.000000 0.000000 0.000000 0.000000 0.000000 0.000000 0.000000 0.000000 0.000000 0.000000 0.000000 0.000000 0.000000 0.000000 0.000000 0.000000 0.000000 0.000000 0.000000 0.000000 0.000000 0.000000 0.000000 0.000000 0.000000 0.000000 0.000000 0.000000 0.000000 0.000000 0.000000 0.000000 0.000000 0.000000 0.000000 0.000000 0.000000 0.000000 0.000000 0.000000 0.000000 0.000000 0.000000 0.000000 0.000000 0.000000 0.000000 0.000000 0.000000 0.000000 0.000000 0.000000 0.000000 0.000000 0.000000 0.000000 0.000000 0.000000 0.000000 0.000000 0.000000 0.000000 0.000000 0.000000 0.000000 0.000000 0.000000 0.000000 0.000000 0.000000 0.000000 0.000000 0.000000 0.000000 0.000000 0.000000 0.000000 0.000000 0.000000 0.000000 0.000000 0.000000 0.000000 0.000000 0.000000 0.000000 0.000000 0.000000 0.000000 0.000000 0.000000 0.000000 0.000000 0.000000 0.000000 0.000000 0.000000 0.000000 0.000000 0.000000 0.000000 0.000000 0.000000 0.000000 0.000000 0.000000 0.000000 0.000000 0.000000 0.000000 0.000000 -0.438985 9.980365 3.678151 -6.364894 -0.427851 11.362259 6.449100 0.661552 7.351464 1.892919 -3.799612 3.690342 1.457353 3.101577 12.218270 2.976152 15.851526 -2.203057 -2.175772 8.896824 16.532005 -11.034082 -0.151320 -9.680246 5.527002 -4.203741 -6.860103 -6.205510 -3.554203 9.647592 4.973733 -2.373319 2.978002 2.933749 3.701964 10.640155 -9.986499 3.484698 -1.687307 -2.111482 4.870447 -11.339427 -5.253153 15.684834 8.904661 -6.193275 3.135736 7.315611 19.011260 4.060170 8.894540 -4.063437 -5.868364 -16.586530 
0.000000 0.000000 0.000000 0.000000 0.000000 0.000000 0.000000 0.000000 0.000000 0.000000 0.000000 0.000000 0.000000 0.000000 0.000000 0.000000 0.000000 0.000000 0.000000 0.000000 0.000000 0.000000 0.000000 0.000000 0.000000 0.000000 0.000000 0.000000 0.000000 0.000000 0.000000 0.000000 0.000000 0.000000 0.000000 0.000000 0.000000 0.000000 0.000000 0.000000 0.000000 0.000000 0.000000 0.000000 0.000000 0.000000 0.000000 0.000000 0.000000 0.000000 0.000000 0.000000 0.000000 0.000000 0.000000 0.000000 0.000000 0.000000 0.000000 0.000000 0.000000 0.000000 0.000000 0.000000 0.000000 0.000000 0.000000 0.000000 0.000000 0.000000 0.000000 0.000000 0.000000 0.000000 0.000000 0.000000 0.000000 0.000000 0.000000 0.000000 0.000000 0.000000 0.000000 0.000000 0.000000 0.000000 0.000000 0.000000 0.000000 0.000000 0.000000 0.000000 0.000000 0.000000 0.000000 0.000000 0.000000 0.000000 0.000000 0.000000 0.000000 0.000000 0.000000 0.000000 0.000000 0.000000 0.000000 0.000000 0.000000 0.000000 0.000000 0.000000 0.000000 0.000000 0.000000 0.000000 0.000000 0.000000 0.000000 0.000000 0.000000 0.000000 0.000000 0.000000 0.000000 0.000000 0.000000 0.000000 0.000000 0.000000 0.000000 0.000000 0.000000 0.000000 0.000000 0.000000 0.000000 0.000000 0.000000 0.000000 0.000000 0.000000 0.000000 0.000000 0.000000 0.000000 0.000000 2.614674 -0.810906 17.746046 8.672271 -3.869720 -15.952866 -17.640541 -18.013944 5.677391 2.479036 0.479954 1.101134 -2.003308 -7.293182 -6.689164 -7.200605 4.068521 6.337161 -6.131821 -9.598485 14.354024 -11.237087 20.757932 2.753070 14.666017 7.568350 7.804432 -3.208204 -8.989911 -3.868095 7.744255 -5.606503 -0.661717 -6.893014 -5.580278 11.586537 -4.526483 -9.747892 9.454272 -9.903434 8.188917 -1.150079 -6.669371 -12.230927 1.247717 3.950024 -0.935969 -18.913634 -12.521856 -11.507335 -1.393400 10.713053 23.562047 
0.000000 0.000000 0.000000 0.000000 0.000000 0.000000 0.000000 0.000000 0.000000 0.000000 0.000000 0.000000 0.000000 0.000000 0.000000 0.000000 0.000000 0.000000 0.000000 0.000000 0.000000 0.000000 0.000000 0.000000 0.000000 0.000000 0.000000 0.000000 0.000000 0.000000 0.000000 0.000000 0.000000 0.000000 0.000000 0.000000 0.000000 0.000000 0.000000 0.000000 0.000000 0.000000 0.000000 0.000000 0.000000 0.000000 0.000000 0.000000 0.000000 0.000000 0.000000 0.000000 0.000000 0.000000 0.000000 0.000000 0.000000 0.000000 0.000000 0.000000 0.000000 0.000000 0.000000 0.000000 0.000000 0.000000 0.000000 0.000000 0.000000 0.000000 0.000000 0.000000 0.000000 0.000000 0.000000 0.000000 0.000000 0.000000 0.000000 0.000000 0.000000 0.000000 0.000000 0.000000 0.000000 0.000000 0.000000 0.000000 0.000000 0.000000 0.000000 0.000000 0.000000 0.000000 0.000000 0.000000 0.000000 0.000000 0.000000 0.000000 0.000000 0.000000 0.000000 0.000000 0.000000 0.000000 0.000000 0.000000 0.000000 0.000000 0.000000 0.000000 0.000000 0.000000 0.000000 0.000000 0.000000 0.000000 0.000000 0.000000 0.000000 0.000000 0.000000 0.000000 0.000000 0.000000 0.000000 0.000000 0.000000 0.000000 0.000000 0.000000 0.000000 0.000000 0.000000 0.000000 0.000000 0.000000 0.000000 0.000000 0.000000 0.000000 0.000000 0.000000 0.000000 0.000000 0.000000 0.000000 226.814805 -2566.061887 -1159.372876 880.377899 2311.827841 2350.481636 2614.745999 -703.498856 -458.007257 45.503389 -108.138135 364.642035 1361.826865 989.088027 1483.974245 -616.721158 -899.454939 1101.613798 1829.107942 -2260.462955 1490.030753 -3056.085886 -179.552276 -2073.438303 -1238.654272 -1261.036935 299.058759 1521.754980 668.846833 -1090.775463 832.172351 212.759151 1033.663061 1073.485876 -1849.450690 703.908452 1226.862265 -1293.537804 1473.877942 -1451.597187 -24.234517 1424.110707 1926.106375 -349.371502 -386.853855 368.809068 3110.695598 1770.134941 1799.515643 50.725146 -1608.531747 -3662.672886 
0.000000 0.000000 0.000000 0.000000 0.000000 0.000000 0.000000 0.000000 0.000000 0.000000 0.000000 0.000000 0.000000 0.000000 0.000000 0.000000 0.000000 0.000000 0.000000 0.000000 0.000000 0.000000 0.000000 0.000000 0.000000 0.000000 0.000000 0.000000 0.000000 0.000000 0.000000 0.000000 0.000000 0.000000 0.000000 0.000000 0.000000 0.000000 0.000000 0.000000 0.000000 0.000000 0.000000 0.000000 0.000000 0.000000 0.000000 0.000000 0.000000 0.000000 0.000000 0.000000 0.000000 0.000000 0.000000 0.000000 0.000000 0.000000 0.000000 0.000000 0.000000 0.000000 0.000000 0.000000 0.000000 0.000000 0.000000 0.000000 0.000000 0.000000 0.000000 0.000000 0.000000 0.000000 0.000000 0.000000 0.000000 0.000000 0.000000 0.000000 0.000000 0.000000 0.000000 0.000000 0.000000 0.000000 0.000000 0.000000 0.000000 0.000000 0.000000 0.000000 0.000000 0.000000 0.000000 0.000000 0.000000 0.000000 0.000000 0.000000 0.000000 0.000000 0.000000 0.000000 0.000000 0.000000 0.000000 0.000000 0.000000 0.000000 0.000000 0.000000 0.000000 0.000000 0.000000 0.000000 0.000000 0.000000 0.000000 0.000000 0.000000 0.000000 0.000000 0.000000 0.000000 0.000000 0.000000 0.000000 0.000000 0.000000 0.000000 0.000000 0.000000 0.000000 0.000000 0.000000 0.000000 0.000000 0.000000 0.000000 0.000000 0.000000 0.000000 0.000000 0.000000 0.000000 0.000000 0.000000 0.000000 88.643640 41.057802 -28.884058 -84.291362 -78.008209 -92.025326 32.905004 13.541890 -5.237811 2.024556 -5.672263 -45.732381 -39.119754 -41.069420 17.107971 27.449147 -31.716463 -67.629511 84.697750 -61.237039 111.553720 13.178633 72.478863 42.108193 46.391541 -19.188512 -59.435354 -24.230518 33.926717 -32.780491 -15.136667 -24.151556 -28.455138 64.862982 -22.576252 -39.099627 46.840547 -57.591042 51.831032 -1.686919 -48.542915 -66.750153 8.819081 2.890998 -8.059843 -98.813905 -49.998785 -57.389670 -1.553876 63.155023 132.329302 
0.000000 0.000000 0.000000 0.000000 0.000000 0.000000 0.000000 0.000000 0.000000 0.000000 0.000000 0.000000 0.000000 0.000000 0.000000 0.000000 0.000000 0.000000 0.000000 0.000000 0.000000 0.000000 0.000000 0.000000 0.000000 0.000000 0.000000 0.000000 0.000000 0.000000 0.000000 0.000000 0.000000 0.000000 0.000000 0.000000 0.000000 0.000000 0.000000 0.000000 0.000000 0.000000 0.000000 0.000000 0.000000 0.000000 0.000000 0.000000 0.000000 0.000000 0.000000 0.000000 0.000000 0.000000 0.000000 0.000000 0.000000 0.000000 0.000000 0.000000 0.000000 0.000000 0.000000 0.000000 0.000000 0.000000 0.000000 0.000000 0.000000 0.000000 0.000000 0.000000 0.000000 0.000000 0.000000 0.000000 0.000000 0.000000 0.000000 0.000000 0.000000 0.000000 0.000000 0.000000 0.000000 0.000000 0.000000 0.000000 0.000000 0.000000 0.000000 0.000000 0.000000 0.000000 0.000000 0.000000 0.000000 0.000000 0.000000 0.000000 0.000000 0.000000 0.000000 0.000000 0.000000 0.000000 0.000000 0.000000 0.000000 0.000000 0.000000 0.000000 0.000000 0.000000 0.000000 0.000000 0.000000 0.000000 0.000000 0.000000 0.000000 0.000000 0.000000 0.000000 0.000000 0.000000 0.000000 0.000000 0.000000 0.000000 0.000000 0.000000 0.000000 0.000000 0.000000 0.000000 0.000000 0.000000 0.000000 0.000000 0.000000 0.000000 0.000000 0.000000 0.000000 0.000000 0.000000 0.000000 0.000000 0.000000 2.395067 10.113236 5.826062 -7.156990 20.013508 6.478931 -0.913187 18.391056 -10.844136 4.567370 13.066268 -5.856477 9.164397 -8.486189 6.167912 24.171520 2.894254 -16.223113 -6.556636 -20.836581 6.990175 11.237337 -11.875548 -8.733338 -10.442148 0.815883 27.224316 0.980697 17.422693 -3.632987 -17.315052 11.371459 -2.348542 6.937557 -1.056787 -4.557933 15.471353 -13.709470 -6.220683 10.968526 -2.879918 -3.343645 2.461650 -2.591527 7.989713 -2.564415 6.247814 -7.595561 -12.711503 -6.457655 
0.000000 0.000000 0.000000 0.000000 0.000000 0.000000 0.000000 0.000000 0.000000 0.000000 0.000000 0.000000 0.000000 0.000000 0.000000 0.000000 0.000000 0.000000 0.000000 0.000000 0.000000 0.000000 0.000000 0.000000 0.000000 0.000000 0.000000 0.000000 0.000000 0.000000 0.000000 0.000000 0.000000 0.000000 0.000000 0.000000 0.000000 0.000000 0.000000 0.000000 0.000000 0.000000 0.000000 0.000000 0.000000 0.000000 0.000000 0.000000 0.000000 0.000000 0.000000 0.000000 0.000000 0.000000 0.000000 0.000000 0.000000 0.000000 0.000000 0.000000 0.000000 0.000000 0.000000 0.000000 0.000000 0.000000 0.000000 0.000000 0.000000 0.000000 0.000000 0.000000 0.000000 0.000000 0.000000 0.000000 0.000000 0.000000 0.000000 0.000000 0.000000 0.000000 0.000000 0.000000 0.000000 0.000000 0.000000 0.000000 0.000000 0.000000 0.000000 0.000000 0.000000 0.000000 0.000000 0.000000 0.000000 0.000000 0.000000 0.000000 0.000000 0.000000 0.000000 0.000000 0.000000 0.000000 0.000000 0.000000 0.000000 0.000000 0.000000 0.000000 0.000000 0.000000 0.000000 0.000000 0.000000 0.000000 0.000000 0.000000 0.000000 0.000000 0.000000 0.000000 0.000000 0.000000 0.000000 0.000000 0.000000 0.000000 0.000000 0.000000 0.000000 0.000000 0.000000 0.000000 0.000000 0.000000 0.000000 0.000000 0.000000 0.000000 0.000000 0.000000 0.000000 0.000000 0.000000 0.000000 0.000000 0.000000 0.000000 35.080135 26.605719 -22.710063 55.964474 14.992016 -3.141426 58.042014 -25.960834 20.241048 36.639641 -20.635726 28.956320 -24.536062 14.025244 72.608505 4.295228 -47.439963 -18.829302 -62.065031 21.426846 34.817990 -41.307704 -18.065792 -30.657396 -2.774959 81.449041 7.556435 50.036290 -10.269167 -43.908008 32.112517 -13.884923 18.291980 0.398538 -13.049230 42.392975 -37.685235 -13.590880 26.574037 -8.314327 -9.405168 3.760809 -13.866525 27.171858 -7.838432 17.292570 -24.462758 -43.152546 -26.963671 
0.000000 0.000000 0.000000 0.000000 0.000000 0.000000 0.000000 0.000000 0.000000 0.000000 0.000000 0.000000 0.000000 0.000000 0.000000 0.000000 0.000000 0.000000 0.000000 0.000000 0.000000 0.000000 0.000000 0.000000 0.000000 0.000000 0.000000 0.000000 0.000000 0.000000 0.000000 0.000000 0.000000 0.000000 0.000000 0.000000 0.000000 0.000000 0.000000 0.000000 0.000000 0.000000 0.000000 0.000000 0.000000 0.000000 0.000000 0.000000 0.000000 0.000000 0.000000 0.000000 0.000000 0.000000 0.000000 0.000000 0.000000 0.000000 0.000000 0.000000 0.000000 0.000000 0.000000 0.000000 0.000000 0.000000 0.000000 0.000000 0.000000 0.000000 0.000000 0.000000 0.000000 0.000000 0.000000 0.000000 0.000000 0.000000 0.000000 0.000000 0.000000 0.000000 0.000000 0.000000 0.000000 0.000000 0.000000 0.000000 0.000000 0.000000 0.000000 0.000000 0.000000 0.000000 0.000000 0.000000 0.000000 0.000000 0.000000 0.000000 0.000000 0.000000 0.000000 0.000000 0.000000 0.000000 0.000000 0.000000 0.000000 0.000000 0.000000 0.000000 0.000000 0.000000 0.000000 0.000000 0.000000 0.000000 0.000000 0.000000 0.000000 0.000000 0.000000 0.000000 0.000000 0.000000 0.000000 0.000000 0.000000 0.000000 0.000000 0.000000 0.000000 0.000000 0.000000 0.000000 0.000000 0.000000 0.000000 0.000000 0.000000 0.000000 0.000000 0.000000 0.000000 0.000000 0.000000 0.000000 0.000000 0.000000 0.000000 0.000000 -4.697214 -12.611260 16.867558 6.929198 -6.569923 27.336529 -27.357950 7.685434 5.437142 -32.287012 18.460468 -21.576920 11.187921 46.639473 -22.032172 -5.808131 -20.193369 -0.748067 17.865120 38.663507 -23.428451 -12.708532 -41.357626 -21.167509 54.997630 10.174645 29.430473 -3.537190 -34.143130 1.827745 22.816524 4.621991 1.763069 23.797396 17.611937 9.624571 -3.808381 9.235184 -16.159477 12.748741 1.569956 -24.175310 -27.684930 -17.759314 -17.815903 -9.465471 -12.899086 26.335126 
0.000000 0.000000 0.000000 0.000000 0.000000 0.000000 0.000000 0.000000 0.000000 0.000000 0.000000 0.000000 0.000000 0.000000 0.000000 0.000000 0.000000 0.000000 0.000000 0.000000 0.000000 0.000000 0.000000 0.000000 0.000000 0.000000 0.000000 0.000000 0.000000 0.000000 0.000000 0.000000 0.000000 0.000000 0.000000 0.000000 0.000000 0.000000 0.000000 0.000000 0.000000 0.000000 0.000000 0.000000 0.000000 0.000000 0.000000 0.000000 0.000000 0.000000 0.000000 0.000000 0.000000 0.000000 0.000000 0.000000 0.000000 0.000000 0.000000 0.000000 0.000000 0.000000 0.000000 0.000000 0.000000 0.000000 0.000000 0.000000 0.000000 0.000000 0.000000 0.000000 0.000000 0.000000 0.000000 0.000000 0.000000 0.000000 0.000000 0.000000 0.000000 0.000000 0.000000 0.000000 0.000000 0.000000 0.000000 0.000000 0.000000 0.000000 0.000000 0.000000 0.000000 0.000000 0.000000 0.000000 0.000000 0.000000 0.000000 0.000000 0.000000 0.000000 0.000000 0.000000 0.000000 0.000000 0.000000 0.000000 0.000000 0.000000 0.000000 0.000000 0.000000 0.000000 0.000000 0.000000 0.000000 0.000000 0.000000 0.000000 0.000000 0.000000 0.000000 0.000000 0.000000 0.000000 0.000000 0.000000 0.000000 0.000000 0.000000 0.000000 0.000000 0.000000 0.000000 0.000000 0.000000 0.000000 0.000000 0.000000 0.000000 0.000000 0.000000 0.000000 0.000000 0.000000 0.000000 0.000000 0.000000 0.000000 0.000000 0.000000 0.000000 25.257761 -25.448216 5.355138 12.807557 -46.886834 42.631178 -12.715761 -6.943181 47.181259 -25.213675 27.184480 -19.058794 -75.891360 30.746149 22.571188 23.598145 7.801738 -22.962789 -67.079758 41.914244 36.497974 64.638694 27.916388 -94.000023 -23.143714 -50.243198 -12.314823 62.412666 7.589977 -33.887148 -5.317830 6.672031 -46.166840 -37.577276 -3.952925 1.336824 -17.077590 21.070762 -28.942988 -23.497367 33.017691 57.177671 48.175884 34.089421 16.812974 33.547887 -27.777504 
0.000000 0.000000 0.000000 0.000000 0.000000 0.000000 0.000000 0.000000 0.000000 0.000000 0.000000 0.000000 0.000000 0.000000 0.000000 0.000000 0.000000 0.000000 0.000000 0.000000 0.000000 0.000000 0.000000 0.000000 0.000000 0.000000 0.000000 0.000000 0.000000 0.000000 0.000000 0.000000 0.000000 0.000000 0.000000 0.000000 0.000000 0.000000 0.000000 0.000000 0.000000 0.000000 0.000000 0.000000 0.000000 0.000000 0.000000 0.000000 0.000000 0.000000 0.000000 0.000000 0.000000 0.000000 0.000000 0.000000 0.000000 0.000000 0.000000 0.000000 0.000000 0.000000 0.000000 0.000000 0.000000 0.000000 0.000000 0.000000 0.000000 0.000000 0.000000 0.000000 0.000000 0.000000 0.000000 0.000000 0.000000 0.000000 0.000000 0.000000 0.000000 0.000000 0.000000 0.000000 0.000000 0.000000 0.000000 0.000000 0.000000 0.000000 0.000000 0.000000 0.000000 0.000000 0.000000 0.000000 0.000000 0.000000 0.000000 0.000000 0.000000 0.000000 0.000000 0.000000 0.000000 0.000000 0.000000 0.000000 0.000000 0.000000 0.000000 0.000000 0.000000 0.000000 0.000000 0.000000 0.000000 0.000000 0.000000 0.000000 0.000000 0.000000 0.000000 0.000000 0.000000 0.000000 0.000000 0.000000 0.000000 0.000000 0.000000 0.000000 0.000000 0.000000 0.000000 0.000000 0.000000 0.000000 0.000000 0.000000 0.000000 0.000000 0.000000 0.000000 0.000000 0.000000 0.000000 0.000000 0.000000 0.000000 0.000000 0.000000 0.000000 0.000000 4.884934 -11.378370 4.121810 10.762157 5.257709 -5.568896 -5.295418 -4.245220 -6.504607 5.824589 -4.139909 6.012301 3.881577 -11.041309 7.576017 2.020704 -5.933145 2.444385 -0.108407 -4.246833 7.149863 0.521578 8.777262 1.482962 8.119097 2.843813 -14.975413 -5.892764 5.490573 2.217320 -1.647000 8.087386 10.116904 2.053222 9.547783 -1.039945 -8.050533 2.328331 0.638887 -5.072509 -20.786356 -8.757888 -11.671782 -1.833341 -25.897026 3.252138 
0.000000 0.000000 0.000000 0.000000 0.000000 0.000000 0.000000 0.000000 0.000000 0.000000 0.000000 0.000000 0.000000 0.000000 0.000000 0.000000 0.000000 0.000000 0.000000 0.000000 0.000000 0.000000 0.000000 0.000000 0.000000 0.000000 0.000000 0.000000 0.000000 0.000000 0.000000 0.000000 0.000000 0.000000 0.000000 0.000000 0.000000 0.000000 0.000000 0.000000 0.000000 0.000000 0.000000 0.000000 0.000000 0.000000 0.000000 0.000000 0.000000 0.000000 0.000000 0.000000 0.000000 0.000000 0.000000 0.000000 0.000000 0.000000 0.000000 0.000000 0.000000 0.000000 0.000000 0.000000 0.000000 0.000000 0.000000 0.000000 0.000000 0.000000 0.000000 0.000000 0.000000 0.000000 0.000000 0.000000 0.000000 0.000000 0.000000 0.000000 0.000000 0.000000 0.000000 0.000000 0.000000 0.000000 0.000000 0.000000 0.000000 0.000000 0.000000 0.000000 0.000000 0.000000 0.000000 0.000000 0.000000 0.000000 0.000000 0.000000 0.000000 0.000000 0.000000 0.000000 0.000000 0.000000 0.000000 0.000000 0.000000 0.000000 0.000000 0.000000 0.000000 0.000000 0.000000 0.000000 0.000000 0.000000 0.000000 0.000000 0.000000 0.000000 0.000000 0.000000 0.000000 0.000000 0.000000 0.000000 0.000000 0.000000 0.000000 0.000000 0.000000 0.000000 0.000000 0.000000 0.000000 0.000000 0.000000 0.000000 0.000000 0.000000 0.000000 0.000000 0.000000 0.000000 0.000000 0.000000 0.000000 0.000000 0.000000 0.000000 0.000000 0.000000 0.000000 -34.879460 15.905439 23.898211 24.605961 -21.196780 -18.556128 -5.322011 -24.938604 25.751508 -7.740846 -4.334738 1.266410 -21.092568 28.109282 12.038669 -20.312666 1.001053 12.096345 -1.840363 23.718517 -3.530794 4.563274 5.925550 15.434768 -0.510870 -25.711522 -17.094247 16.598506 1.129600 -8.183945 21.139093 19.773326 6.560014 30.397129 -9.984847 -24.655224 0.476135 2.512911 -11.196807 -62.808059 -24.416758 -35.211693 -3.877083 -68.652110 4.689096 
0.000000 0.000000 0.000000 0.000000 0.000000 0.000000 0.000000 0.000000 0.000000 0.000000 0.000000 0.000000 0.000000 0.000000 0.000000 0.000000 0.000000 0.000000 0.000000 0.000000 0.000000 0.000000 0.000000 0.000000 0.000000 0.000000 0.000000 0.000000 0.000000 0.000000 0.000000 0.000000 0.000000 0.000000 0.000000 0.000000 0.000000 0.000000 0.000000 0.000000 0.000000 0.000000 0.000000 0.000000 0.000000 0.000000 0.000000 0.000000 0.000000 0.000000 0.000000 0.000000 0.000000 0.000000 0.000000 0.000000 0.000000 0.000000 0.000000 0.000000 0.000000 0.000000 0.000000 0.000000 0.000000 0.000000 0.000000 0.000000 0.000000 0.000000 0.000000 0.000000 0.000000 0.000000 0.000000 0.000000 0.000000 0.000000 0.000000 0.000000 0.000000 0.000000 0.000000 0.000000 0.000000 0.000000 0.000000 0.000000 0.000000 0.000000 0.000000 0.000000 0.000000 0.000000 0.000000 0.000000 0.000000 0.000000 0.000000 0.000000 0.000000 0.000000 0.000000 0.000000 0.000000 0.000000 0.000000 0.000000 0.000000 0.000000 0.000000 0.000000 0.000000 0.000000 0.000000 0.000000 0.000000 0.000000 0.000000 0.000000 0.000000 0.000000 0.000000 0.000000 0.000000 0.000000 0.000000 0.000000 0.000000 0.000000 0.000000 0.000000 0.000000 0.000000 0.000000 0.000000 0.000000 0.000000 0.000000 0.000000 0.000000 0.000000 0.000000 0.000000 0.000000 0.000000 0.000000 0.000000 0.000000 0.000000 0.000000 0.000000 0.000000 0.000000 0.000000 0.000000 0.667184 -9.180504 -16.869868 2.852586 9.740975 -2.167039 2.958035 -9.500362 10.754342 1.064044 -27.590468 11.553235 -7.760908 -11.244534 6.589004 3.802356 -0.666584 -0.755202 -16.504246 -4.929887 9.177241 0.551524 6.291284 -14.418649 -1.979624 13.324425 -1.322952 -3.403492 3.317797 1.009616 4.453316 2.765792 -10.276043 1.428734 4.888660 10.398496 1.790683 7.989746 0.207172 5.628971 9.672573 3.889769 24.614366 7.636746 
0.000000 0.000000 0.000000 0.000000 0.000000 0.000000 0.000000 0.000000 0.000000 0.000000 0.000000 0.000000 0.000000 0.000000 0.000000 0.000000 0.000000 0.000000 0.000000 0.000000 0.000000 0.000000 0.000000 0.000000 0.000000 0.000000 0.000000 0.000000 0.000000 0.000000 0.000000 0.000000 0.000000 0.000000 0.000000 0.000000 0.000000 0.000000 0.000000 0.000000 0.000000 0.000000 0.000000 0.000000 0.000000 0.000000 0.000000 0.000000 0.000000 0.000000 0.000000 0.000000 0.000000 0.000000 0.000000 0.000000 0.000000 0.000000 0.000000 0.000000 0.000000 0.000000 0.000000 0.000000 0.000000 0.000000 0.000000 0.000000 0.000000 0.000000 0.000000 0.000000 0.000000 0.000000 0.000000 0.000000 0.000000 0.000000 0.000000 0.000000 0.000000 0.000000 0.000000 0.000000 0.000000 0.000000 0.000000 0.000000 0.000000 0.000000 0.000000 0.000000 0.000000 0.000000 0.000000 0.000000 0.000000 0.000000 0.000000 0.000000 0.000000 0.000000 0.000000 0.000000 0.000000 0.000000 0.000000 0.000000 0.000000 0.000000 0.000000 0.000000 0.000000 0.000000 0.000000 0.000000 0.000000 0.000000 0.000000 0.000000 0.000000 0.000000 0.000000 0.000000 0.000000 0.000000 0.000000 0.000000 0.000000 0.000000 0.000000 0.000000 0.000000 0.000000 0.000000 0.000000 0.000000 0.000000 0.000000 0.000000 0.000000 0.000000 0.000000 0.000000 0.000000 0.000000 0.000000 0.000000 0.000000 0.000000 0.000000 0.000000 0.000000 0.000000 0.000000 0.000000 0.000000 65.331126 112.343172 -25.235887 -86.516101 15.240529 -30.895779 76.593374 -77.780953 -11.293480 185.879435 -79.524129 64.312838 81.630905 -51.861000 -21.451243 6.935914 7.578278 126.562915 29.387532 -68.172364 -7.796870 -41.812722 99.902408 14.849576 -102.264451 19.774351 21.217552 -13.951435 -8.865493 -32.046424 -0.989707 72.693331 -14.851105 -45.017156 -71.356981 -19.070096 -76.627687 -11.617115 -42.214316 -71.614958 -27.341989 -193.731607 -37.072981 
0.000000 0.000000 0.000000 0.000000 0.000000 0.000000 0.000000 0.000000 0.000000 0.000000 0.000000 0.000000 0.000000 0.000000 0.000000 0.000000 0.000000 0.000000 0.000000 0.000000 0.000000 0.000000 0.000000 0.000000 0.000000 0.000000 0.000000 0.000000 0.000000 0.000000 0.000000 0.000000 0.000000 0.000000 0.000000 0.000000 0.000000 0.000000 0.000000 0.000000 0.000000 0.000000 0.000000 0.000000 0.000000 0.000000 0.000000 0.000000 0.000000 0.000000 0.000000 0.000000 0.000000 0.000000 0.000000 0.000000 0.000000 0.000000 0.000000 0.000000 0.000000 0.000000 0.000000 0.000000 0.000000 0.000000 0.000000 0.000000 0.000000 0.000000 0.000000 0.000000 0.000000 0.000000 0.000000 0.000000 0.000000 0.000000 0.000000 0.000000 0.000000 0.000000 0.000000 0.000000 0.000000 0.000000 0.000000 0.000000 0.000000 0.000000 0.000000 0.000000 0.000000 0.000000 0.000000 0.000000 0.000000 0.000000 0.000000 0.000000 0.000000 0.000000 0.000000 0.000000 0.000000 0.000000 0.000000 0.000000 0.000000 0.000000 0.000000 0.000000 0.000000 0.000000 0.000000 0.000000 0.000000 0.000000 0.000000 0.000000 0.000000 0.000000 0.000000 0.000000 0.000000 0.000000 0.000000 0.000000 0.000000 0.000000 0.000000 0.000000 0.000000 0.000000 0.000000 0.000000 0.000000 0.000000 0.000000 0.000000 0.000000 0.000000 0.000000 0.000000 0.000000 0.000000 0.000000 0.000000 0.000000 0.000000 0.000000 0.000000 0.000000 0.000000 0.000000 0.000000 0.000000 0.000000 0.899012 -2.406198 4.910838 -10.489901 -4.879790 -6.355126 -11.391920 1.077869 3.301465 14.075487 -3.425965 17.190204 3.855173 -7.152233 -0.471347 13.033738 9.865585 0.320506 0.352103 -3.622656 -1.376636 -10.109103 -11.158516 -1.107596 2.029346 -2.573951 8.640833 11.232009 -7.214691 25.014025 7.837965 7.461051 -1.740589 1.869014 -16.219972 2.044637 -12.182759 8.967659 -11.367099 8.877283 0.515062 11.611745 
0.000000 0.000000 0.000000 0.000000 0.000000 0.000000 0.000000 0.000000 0.000000 0.000000 0.000000 0.000000 0.000000 0.000000 0.000000 0.000000 0.000000 0.000000 0.000000 0.000000 0.000000 0.000000 0.000000 0.000000 0.000000 0.000000 0.000000 0.000000 0.000000 0.000000 0.000000 0.000000 0.000000 0.000000 0.000000 0.000000 0.000000 0.000000 0.000000 0.000000 0.000000 0.000000 0.000000 0.000000 0.000000 0.000000 0.000000 0.000000 0.000000 0.000000 0.000000 0.000000 0.000000 0.000000 0.000000 0.000000 0.000000 0.000000 0.000000 0.000000 0.000000 0.000000 0.000000 0.000000 0.000000 0.000000 0.000000 0.000000 0.000000 0.000000 0.000000 0.000000 0.000000 0.000000 0.000000 0.000000 0.000000 0.000000 0.000000 0.000000 0.000000 0.000000 0.000000 0.000000 0.000000 0.000000 0.000000 0.000000 0.000000 0.000000 0.000000 0.000000 0.000000 0.000000 0.000000 0.000000 0.000000 0.000000 0.000000 0.000000 0.000000 0.000000 0.000000 0.000000 0.000000 0.000000 0.000000 0.000000 0.000000 0.000000 0.000000 0.000000 0.000000 0.000000 0.000000 0.000000 0.000000 0.000000 0.000000 0.000000 0.000000 0.000000 0.000000 0.000000 0.000000 0.000000 0.000000 0.000000 0.000000 0.000000 0.000000 0.000000 0.000000 0.000000 0.000000 0.000000 0.000000 0.000000 0.000000 0.000000 0.000000 0.000000 0.000000 0.000000 0.000000 0.000000 0.000000 0.000000 0.000000 0.000000 0.000000 0.000000 0.000000 0.000000 0.000000 0.000000 0.000000 0.000000 0.000000 -104.549020 167.585114 -473.086195 -240.414137 -258.411041 -505.008629 68.444855 116.035915 627.479934 -139.170652 767.471597 159.326576 -290.360243 -24.027145 560.976243 443.055963 -0.994262 25.052257 -170.087538 -40.831824 -436.051533 -509.211070 -72.416828 119.561174 -122.939475 406.228907 501.861860 -306.466713 1160.674697 337.501125 323.712568 -103.366930 99.134597 -725.988977 33.405034 -579.868834 372.315352 -511.173513 392.443980 -26.452048 568.737160 
0.000000 0.000000 0.000000 0.000000 0.000000 0.000000 0.000000 0.000000 0.000000 0.000000 0.000000 0.000000 0.000000 0.000000 0.000000 0.000000 0.000000 0.000000 0.000000 0.000000 0.000000 0.000000 0.000000 0.000000 0.000000 0.000000 0.000000 0.000000 0.000000 0.000000 0.000000 0.000000 0.000000 0.000000 0.000000 0.000000 0.000000 0.000000 0.000000 0.000000 0.000000 0.000000 0.000000 0.000000 0.000000 0.000000 0.000000 0.000000 0.000000 0.000000 0.000000 0.000000 0.000000 0.000000 0.000000 0.000000 0.000000 0.000000 0.000000 0.000000 0.000000 0.000000 0.000000 0.000000 0.000000 0.000000 0.000000 0.000000 0.000000 0.000000 0.000000 0.000000 0.000000 0.000000 0.000000 0.000000 0.000000 0.000000 0.000000 0.000000 0.000000 0.000000 0.000000 0.000000 0.000000 0.000000 0.000000 0.000000 0.000000 0.000000 0.000000 0.000000 0.000000 0.000000 0.000000 0.000000 0.000000 0.000000 0.000000 0.000000 0.000000 0.000000 0.000000 0.000000 0.000000 0.000000 0.000000 0.000000 0.000000 0.000000 0.000000 0.000000 0.000000 0.000000 0.000000 0.000000 0.000000 0.000000 0.000000 0.000000 0.000000 0.000000 0.000000 0.000000 0.000000 0.000000 0.000000 0.000000 0.000000 0.000000 0.000000 0.000000 0.000000 0.000000 0.000000 0.000000 0.000000 0.000000 0.000000 0.000000 0.000000 0.000000 0.000000 0.000000 0.000000 0.000000 0.000000 0.000000 0.000000 0.000000 0.000000 0.000000 0.000000 0.000000 0.000000 0.000000 0.000000 0.000000 0.000000 0.000000 -3.986402 1.047965 -16.436522 17.714566 -4.605350 -0.201177 16.171343 -1.161724 2.452298 9.583464 -10.066012 -11.087176 13.639579 -5.340261 15.877563 11.744399 -2.004368 -5.971054 7.679783 6.617942 -18.538280 -0.847470 2.203559 -4.015521 -4.325334 1.743556 7.677354 7.541358 -0.715308 12.951344 -5.113381 -5.332464 3.761078 9.979097 -20.375144 -16.231825 -7.434356 7.777619 -18.077814 6.814656 
0.000000 0.000000 0.000000 0.000000 0.000000 0.000000 0.000000 0.000000 0.000000 0.000000 0.000000 0.000000 0.000000 0.000000 0.000000 0.000000 0.000000 0.000000 0.000000 0.000000 0.000000 0.000000 0.000000 0.000000 0.000000 0.000000 0.000000 0.000000 0.000000 0.000000 0.000000 0.000000 0.000000 0.000000 0.000000 0.000000 0.000000 0.000000 0.000000 0.000000 0.000000 0.000000 0.000000 0.000000 0.000000 0.000000 0.000000 0.000000 0.000000 0.000000 0.000000 0.000000 0.000000 0.000000 0.000000 0.000000 0.000000 0.000000 0.000000 0.000000 0.000000 0.000000 0.000000 0.000000 0.000000 0.000000 0.000000 0.000000 0.000000 0.000000 0.000000 0.000000 0.000000 0.000000 0.000000 0.000000 0.000000 0.000000 0.000000 0.000000 0.000000 0.000000 0.000000 0.000000 0.000000 0.000000 0.000000 0.000000 0.000000 0.000000 0.000000 0.000000 0.000000 0.000000 0.000000 0.000000 0.000000 0.000000 0.000000 0.000000 0.000000 0.000000 0.000000 0.000000 0.000000 0.000000 0.000000 0.000000 0.000000 0.000000 0.000000 0.000000 0.000000 0.000000 0.000000 0.000000 0.000000 0.000000 0.000000 0.000000 0.000000 0.000000 0.000000 0.000000 0.000000 0.000000 0.000000 0.000000 0.000000 0.000000 0.000000 0.000000 0.000000 0.000000 0.000000 0.000000 0.000000 0.000000 0.000000 0.000000 0.000000 0.000000 0.000000 0.000000 0.000000 0.000000 0.000000 0.000000 0.000000 0.000000 0.000000 0.000000 0.000000 0.000000 0.000000 0.000000 0.000000 0.000000 0.000000 0.000000 0.000000 -5.867885 -48.906184 48.162269 -14.964894 -8.768429 37.790500 -0.676462 3.659511 27.208804 -24.901103 -42.495642 42.845828 0.548130 37.516626 27.054174 -9.297211 -10.448393 22.370157 8.257644 -53.328570 3.101329 1.481812 -11.049347 -14.789086 5.559427 13.956396 20.310232 -0.627306 32.510815 -13.254954 -14.322110 6.674257 38.662866 -56.119778 -46.402977 -30.883884 30.160038 -38.199261 15.879484 
0.000000 0.000000 0.000000 0.000000 0.000000 0.000000 0.000000 0.000000 0.000000 0.000000 0.000000 0.000000 0.000000 0.000000 0.000000 0.000000 0.000000 0.000000 0.000000 0.000000 0.000000 0.000000 0.000000 0.000000 0.000000 0.000000 0.000000 0.000000 0.000000 0.000000 0.000000 0.000000 0.000000 0.000000 0.000000 0.000000 0.000000 0.000000 0.000000 0.000000 0.000000 0.000000 0.000000 0.000000 0.000000 0.000000 0.000000 0.000000 0.000000 0.000000 0.000000 0.000000 0.000000 0.000000 0.000000 0.000000 0.000000 0.000000 0.000000 0.000000 0.000000 0.000000 0.000000 0.000000 0.000000 0.000000 0.000000 0.000000 0.000000 0.000000 0.000000 0.000000 0.000000 0.000000 0.000000 0.000000 0.000000 0.000000 0.000000 0.000000 0.000000 0.000000 0.000000 0.000000 0.000000 0.000000 0.000000 0.000000 0.000000 0.000000 0.000000 0.000000 0.000000 0.000000 0.000000 0.000000 0.000000 0.000000 0.000000 0.000000 0.000000 0.000000 0.000000 0.000000 0.000000 0.000000 0.000000 0.000000 0.000000 0.000000 0.000000 0.000000 0.000000 0.000000 0.000000 0.000000 0.000000 0.000000 0.000000 0.000000 0.000000 0.000000 0.000000 0.000000 0.000000 0.000000 0.000000 0.000000 0.000000 0.000000 0.000000 0.000000 0.000000 0.000000 0.000000 0.000000 0.000000 0.000000 0.000000 0.000000 0.000000 0.000000 0.000000 0.000000 0.000000 0.000000 0.000000 0.000000 0.000000 0.000000 0.000000 0.000000 0.000000 0.000000 0.000000 0.000000 0.000000 0.000000 0.000000 0.000000 0.000000 0.000000 -20.817315 27.977618 3.734948 -42.686612 -14.871422 -24.317988 9.877478 -28.961623 -10.167017 -28.076396 20.409768 28.629881 -23.871350 -14.068737 -21.379969 22.668100 7.049237 9.315419 16.214439 0.844308 -14.249324 1.800308 -17.982399 -31.569376 -15.003986 -40.415262 -9.258923 -33.182100 -0.647877 -4.014422 18.499264 8.761783 30.855802 -30.472886 -14.346402 10.781180 12.813761 -27.222833 
0.000000 0.000000 0.000000 0.000000 0.000000 0.000000 0.000000 0.000000 0.000000 0.000000 0.000000 0.000000 0.000000 0.000000 0.000000 0.000000 0.000000 0.000000 0.000000 0.000000 0.000000 0.000000 0.000000 0.000000 0.000000 0.000000 0.000000 0.000000 0.000000 0.000000 0.000000 0.000000 0.000000 0.000000 0.000000 0.000000 0.000000 0.000000 0.000000 0.000000 0.000000 0.000000 0.000000 0.000000 0.000000 0.000000 0.000000 0.000000 0.000000 0.000000 0.000000 0.000000 0.000000 0.000000 0.000000 0.000000 0.000000 0.000000 0.000000 0.000000 0.000000 0.000000 0.000000 0.000000 0.000000 0.000000 0.000000 0.000000 0.000000 0.000000 0.000000 0.000000 0.000000 0.000000 0.000000 0.000000 0.000000 0.000000 0.000000 0.000000 0.000000 0.000000 0.000000 0.000000 0.000000 0.000000 0.000000 0.000000 0.000000 0.000000 0.000000 0.000000 0.000000 0.000000 0.000000 0.000000 0.000000 0.000000 0.000000 0.000000 0.000000 0.000000 0.000000 0.000000 0.000000 0.000000 0.000000 0.000000 0.000000 0.000000 0.000000 0.000000 0.000000 0.000000 0.000000 0.000000 0.000000 0.000000 0.000000 0.000000 0.000000 0.000000 0.000000 0.000000 0.000000 0.000000 0.000000 0.000000 0.000000 0.000000 0.000000 0.000000 0.000000 0.000000 0.000000 0.000000 0.000000 0.000000 0.000000 0.000000 0.000000 0.000000 0.000000 0.000000 0.000000 0.000000 0.000000 0.000000 0.000000 0.000000 0.000000 0.000000 0.000000 0.000000 0.000000 0.000000 0.000000 0.000000 0.000000 0.000000 0.000000 0.000000 0.000000 48.520650 86.983512 -478.397930 -403.999569 -257.061357 83.409372 -457.519060 21.958946 -121.411233 -1.983262 398.359409 -491.412676 -338.064962 -205.110685 325.998952 -44.806727 49.015193 476.883810 -24.185923 -180.911119 76.020610 -102.369505 -400.617660 -290.153694 -528.645472 -79.798963 -587.160054 64.817888 48.541187 125.368513 -118.875595 679.383112 -78.703388 -32.637458 -17.773736 381.968022 -386.219695 
0.000000 0.000000 0.000000 0.000000 0.000000 0.000000 0.000000 0.000000 0.000000 0.000000 0.000000 0.000000 0.000000 0.000000 0.000000 0.000000 0.000000 0.000000 0.000000 0.000000 0.000000 0.000000 0.000000 0.000000 0.000000 0.000000 0.000000 0.000000 0.000000 0.000000 0.000000 0.000000 0.000000 0.000000 0.000000 0.000000 0.000000 0.000000 0.000000 0.000000 0.000000 0.000000 0.000000 0.000000 0.000000 0.000000 0.000000 0.000000 0.000000 0.000000 0.000000 0.000000 0.000000 0.000000 0.000000 0.000000 0.000000 0.000000 0.000000 0.000000 0.000000 0.000000 0.000000 0.000000 0.000000 0.000000 0.000000 0.000000 0.000000 0.000000 0.000000 0.000000 0.000000 0.000000 0.000000 0.000000 0.000000 0.000000 0.000000 0.000000 0.000000 0.000000 0.000000 0.000000 0.000000 0.000000 0.000000 0.000000 0.000000 0.000000 0.000000 0.000000 0.000000 0.000000 0.000000 0.000000 0.000000 0.000000 0.000000 0.000000 0.000000 0.000000 0.000000 0.000000 0.000000 0.000000 0.000000 0.000000 0.000000 0.000000 0.000000 0.000000 0.000000 0.000000 0.000000 0.000000 0.000000 0.000000 0.000000 0.000000 0.000000 0.000000 0.000000 0.000000 0.000000 0.000000 0.000000 0.000000 0.000000 0.000000 0.000000 0.000000 0.000000 0.000000 0.000000 0.000000 0.000000 0.000000 0.000000 0.000000 0.000000 0.000000 0.000000 0.000000 0.000000 0.000000 0.000000 0.000000 0.000000 0.000000 0.000000 0.000000 0.000000 0.000000 0.000000 0.000000 0.000000 0.000000 0.000000 0.000000 0.000000 0.000000 0.000000 0.000000 10.382400 -147.370482 -132.016979 -52.721630 13.350060 -127.893077 15.960133 -33.648722 -8.091947 139.642373 -154.444281 -104.852495 -52.530190 83.897650 -15.482017 15.553009 153.792433 -12.434545 -54.894348 15.698033 -16.165775 -121.452490 -92.767439 -141.451626 -11.211932 -178.765927 19.686938 19.541523 9.563390 -37.946638 227.008236 8.987710 2.862480 -5.208240 125.635324 -114.060476 
0.000000 0.000000 0.000000 0.000000 0.000000 0.000000 0.000000 0.000000 0.000000 0.000000 0.000000 0.000000 0.000000 0.000000 0.000000 0.000000 0.000000 0.000000 0.000000 0.000000 0.000000 0.000000 0.000000 0.000000 0.000000 0.000000 0.000000 0.000000 0.000000 0.000000 0.000000 0.000000 0.000000 0.000000 0.000000 0.000000 0.000000 0.000000 0.000000 0.000000 0.000000 0.000000 0.000000 0.000000 0.000000 0.000000 0.000000 0.000000 0.000000 0.000000 0.000000 0.000000 0.000000 0.000000 0.000000 0.000000 0.000000 0.000000 0.000000 0.000000 0.000000 0.000000 0.000000 0.000000 0.000000 0.000000 0.000000 0.000000 0.000000 0.000000 0.000000 0.000000 0.000000 0.000000 0.000000 0.000000 0.000000 0.000000 0.000000 0.000000 0.000000 0.000000 0.000000 0.000000 0.000000 0.000000 0.000000 0.000000 0.000000 0.000000 0.000000 0.000000 0.000000 0.000000 0.000000 0.000000 0.000000 0.000000 0.000000 0.000000 0.000000 0.000000 0.000000 0.000000 0.000000 0.000000 0.000000 0.000000 0.000000 0.000000 0.000000 0.000000 0.000000 0.000000 0.000000 0.000000 0.000000 0.000000 0.000000 0.000000 0.000000 0.000000 0.000000 0.000000 0.000000 0.000000 0.000000 0.000000 0.000000 0.000000 0.000000 0.000000 0.000000 0.000000 0.000000 0.000000 0.000000 0.000000 0.000000 0.000000 0.000000 0.000000 0.000000 0.000000 0.000000 0.000000 0.000000 0.000000 0.000000 0.000000 0.000000 0.000000 0.000000 0.000000 0.000000 0.000000 0.000000 0.000000 0.000000 0.000000 0.000000 0.000000 0.000000 0.000000 0.000000 -18.923720 -30.818645 -9.749929 -10.812099 -18.951692 -5.559255 -4.606948 3.292080 20.585680 -36.721769 -20.914169 1.983463 11.682327 5.375665 2.151682 19.977095 7.320034 -12.265583 3.380401 -7.378497 -26.262385 -5.235836 -22.403783 -1.686732 -32.675630 11.581380 9.513902 4.333727 3.019469 36.037288 -3.170914 6.671305 -3.164272 28.699922 -9.584414 
0.000000 0.000000 0.000000 0.000000 0.000000 0.000000 0.000000 0.000000 0.000000 0.000000 0.000000 0.000000 0.000000 0.000000 0.000000 0.000000 0.000000 0.000000 0.000000 0.000000 0.000000 0.000000 0.000000 0.000000 0.000000 0.000000 0.000000 0.000000 0.000000 0.000000 0.000000 0.000000 0.000000 0.000000 0.000000 0.000000 0.000000 0.000000 0.000000 0.000000 0.000000 0.000000 0.000000 0.000000 0.000000 0.000000 0.000000 0.000000 0.000000 0.000000 0.000000 0.000000 0.000000 0.000000 0.000000 0.000000 0.000000 0.000000 0.000000 0.000000 0.000000 0.000000 0.000000 0.000000 0.000000 0.000000 0.000000 0.000000 0.000000 0.000000 0.000000 0.000000 0.000000 0.000000 0.000000 0.000000 0.000000 0.000000 0.000000 0.000000 0.000000 0.000000 0.000000 0.000000 0.000000 0.000000 0.000000 0.000000 0.000000 0.000000 0.000000 0.000000 0.000000 0.000000 0.000000 0.000000 0.000000 0.000000 0.000000 0.000000 0.000000 0.000000 0.000000 0.000000 0.000000 0.000000 0.000000 0.000000 0.000000 0.000000 0.000000 0.000000 0.000000 0.000000 0.000000 0.000000 0.000000 0.000000 0.000000 0.000000 0.000000 0.000000 0.000000 0.000000 0.000000 0.000000 0.000000 0.000000 0.000000 0.000000 0.000000 0.000000 0.000000 0.000000 0.000000 0.000000 0.000000 0.000000 0.000000 0.000000 0.000000 0.000000 0.000000 0.000000 0.000000 0.000000 0.000000 0.000000 0.000000 0.000000 0.000000 0.000000 0.000000 0.000000 0.000000 0.000000 0.000000 0.000000 0.000000 0.000000 0.000000 0.000000 0.000000 0.000000 0.000000 0.000000 -580.905800 -165.119654 -495.594913 -119.062158 -333.530122 9.835774 178.774706 54.948513 -710.550990 -320.376860 365.598239 78.779372 315.728745 -11.705354 -25.714954 372.409753 -189.829781 68.638359 -231.219986 -434.186479 288.938947 -184.962123 -35.682685 -392.359649 372.780114 282.495250 174.115285 298.278364 212.230135 -244.993215 226.335501 -124.648400 518.491842 215.076845 
0.000000 0.000000 0.000000 0.000000 0.000000 0.000000 0.000000 0.000000 0.000000 0.000000 0.000000 0.000000 0.000000 0.000000 0.000000 0.000000 0.000000 0.000000 0.000000 0.000000 0.000000 0.000000 0.000000 0.000000 0.000000 0.000000 0.000000 0.000000 0.000000 0.000000 0.000000 0.000000 0.000000 0.000000 0.000000 0.000000 0.000000 0.000000 0.000000 0.000000 0.000000 0.000000 0.000000 0.000000 0.000000 0.000000 0.000000 0.000000 0.000000 0.000000 0.000000 0.000000 0.000000 0.000000 0.000000 0.000000 0.000000 0.000000 0.000000 0.000000 0.000000 0.000000 0.000000 0.000000 0.000000 0.000000 0.000000 0.000000 0.000000 0.000000 0.000000 0.000000 0.000000 0.000000 0.000000 0.000000 0.000000 0.000000 0.000000 0.000000 0.000000 0.000000 0.000000 0.000000 0.000000 0.000000 0.000000 0.000000 0.000000 0.000000 0.000000 0.000000 0.000000 0.000000 0.000000 0.000000 0.000000 0.000000 0.000000 0.000000 0.000000 0.000000 0.000000 0.000000 0.000000 0.000000 0.000000 0.000000 0.000000 0.000000 0.000000 0.000000 0.000000 0.000000 0.000000 0.000000 0.000000 0.000000 0.000000 0.000000 0.000000 0.000000 0.000000 0.000000 0.000000 0.000000 0.000000 0.000000 0.000000 0.000000 0.000000 0.000000 0.000000 0.000000 0.000000 0.000000 0.000000 0.000000 0.000000 0.000000 0.000000 0.000000 0.000000 0.000000 0.000000 0.000000 0.000000 0.000000 0.000000 0.000000 0.000000 0.000000 0.000000 0.000000 0.000000 0.000000 0.000000 0.000000 0.000000 0.000000 0.000000 0.000000 0.000000 0.000000 0.000000 0.000000 0.000000 -8.134703 -0.768164 -11.202168 0.356660 0.232291 -4.470594 -6.377923 -17.755950 -3.493997 10.761767 6.553492 12.499980 19.178209 -5.690441 -4.669242 -1.269184 -0.494625 0.758389 -3.197575 2.030014 -6.875811 -5.797009 -3.557666 5.349380 3.026098 3.476261 0.378809 6.620198 -16.650372 -5.237190 -3.161256 4.395005 0.405660 
0.000000 0.000000 0.000000 0.000000 0.000000 0.000000 0.000000 0.000000 0.000000 0.000000 0.000000 0.000000 0.000000 0.000000 0.000000 0.000000 0.000000 0.000000 0.000000 0.000000 0.000000 0.000000 0.000000 0.000000 0.000000 0.000000 0.000000 0.000000 0.000000 0.000000 0.000000 0.000000 0.000000 0.000000 0.000000 0.000000 0.000000 0.000000 0.000000 0.000000 0.000000 0.000000 0.000000 0.000000 0.000000 0.000000 0.000000 0.000000 0.000000 0.000000 0.000000 0.000000 0.000000 0.000000 0.000000 0.000000 0.000000 0.000000 0.000000 0.000000 0.000000 0.000000 0.000000 0.000000 0.000000 0.000000 0.000000 0.000000 0.000000 0.000000 0.000000 0.000000 0.000000 0.000000 0.000000 0.000000 0.000000 0.000000 0.000000 0.000000 0.000000 0.000000 0.000000 0.000000 0.000000 0.000000 0.000000 0.000000 0.000000 0.000000 0.000000 0.000000 0.000000 0.000000 0.000000 0.000000 0.000000 0.000000 0.000000 0.000000 0.000000 0.000000 0.000000 0.000000 0.000000 0.000000 0.000000 0.000000 0.000000 0.000000 0.000000 0.000000 0.000000 0.000000 0.000000 0.000000 0.000000 0.000000 0.000000 0.000000 0.000000 0.000000 0.000000 0.000000 0.000000 0.000000 0.000000 0.000000 0.000000 0.000000 0.000000 0.000000 0.000000 0.000000 0.000000 0.000000 0.000000 0.000000 0.000000 0.000000 0.000000 0.000000 0.000000 0.000000 0.000000 0.000000 0.000000 0.000000 0.000000 0.000000 0.000000 0.000000 0.000000 0.000000 0.000000 0.000000 0.000000 0.000000 0.000000 0.000000 0.000000 0.000000 0.000000 0.000000 0.000000 0.000000 0.000000 0.000000 -3.757670 -22.025415 2.225330 -7.660032 -9.200745 -1.646641 -23.917310 -2.135510 20.317700 10.967768 22.653236 31.298672 -8.973012 1.049870 -5.309358 1.783246 2.469597 -5.121340 3.798977 -12.819676 -14.519968 -6.528953 8.595877 2.965610 6.944066 -3.836245 18.851133 -20.062941 -1.499260 -0.230171 10.432616 -0.068067 
0.000000 0.000000 0.000000 0.000000 0.000000 0.000000 0.000000 0.000000 0.000000 0.000000 0.000000 0.000000 0.000000 0.000000 0.000000 0.000000 0.000000 0.000000 0.000000 0.000000 0.000000 0.000000 0.000000 0.000000 0.000000 0.000000 0.000000 0.000000 0.000000 0.000000 0.000000 0.000000 0.000000 0.000000 0.000000 0.000000 0.000000 0.000000 0.000000 0.000000 0.000000 0.000000 0.000000 0.000000 0.000000 0.000000 0.000000 0.000000 0.000000 0.000000 0.000000 0.000000 0.000000 0.000000 0.000000 0.000000 0.000000 0.000000 0.000000 0.000000 0.000000 0.000000 0.000000 0.000000 0.000000 0.000000 0.000000 0.000000 0.000000 0.000000 0.000000 0.000000 0.000000 0.000000 0.000000 0.000000 0.000000 0.000000 0.000000 0.000000 0.000000 0.000000 0.000000 0.000000 0.000000 0.000000 0.000000 0.000000 0.000000 0.000000 0.000000 0.000000 0.000000 0.000000 0.000000 0.000000 0.000000 0.000000 0.000000 0.000000 0.000000 0.000000 0.000000 0.000000 0.000000 0.000000 0.000000 0.000000 0.000000 0.000000 0.000000 0.000000 0.000000 0.000000 0.000000 0.000000 0.000000 0.000000 0.000000 0.000000 0.000000 0.000000 0.000000 0.000000 0.000000 0.000000 0.000000 0.000000 0.000000 0.000000 0.000000 0.000000 0.000000 0.000000 0.000000 0.000000 0.000000 0.000000 0.000000 0.000000 0.000000 0.000000 0.000000 0.000000 0.000000 0.000000 0.000000 0.000000 0.000000 0.000000 0.000000 0.000000 0.000000 0.000000 0.000000 0.000000 0.000000 0.000000 0.000000 0.000000 0.000000 0.000000 0.000000 0.000000 0.000000 0.000000 0.000000 0.000000 0.000000 -79.563723 18.902991 -23.725763 -34.175257 -5.736419 -76.080513 -4.618413 67.752036 39.980857 75.081073 108.014480 -28.961740 -5.091639 -16.998731 10.298759 13.596779 -12.165368 7.877301 -45.464773 -46.807495 -24.823858 15.220744 2.927505 19.517242 -17.753312 66.194785 -65.157765 -8.448735 7.140034 23.737271 -11.065798 
0.000000 0.000000 0.000000 0.000000 0.000000 0.000000 0.000000 0.000000 0.000000 0.000000 0.000000 0.000000 0.000000 0.000000 0.000000 0.000000 0.000000 0.000000 0.000000 0.000000 0.000000 0.000000 0.000000 0.000000 0.000000 0.000000 0.000000 0.000000 0.000000 0.000000 0.000000 0.000000 0.000000 0.000000 0.000000 0.000000 0.000000 0.000000 0.000000 0.000000 0.000000 0.000000 0.000000 0.000000 0.000000 0.000000 0.000000 0.000000 0.000000 0.000000 0.000000 0.000000 0.000000 0.000000 0.000000 0.000000 0.000000 0.000000 0.000000 0.000000 0.000000 0.000000 0.000000 0.000000 0.000000 0.000000 0.000000 0.000000 0.000000 0.000000 0.000000 0.000000 0.000000 0.000000 0.000000 0.000000 0.000000 0.000000 0.000000 0.000000 0.000000 0.000000 0.000000 0.000000 0.000000 0.000000 0.000000 0.000000 0.000000 0.000000 0.000000 0.000000 0.000000 0.000000 0.000000 0.000000 0.000000 0.000000 0.000000 0.000000 0.000000 0.000000 0.000000 0.000000 0.000000 0.000000 0.000000 0.000000 0.000000 0.000000 0.000000 0.000000 0.000000 0.000000 0.000000 0.000000 0.000000 0.000000 0.000000 0.000000 0.000000 0.000000 0.000000 0.000000 0.000000 0.000000 0.000000 0.000000 0.000000 0.000000 0.000000 0.000000 0.000000 0.000000 0.000000 0.000000 0.000000 0.000000 0.000000 0.000000 0.000000 0.000000 0.000000 0.000000 0.000000 0.000000 0.000000 0.000000 0.000000 0.000000 0.000000 0.000000 0.000000 0.000000 0.000000 0.000000 0.000000 0.000000 0.000000 0.000000 0.000000 0.000000 0.000000 0.000000 0.000000 0.000000 0.000000 0.000000 0.000000 0.000000 -9.647192 -33.429339 -0.836976 53.330125 54.240266 24.177112 -17.344868 0.885200 -28.270447 -52.530465 -12.288886 35.391401 -31.810112 26.809237 -4.833702 -17.535152 -11.717489 4.040857 -5.440189 -21.108787 -9.814406 0.301741 8.842675 -14.852605 13.885637 47.829739 23.792490 26.983427 6.202924 -7.284643 
0.000000 0.000000 0.000000 0.000000 0.000000 0.000000 0.000000 0.000000 0.000000 0.000000 0.000000 0.000000 0.000000 0.000000 0.000000 0.000000 0.000000 0.000000 0.000000 0.000000 0.000000 0.000000 0.000000 0.000000 0.000000 0.000000 0.000000 0.000000 0.000000 0.000000 0.000000 0.000000 0.000000 0.000000 0.000000 0.000000 0.000000 0.000000 0.000000 0.000000 0.000000 0.000000 0.000000 0.000000 0.000000 0.000000 0.000000 0.000000 0.000000 0.000000 0.000000 0.000000 0.000000 0.000000 0.000000 0.000000 0.000000 0.000000 0.000000 0.000000 0.000000 0.000000 0.000000 0.000000 0.000000 0.000000 0.000000 0.000000 0.000000 0.000000 0.000000 0.000000 0.000000 0.000000 0.000000 0.000000 0.000000 0.000000 0.000000 0.000000 0.000000 0.000000 0.000000 0.000000 0.000000 0.000000 0.000000 0.000000 0.000000 0.000000 0.000000 0.000000 0.000000 0.000000 0.000000 0.000000 0.000000 0.000000 0.000000 0.000000 0.000000 0.000000 0.000000 0.000000 0.000000 0.000000 0.000000 0.000000 0.000000 0.000000 0.000000 0.000000 0.000000 0.000000 0.000000 0.000000 0.000000 0.000000 0.000000 0.000000 0.000000 0.000000 0.000000 0.000000 0.000000 0.000000 0.000000 0.000000 0.000000 0.000000 0.000000 0.000000 0.000000 0.000000 0.000000 0.000000 0.000000 0.000000 0.000000 0.000000 0.000000 0.000000 0.000000 0.000000 0.000000 0.000000 0.000000 0.000000 0.000000 0.000000 0.000000 0.000000 0.000000 0.000000 0.000000 0.000000 0.000000 0.000000 0.000000 0.000000 0.000000 0.000000 0.000000 0.000000 0.000000 0.000000 0.000000 0.000000 0.000000 0.000000 0.000000 8.185732 1.082602 -7.080743 -6.702295 -15.091064 -13.564873 0.655904 -6.862796 1.960688 22.823332 -3.193315 2.599914 -5.453667 -1.453516 0.704484 -7.082506 -12.692465 2.803801 -8.527420 7.050877 -0.865992 -5.953098 4.897679 7.828960 -1.808298 2.928066 -15.401841 0.874480 1.751353 
0.000000 0.000000 0.000000 0.000000 0.000000 0.000000 0.000000 0.000000 0.000000 0.000000 0.000000 0.000000 0.000000 0.000000 0.000000 0.000000 0.000000 0.000000 0.000000 0.000000 0.000000 0.000000 0.000000 0.000000 0.000000 0.000000 0.000000 0.000000 0.000000 0.000000 0.000000 0.000000 0.000000 0.000000 0.000000 0.000000 0.000000 0.000000 0.000000 0.000000 0.000000 0.000000 0.000000 0.000000 0.000000 0.000000 0.000000 0.000000 0.000000 0.000000 0.000000 0.000000 0.000000 0.000000 0.000000 0.000000 0.000000 0.000000 0.000000 0.000000 0.000000 0.000000 0.000000 0.000000 0.000000 0.000000 0.000000 0.000000 0.000000 0.000000 0.000000 0.000000 0.000000 0.000000 0.000000 0.000000 0.000000 0.000000 0.000000 0.000000 0.000000 0.000000 0.000000 0.000000 0.000000 0.000000 0.000000 0.000000 0.000000 0.000000 0.000000 0.000000 0.000000 0.000000 0.000000 0.000000 0.000000 0.000000 0.000000 0.000000 0.000000 0.000000 0.000000 0.000000 0.000000 0.000000 0.000000 0.000000 0.000000 0.000000 0.000000 0.000000 0.000000 0.000000 0.000000 0.000000 0.000000 0.000000 0.000000 0.000000 0.000000 0.000000 0.000000 0.000000 0.000000 0.000000 0.000000 0.000000 0.000000 0.000000 0.000000 0.000000 0.000000 0.000000 0.000000 0.000000 0.000000 0.000000 0.000000 0.000000 0.000000 0.000000 0.000000 0.000000 0.000000 0.000000 0.000000 0.000000 0.000000 0.000000 0.000000 0.000000 0.000000 0.000000 0.000000 0.000000 0.000000 0.000000 0.000000 0.000000 0.000000 0.000000 0.000000 0.000000 0.000000 0.000000 0.000000 0.000000 0.000000 0.000000 0.000000 0.000000 3.786754 1.463547 10.151483 11.428219 4.828791 5.113823 -3.453361 -3.411889 -12.767155 10.766357 -1.520852 9.417024 -10.037683 -1.450808 5.343109 -5.189345 1.728001 2.603535 -6.443620 -2.303169 17.281938 6.555373 -8.726249 0.881697 2.269053 19.753193 -4.276028 -6.537214 
0.000000 0.000000 0.000000 0.000000 0.000000 0.000000 0.000000 0.000000 0.000000 0.000000 0.000000 0.000000 0.000000 0.000000 0.000000 0.000000 0.000000 0.000000 0.000000 0.000000 0.000000 0.000000 0.000000 0.000000 0.000000 0.000000 0.000000 0.000000 0.000000 0.000000 0.000000 0.000000 0.000000 0.000000 0.000000 0.000000 0.000000 0.000000 0.000000 0.000000 0.000000 0.000000 0.000000 0.000000 0.000000 0.000000 0.000000 0.000000 0.000000 0.000000 0.000000 0.000000 0.000000 0.000000 0.000000 0.000000 0.000000 0.000000 0.000000 0.000000 0.000000 0.000000 0.000000 0.000000 0.000000 0.000000 0.000000 0.000000 0.000000 0.000000 0.000000 0.000000 0.000000 0.000000 0.000000 0.000000 0.000000 0.000000 0.000000 0.000000 0.000000 0.000000 0.000000 0.000000 0.000000 0.000000 0.000000 0.000000 0.000000 0.000000 0.000000 0.000000 0.000000 0.000000 0.000000 0.000000 0.000000 0.000000 0.000000 0.000000 0.000000 0.000000 0.000000 0.000000 0.000000 0.000000 0.000000 0.000000 0.000000 0.000000 0.000000 0.000000 0.000000 0.000000 0.000000 0.000000 0.000000 0.000000 0.000000 0.000000 0.000000 0.000000 0.000000 0.000000 0.000000 0.000000 0.000000 0.000000 0.000000 0.000000 0.000000 0.000000 0.000000 0.000000 0.000000 0.000000 0.000000 0.000000 0.000000 0.000000 0.000000 0.000000 0.000000 0.000000 0.000000 0.000000 0.000000 0.000000 0.000000 0.000000 0.000000 0.000000 0.000000 0.000000 0.000000 0.000000 0.000000 0.000000 0.000000 0.000000 0.000000 0.000000 0.000000 0.000000 0.000000 0.000000 0.000000 0.000000 0.000000 0.000000 0.000000 0.000000 0.000000 7.519632 -5.357540 -32.663986 -43.484049 -12.363803 -22.897541 -17.295973 54.667030 -15.854153 -11.229036 -14.216491 13.806087 -7.750542 -24.520858 -18.359325 3.522788 -37.075992 7.394619 -3.848299 -50.519963 -2.157439 42.147638 22.681909 18.944697 -46.065248 13.138388 4.641846 
0.000000 0.000000 0.000000 0.000000 0.000000 0.000000 0.000000 0.000000 0.000000 0.000000 0.000000 0.000000 0.000000 0.000000 0.000000 0.000000 0.000000 0.000000 0.000000 0.000000 0.000000 0.000000 0.000000 0.000000 0.000000 0.000000 0.000000 0.000000 0.000000 0.000000 0.000000 0.000000 0.000000 0.000000 0.000000 0.000000 0.000000 0.000000 0.000000 0.000000 0.000000 0.000000 0.000000 0.000000 0.000000 0.000000 0.000000 0.000000 0.000000 0.000000 0.000000 0.000000 0.000000 0.000000 0.000000 0.000000 0.000000 0.000000 0.000000 0.000000 0.000000 0.000000 0.000000 0.000000 0.000000 0.000000 0.000000 0.000000 0.000000 0.000000 0.000000 0.000000 0.000000 0.000000 0.000000 0.000000 0.000000 0.000000 0.000000 0.000000 0.000000 0.000000 0.000000 0.000000 0.000000 0.000000 0.000000 0.000000 0.000000 0.000000 0.000000 0.000000 0.000000 0.000000 0.000000 0.000000 0.000000 0.000000 0.000000 0.000000 0.000000 0.000000 0.000000 0.000000 0.000000 0.000000 0.000000 0.000000 0.000000 0.000000 0.000000 0.000000 0.000000 0.000000 0.000000 0.000000 0.000000 0.000000 0.000000 0.000000 0.000000 0.000000 0.000000 0.000000 0.000000 0.000000 0.000000 0.000000 0.000000 0.000000 0.000000 0.000000 0.000000 0.000000 0.000000 0.000000 0.000000 0.000000 0.000000 0.000000 0.000000 0.000000 0.000000 0.000000 0.000000 0.000000 0.000000 0.000000 0.000000 0.000000 0.000000 0.000000 0.000000 0.000000 0.000000 0.000000 0.000000 0.000000 0.000000 0.000000 0.000000 0.000000 0.000000 0.000000 0.000000 0.000000 0.000000 0.000000 0.000000 0.000000 0.000000 0.000000 0.000000 0.000000 -2.297162 -47.068805 -71.514687 -13.652467 -29.579728 -21.300676 80.002980 -14.918429 -6.938275 -20.066067 11.299862 -5.222275 -32.471576 -27.222439 3.545550 -44.233214 26.268934 -3.654203 -54.650815 4.186381 41.518080 19.154303 17.658705 -66.095806 19.286608 11.306611 
0.000000 0.000000 0.000000 0.000000 0.000000 0.000000 0.000000 0.000000 0.000000 0.000000 0.000000 0.000000 0.000000 0.000000 0.000000 0.000000 0.000000 0.000000 0.000000 0.000000 0.000000 0.000000 0.000000 0.000000 0.000000 0.000000 0.000000 0.000000 0.000000 0.000000 0.000000 0.000000 0.000000 0.000000 0.000000 0.000000 0.000000 0.000000 0.000000 0.000000 0.000000 0.000000 0.000000 0.000000 0.000000 0.000000 0.000000 0.000000 0.000000 0.000000 0.000000 0.000000 0.000000 0.000000 0.000000 0.000000 0.000000 0.000000 0.000000 0.000000 0.000000 0.000000 0.000000 0.000000 0.000000 0.000000 0.000000 0.000000 0.000000 0.000000 0.000000 0.000000 0.000000 0.000000 0.000000 0.000000 0.000000 0.000000 0.000000 0.000000 0.000000 0.000000 0.000000 0.000000 0.000000 0.000000 0.000000 0.000000 0.000000 0.000000 0.000000 0.000000 0.000000 0.000000 0.000000 0.000000 0.000000 0.000000 0.000000 0.000000 0.000000 0.000000 0.000000 0.000000 0.000000 0.000000 0.000000 0.000000 0.000000 0.000000 0.000000 0.000000 0.000000 0.000000 0.000000 0.000000 0.000000 0.000000 0.000000 0.000000 0.000000 0.000000 0.000000 0.000000 0.000000 0.000000 0.000000 0.000000 0.000000 0.000000 0.000000 0.000000 0.000000 0.000000 0.000000 0.000000 0.000000 0.000000 0.000000 0.000000 0.000000 0.000000 0.000000 0.000000 0.000000 0.000000 0.000000 0.000000 0.000000 0.000000 0.000000 0.000000 0.000000 0.000000 0.000000 0.000000 0.000000 0.000000 0.000000 0.000000 0.000000 0.000000 0.000000 0.000000 0.000000 0.000000 0.000000 0.000000 0.000000 0.000000 0.000000 0.000000 0.000000 0.000000 0.000000 -213.646235 -328.534404 -70.680240 -141.564854 -108.200849 374.085878 -64.629571 -36.613562 -90.296729 52.874879 -26.431500 -153.533106 -119.891527 12.609291 -204.221228 128.755345 -15.808840 -246.025727 19.749429 191.926728 89.963396 87.264130 -300.045818 83.462246 56.072742 
0.000000 0.000000 0.000000 0.000000 0.000000 0.000000 0.000000 0.000000 0.000000 0.000000 0.000000 0.000000 0.000000 0.000000 0.000000 0.000000 0.000000 0.000000 0.000000 0.000000 0.000000 0.000000 0.000000 0.000000 0.000000 0.000000 0.000000 0.000000 0.000000 0.000000 0.000000 0.000000 0.000000 0.000000 0.000000 0.000000 0.000000 0.000000 0.000000 0.000000 0.000000 0.000000 0.000000 0.000000 0.000000 0.000000 0.000000 0.000000 0.000000 0.000000 0.000000 0.000000 0.000000 0.000000 0.000000 0.000000 0.000000 0.000000 0.000000 0.000000 0.000000 0.000000 0.000000 0.000000 0.000000 0.000000 0.000000 0.000000 0.000000 0.000000 0.000000 0.000000 0.000000 0.000000 0.000000 0.000000 0.000000 0.000000 0.000000 0.000000 0.000000 0.000000 0.000000 0.000000 0.000000 0.000000 0.000000 0.000000 0.000000 0.000000 0.000000 0.000000 0.000000 0.000000 0.000000 0.000000 0.000000 0.000000 0.000000 0.000000 0.000000 0.000000 0.000000 0.000000 0.000000 0.000000 0.000000 0.000000 0.000000 0.000000 0.000000 0.000000 0.000000 0.000000 0.000000 0.000000 0.000000 0.000000 0.000000 0.000000 0.000000 0.000000 0.000000 0.000000 0.000000 0.000000 0.000000 0.000000 0.000000 0.000000 0.000000 0.000000 0.000000 0.000000 0.000000 0.000000 0.000000 0.000000 0.000000 0.000000 0.000000 0.000000 0.000000 0.000000 0.000000 0.000000 0.000000 0.000000 0.000000 0.000000 0.000000 0.000000 0.000000 0.000000 0.000000 0.000000 0.000000 0.000000 0.000000 0.000000 0.000000 0.000000 0.000000 0.000000 0.000000 0.000000 0.000000 0.000000 0.000000 0.000000 0.000000 0.000000 0.000000 0.000000 0.000000 0.000000 17.117805 -50.128880 -7.159962 -19.620638 21.710018 -31.876332 -19.058132 -17.986982 31.375741 -8.745504 -7.714166 32.148176 -13.167868 -6.212736 -2.226352 1.917329 -48.332751 -8.385325 36.648474 14.557036 19.587829 -18.365072 -11.160946 11.691157 
0.000000 0.000000 0.000000 0.000000 0.000000 0.000000 0.000000 0.000000 0.000000 0.000000 0.000000 0.000000 0.000000 0.000000 0.000000 0.000000 0.000000 0.000000 0.000000 0.000000 0.000000 0.000000 0.000000 0.000000 0.000000 0.000000 0.000000 0.000000 0.000000 0.000000 0.000000 0.000000 0.000000 0.000000 0.000000 0.000000 0.000000 0.000000 0.000000 0.000000 0.000000 0.000000 0.000000 0.000000 0.000000 0.000000 0.000000 0.000000 0.000000 0.000000 0.000000 0.000000 0.000000 0.000000 0.000000 0.000000 0.000000 0.000000 0.000000 0.000000 0.000000 0.000000 0.000000 0.000000 0.000000 0.000000 0.000000 0.000000 0.000000 0.000000 0.000000 0.000000 0.000000 0.000000 0.000000 0.000000 0.000000 0.000000 0.000000 0.000000 0.000000 0.000000 0.000000 0.000000 0.000000 0.000000 0.000000 0.000000 0.000000 0.000000 0.000000 0.000000 0.000000 0.000000 0.000000 0.000000 0.000000 0.000000 0.000000 0.000000 0.000000 0.000000 0.000000 0.000000 0.000000 0.000000 0.000000 0.000000 0.000000 0.000000 0.000000 0.000000 0.000000 0.000000 0.000000 0.000000 0.000000 0.000000 0.000000 0.000000 0.000000 0.000000 0.000000 0.000000 0.000000 0.000000 0.000000 0.000000 0.000000 0.000000 0.000000 0.000000 0.000000 0.000000 0.000000 0.000000 0.000000 0.000000 0.000000 0.000000 0.000000 0.000000 0.000000 0.000000 0.000000 0.000000 0.000000 0.000000 0.000000 0.000000 0.000000 0.000000 0.000000 0.000000 0.000000 0.000000 0.000000 0.000000 0.000000 0.000000 0.000000 0.000000 0.000000 0.000000 0.000000 0.000000 0.000000 0.000000 0.000000 0.000000 0.000000 0.000000 0.000000 0.000000 0.000000 0.000000 0.000000 1.827268 16.107641 -1.503936 -15.107566 -4.888697 12.898025 -13.403726 10.333442 8.036778 9.665612 16.202458 4.060330 9.630701 -2.563653 3.236027 -10.285111 -17.076632 -20.217873 -3.941212 -12.021668 -16.434031 9.888045 5.332261 
0.000000 0.000000 0.000000 0.000000 0.000000 0.000000 0.000000 0.000000 0.000000 0.000000 0.000000 0.000000 0.000000 0.000000 0.000000 0.000000 0.000000 0.000000 0.000000 0.000000 0.000000 0.000000 0.000000 0.000000 0.000000 0.000000 0.000000 0.000000 0.000000 0.000000 0.000000 0.000000 0.000000 0.000000 0.000000 0.000000 0.000000 0.000000 0.000000 0.000000 0.000000 0.000000 0.000000 0.000000 0.000000 0.000000 0.000000 0.000000 0.000000 0.000000 0.000000 0.000000 0.000000 0.000000 0.000000 0.000000 0.000000 0.000000 0.000000 0.000000 0.000000 0.000000 0.000000 0.000000 0.000000 0.000000 0.000000 0.000000 0.000000 0.000000 0.000000 0.000000 0.000000 0.000000 0.000000 0.000000 0.000000 0.000000 0.000000 0.000000 0.000000 0.000000 0.000000 0.000000 0.000000 0.000000 0.000000 0.000000 0.000000 0.000000 0.000000 0.000000 0.000000 0.000000 0.000000 0.000000 0.000000 0.000000 0.000000 0.000000 0.000000 0.000000 0.000000 0.000000 0.000000 0.000000 0.000000 0.000000 0.000000 0.000000 0.000000 0.000000 0.000000 0.000000 0.000000 0.000000 0.000000 0.000000 0.000000 0.000000 0.000000 0.000000 0.000000 0.000000 0.000000 0.000000 0.000000 0.000000 0.000000 0.000000 0.000000 0.000000 0.000000 0.000000 0.000000 0.000000 0.000000 0.000000 0.000000 0.000000 0.000000 0.000000 0.000000 0.000000 0.000000 0.000000 0.000000 0.000000 0.000000 0.000000 0.000000 0.000000 0.000000 0.000000 0.000000 0.000000 0.000000 0.000000 0.000000 0.000000 0.000000 0.000000 0.000000 0.000000 0.000000 0.000000 0.000000 0.000000 0.000000 0.000000 0.000000 0.000000 0.000000 0.000000 0.000000 0.000000 0.000000 0.000000 380.895765 -50.064528 -343.107498 -145.728633 288.458002 -338.223695 272.258012 182.936777 228.569085 414.680239 81.262752 220.839438 -64.589749 79.422341 -300.509418 -411.742612 -449.349720 -83.290425 -266.958742 -414.109852 237.570119 144.718798 
0.000000 0.000000 0.000000 0.000000 0.000000 0.000000 0.000000 0.000000 0.000000 0.000000 0.000000 0.000000 0.000000 0.000000 0.000000 0.000000 0.000000 0.000000 0.000000 0.000000 0.000000 0.000000 0.000000 0.000000 0.000000 0.000000 0.000000 0.000000 0.000000 0.000000 0.000000 0.000000 0.000000 0.000000 0.000000 0.000000 0.000000 0.000000 0.000000 0.000000 0.000000 0.000000 0.000000 0.000000 0.000000 0.000000 0.000000 0.000000 0.000000 0.000000 0.000000 0.000000 0.000000 0.000000 0.000000 0.000000 0.000000 0.000000 0.000000 0.000000 0.000000 0.000000 0.000000 0.000000 0.000000 0.000000 0.000000 0.000000 0.000000 0.000000 0.000000 0.000000 0.000000 0.000000 0.000000 0.000000 0.000000 0.000000 0.000000 0.000000 0.000000 0.000000 0.000000 0.000000 0.000000 0.000000 0.000000 0.000000 0.000000 0.000000 0.000000 0.000000 0.000000 0.000000 0.000000 0.000000 0.000000 0.000000 0.000000 0.000000 0.000000 0.000000 0.000000 0.000000 0.000000 0.000000 0.000000 0.000000 0.000000 0.000000 0.000000 0.000000 0.000000 0.000000 0.000000 0.000000 0.000000 0.000000 0.000000 0.000000 0.000000 0.000000 0.000000 0.000000 0.000000 0.000000 0.000000 0.000000 0.000000 0.000000 0.000000 0.000000 0.000000 0.000000 0.000000 0.000000 0.000000 0.000000 0.000000 0.000000 0.000000 0.000000 0.000000 0.000000 0.000000 0.000000 0.000000 0.000000 0.000000 0.000000 0.000000 0.000000 0.000000 0.000000 0.000000 0.000000 0.000000 0.000000 0.000000 0.000000 0.000000 0.000000 0.000000 0.000000 0.000000 0.000000 0.000000 0.000000 0.000000 0.000000 0.000000 0.000000 0.000000 0.000000 0.000000 0.000000 0.000000 0.000000 0.000000 -4.662389 -14.851425 -0.643536 -7.703357 -1.242108 3.687541 -7.084043 1.016138 -10.886461 5.391812 -10.406004 -6.285720 6.214666 -4.321728 -4.008074 -4.900694 4.548350 6.289512 -8.341725 15.178204 -6.006494 
0.000000 0.000000 0.000000 0.000000 0.000000 0.000000 0.000000 0.000000 0.000000 0.000000 0.000000 0.000000 0.000000 0.000000 0.000000 0.000000 0.000000 0.000000 0.000000 0.000000 0.000000 0.000000 0.000000 0.000000 0.000000 0.000000 0.000000 0.000000 0.000000 0.000000 0.000000 0.000000 0.000000 0.000000 0.000000 0.000000 0.000000 0.000000 0.000000 0.000000 0.000000 0.000000 0.000000 0.000000 0.000000 0.000000 0.000000 0.000000 0.000000 0.000000 0.000000 0.000000 0.000000 0.000000 0.000000 0.000000 0.000000 0.000000 0.000000 0.000000 0.000000 0.000000 0.000000 0.000000 0.000000 0.000000 0.000000 0.000000 0.000000 0.000000 0.000000 0.000000 0.000000 0.000000 0.000000 0.000000 0.000000 0.000000 0.000000 0.000000 0.000000 0.000000 0.000000 0.000000 0.000000 0.000000 0.000000 0.000000 0.000000 0.000000 0.000000 0.000000 0.000000 0.000000 0.000000 0.000000 0.000000 0.000000 0.000000 0.000000 0.000000 0.000000 0.000000 0.000000 0.000000 0.000000 0.000000 0.000000 0.000000 0.000000 0.000000 0.000000 0.000000 0.000000 0.000000 0.000000 0.000000 0.000000 0.000000 0.000000 0.000000 0.000000 0.000000 0.000000 0.000000 0.000000 0.000000 0.000000 0.000000 0.000000 0.000000 0.000000 0.000000 0.000000 0.000000 0.000000 0.000000 0.000000 0.000000 0.000000 0.000000 0.000000 0.000000 0.000000 0.000000 0.000000 0.000000 0.000000 0.000000 0.000000 0.000000 0.000000 0.000000 0.000000 0.000000 0.000000 0.000000 0.000000 0.000000 0.000000 0.000000 0.000000 0.000000 0.000000 0.000000 0.000000 0.000000 0.000000 0.000000 0.000000 0.000000 0.000000 0.000000 0.000000 0.000000 0.000000 0.000000 0.000000 0.000000 0.000000 4.131039 -4.215201 7.256315 -4.273430 -2.149620 10.965614 2.911841 21.858634 -9.427779 12.579256 -2.572138 -4.039797 -15.019138 8.743099 3.776004 -13.071165 -5.650405 6.570979 -8.273781 25.508576 
0.000000 0.000000 0.000000 0.000000 0.000000 0.000000 0.000000 0.000000 0.000000 0.000000 0.000000 0.000000 0.000000 0.000000 0.000000 0.000000 0.000000 0.000000 0.000000 0.000000 0.000000 0.000000 0.000000 0.000000 0.000000 0.000000 0.000000 0.000000 0.000000 0.000000 0.000000 0.000000 0.000000 0.000000 0.000000 0.000000 0.000000 0.000000 0.000000 0.000000 0.000000 0.000000 0.000000 0.000000 0.000000 0.000000 0.000000 0.000000 0.000000 0.000000 0.000000 0.000000 0.000000 0.000000 0.000000 0.000000 0.000000 0.000000 0.000000 0.000000 0.000000 0.000000 0.000000 0.000000 0.000000 0.000000 0.000000 0.000000 0.000000 0.000000 0.000000 0.000000 0.000000 0.000000 0.000000 0.000000 0.000000 0.000000 0.000000 0.000000 0.000000 0.000000 0.000000 0.000000 0.000000 0.000000 0.000000 0.000000 0.000000 0.000000 0.000000 0.000000 0.000000 0.000000 0.000000 0.000000 0.000000 0.000000 0.000000 0.000000 0.000000 0.000000 0.000000 0.000000 0.000000 0.000000 0.000000 0.000000 0.000000 0.000000 0.000000 0.000000 0.000000 0.000000 0.000000 0.000000 0.000000 0.000000 0.000000 0.000000 0.000000 0.000000 0.000000 0.000000 0.000000 0.000000 0.000000 0.000000 0.000000 0.000000 0.000000 0.000000 0.000000 0.000000 0.000000 0.000000 0.000000 0.000000 0.000000 0.000000 0.000000 0.000000 0.000000 0.000000 0.000000 0.000000 0.000000 0.000000 0.000000 0.000000 0.000000 0.000000 0.000000 0.000000 0.000000 0.000000 0.000000 0.000000 0.000000 0.000000 0.000000 0.000000 0.000000 0.000000 0.000000 0.000000 0.000000 0.000000 0.000000 0.000000 0.000000 0.000000 0.000000 0.000000 0.000000 0.000000 0.000000 0.000000 0.000000 0.000000 0.000000 -2.330794 7.138090 -4.800338 -5.582655 10.979536 5.567383 38.485531 -17.822757 12.214041 -12.102763 -4.334090 -36.504141 6.101622 9.663169 -25.713916 0.260303 11.337061 -8.500096 55.836814 
0.000000 0.000000 0.000000 0.000000 0.000000 0.000000 0.000000 0.000000 0.000000 0.000000 0.000000 0.000000 0.000000 0.000000 0.000000 0.000000 0.000000 0.000000 0.000000 0.000000 0.000000 0.000000 0.000000 0.000000 0.000000 0.000000 0.000000 0.000000 0.000000 0.000000 0.000000 0.000000 0.000000 0.000000 0.000000 0.000000 0.000000 0.000000 0.000000 0.000000 0.000000 0.000000 0.000000 0.000000 0.000000 0.000000 0.000000 0.000000 0.000000 0.000000 0.000000 0.000000 0.000000 0.000000 0.000000 0.000000 0.000000 0.000000 0.000000 0.000000 0.000000 0.000000 0.000000 0.000000 0.000000 0.000000 0.000000 0.000000 0.000000 0.000000 0.000000 0.000000 0.000000 0.000000 0.000000 0.000000 0.000000 0.000000 0.000000 0.000000 0.000000 0.000000 0.000000 0.000000 0.000000 0.000000 0.000000 0.000000 0.000000 0.000000 0.000000 0.000000 0.000000 0.000000 0.000000 0.000000 0.000000 0.000000 0.000000 0.000000 0.000000 0.000000 0.000000 0.000000 0.000000 0.000000 0.000000 0.000000 0.000000 0.000000 0.000000 0.000000 0.000000 0.000000 0.000000 0.000000 0.000000 0.000000 0.000000 0.000000 0.000000 0.000000 0.000000 0.000000 0.000000 0.000000 0.000000 0.000000 0.000000 0.000000 0.000000 0.000000 0.000000 0.000000 0.000000 0.000000 0.000000 0.000000 0.000000 0.000000 0.000000 0.000000 0.000000 0.000000 0.000000 0.000000 0.000000 0.000000 0.000000 0.000000 0.000000 0.000000 0.000000 0.000000 0.000000 0.000000 0.000000 0.000000 0.000000 0.000000 0.000000 0.000000 0.000000 0.000000 0.000000 0.000000 0.000000 0.000000 0.000000 0.000000 0.000000 0.000000 0.000000 0.000000 0.000000 0.000000 0.000000 0.000000 0.000000 0.000000 0.000000 0.000000 -0.917312 -0.728234 -23.651269 27.946215 17.138125 165.313222 -88.039669 16.544796 -60.363679 -21.320938 -180.930677 21.483182 76.348233 -112.984046 40.072343 66.931970 -33.836224 266.610302 
0.000000 0.000000 0.000000 0.000000 0.000000 0.000000 0.000000 0.000000 0.000000 0.000000 0.000000 0.000000 0.000000 0.000000 0.000000 0.000000 0.000000 0.000000 0.000000 0.000000 0.000000 0.000000 0.000000 0.000000 0.000000 0.000000 0.000000 0.000000 0.000000 0.000000 0.000000 0.000000 0.000000 0.000000 0.000000 0.000000 0.000000 0.000000 0.000000 0.000000 0.000000 0.000000 0.000000 0.000000 0.000000 0.000000 0.000000 0.000000 0.000000 0.000000 0.000000 0.000000 0.000000 0.000000 0.000000 0.000000 0.000000 0.000000 0.000000 0.000000 0.000000 0.000000 0.000000 0.000000 0.000000 0.000000 0.000000 0.000000 0.000000 0.000000 0.000000 0.000000 0.000000 0.000000 0.000000 0.000000 0.000000 0.000000 0.000000 0.000000 0.000000 0.000000 0.000000 0.000000 0.000000 0.000000 0.000000 0.000000 0.000000 0.000000 0.000000 0.000000 0.000000 0.000000 0.000000 0.000000 0.000000 0.000000 0.000000 0.000000 0.000000 0.000000 0.000000 0.000000 0.000000 0.000000 0.000000 0.000000 0.000000 0.000000 0.000000 0.000000 0.000000 0.000000 0.000000 0.000000 0.000000 0.000000 0.000000 0.000000 0.000000 0.000000 0.000000 0.000000 0.000000 0.000000 0.000000 0.000000 0.000000 0.000000 0.000000 0.000000 0.000000 0.000000 0.000000 0.000000 0.000000 0.000000 0.000000 0.000000 0.000000 0.000000 0.000000 0.000000 0.000000 0.000000 0.000000 0.000000 0.000000 0.000000 0.000000 0.000000 0.000000 0.000000 0.000000 0.000000 0.000000 0.000000 0.000000 0.000000 0.000000 0.000000 0.000000 0.000000 0.000000 0.000000 0.000000 0.000000 0.000000 0.000000 0.000000 0.000000 0.000000 0.000000 0.000000 0.000000 0.000000 0.000000 0.000000 0.000000 0.000000 0.000000 0.000000 64.030011 1229.918938 -1458.336323 -893.334463 -8556.003101 4544.469543 -893.885006 3117.933418 1101.710966 9339.249799 -1091.797785 -3908.542043 5848.943421 -2031.299757 -3436.052738 1761.506340 -13776.474109 
0.000000 0.000000 0.000000 0.000000 0.000000 0.000000 0.000000 0.000000 0.000000 0.000000 0.000000 0.000000 0.000000 0.000000 0.000000 0.000000 0.000000 0.000000 0.000000 0.000000 0.000000 0.000000 0.000000 0.000000 0.000000 0.000000 0.000000 0.000000 0.000000 0.000000 0.000000 0.000000 0.000000 0.000000 0.000000 0.000000 0.000000 0.000000 0.000000 0.000000 0.000000 0.000000 0.000000 0.000000 0.000000 0.000000 0.000000 0.000000 0.000000 0.000000 0.000000 0.000000 0.000000 0.000000 0.000000 0.000000 0.000000 0.000000 0.000000 0.000000 0.000000 0.000000 0.000000 0.000000 0.000000 0.000000 0.000000 0.000000 0.000000 0.000000 0.000000 0.000000 0.000000 0.000000 0.000000 0.000000 0.000000 0.000000 0.000000 0.000000 0.000000 0.000000 0.000000 0.000000 0.000000 0.000000 0.000000 0.000000 0.000000 0.000000 0.000000 0.000000 0.000000 0.000000 0.000000 0.000000 0.000000 0.000000 0.000000 0.000000 0.000000 0.000000 0.000000 0.000000 0.000000 0.000000 0.000000 0.000000 0.000000 0.000000 0.000000 0.000000 0.000000 0.000000 0.000000 0.000000 0.000000 0.000000 0.000000 0.000000 0.000000 0.000000 0.000000 0.000000 0.000000 0.000000 0.000000 0.000000 0.000000 0.000000 0.000000 0.000000 0.000000 0.000000 0.000000 0.000000 0.000000 0.000000 0.000000 0.000000 0.000000 0.000000 0.000000 0.000000 0.000000 0.000000 0.000000 0.000000 0.000000 0.000000 0.000000 0.000000 0.000000 0.000000 0.000000 0.000000 0.000000 0.000000 0.000000 0.000000 0.000000 0.000000 0.000000 0.000000 0.000000 0.000000 0.000000 0.000000 0.000000 0.000000 0.000000 0.000000 0.000000 0.000000 0.000000 0.000000 0.000000 0.000000 0.000000 0.000000 0.000000 0.000000 0.000000 0.000000 227.010425 -257.307138 -169.055754 -1542.768364 814.880505 -152.266884 571.474059 208.148130 1688.588793 -208.755755 -712.347772 1054.504835 -369.915081 -631.305027 321.956396 -2480.835800 
0.000000 0.000000 0.000000 0.000000 0.000000 0.000000 0.000000 0.000000 0.000000 0.000000 0.000000 0.000000 0.000000 0.000000 0.000000 0.000000 0.000000 0.000000 0.000000 0.000000 0.000000 0.000000 0.000000 0.000000 0.000000 0.000000 0.000000 0.000000 0.000000 0.000000 0.000000 0.000000 0.000000 0.000000 0.000000 0.000000 0.000000 0.000000 0.000000 0.000000 0.000000 0.000000 0.000000 0.000000 0.000000 0.000000 0.000000 0.000000 0.000000 0.000000 0.000000 0.000000 0.000000 0.000000 0.000000 0.000000 0.000000 0.000000 0.000000 0.000000 0.000000 0.000000 0.000000 0.000000 0.000000 0.000000 0.000000 0.000000 0.000000 0.000000 0.000000 0.000000 0.000000 0.000000 0.000000 0.000000 0.000000 0.000000 0.000000 0.000000 0.000000 0.000000 0.000000 0.000000 0.000000 0.000000 0.000000 0.000000 0.000000 0.000000 0.000000 0.000000 0.000000 0.000000 0.000000 0.000000 0.000000 0.000000 0.000000 0.000000 0.000000 0.000000 0.000000 0.000000 0.000000 0.000000 0.000000 0.000000 0.000000 0.000000 0.000000 0.000000 0.000000 0.000000 0.000000 0.000000 0.000000 0.000000 0.000000 0.000000 0.000000 0.000000 0.000000 0.000000 0.000000 0.000000 0.000000 0.000000 0.000000 0.000000 0.000000 0.000000 0.000000 0.000000 0.000000 0.000000 0.000000 0.000000 0.000000 0.000000 0.000000 0.000000 0.000000 0.000000 0.000000 0.000000 0.000000 0.000000 0.000000 0.000000 0.000000 0.000000 0.000000 0.000000 0.000000 0.000000 0.000000 0.000000 0.000000 0.000000 0.000000 0.000000 0.000000 0.000000 0.000000 0.000000 0.000000 0.000000 0.000000 0.000000 0.000000 0.000000 0.000000 0.000000 0.000000 0.000000 0.000000 0.000000 0.000000 0.000000 0.000000 0.000000 0.000000 0.000000 0.000000 -15.692345 -3.326268 -33.992656 17.308387 -16.280030 -3.446894 -1.241325 13.901563 -13.147391 -0.873127 25.358341 7.069120 -18.386570 -1.081275 -43.287120 
0.000000 0.000000 0.000000 0.000000 0.000000 0.000000 0.000000 0.000000 0.000000 0.000000 0.000000 0.000000 0.000000 0.000000 0.000000 0.000000 0.000000 0.000000 0.000000 0.000000 0.000000 0.000000 0.000000 0.000000 0.000000 0.000000 0.000000 0.000000 0.000000 0.000000 0.000000 0.000000 0.000000 0.000000 0.000000 0.000000 0.000000 0.000000 0.000000 0.000000 0.000000 0.000000 0.000000 0.000000 0.000000 0.000000 0.000000 0.000000 0.000000 0.000000 0.000000 0.000000 0.000000 0.000000 0.000000 0.000000 0.000000 0.000000 0.000000 0.000000 0.000000 0.000000 0.000000 0.000000 0.000000 0.000000 0.000000 0.000000 0.000000 0.000000 0.000000 0.000000 0.000000 0.000000 0.000000 0.000000 0.000000 0.000000 0.000000 0.000000 0.000000 0.000000 0.000000 0.000000 0.000000 0.000000 0.000000 0.000000 0.000000 0.000000 0.000000 0.000000 0.000000 0.000000 0.000000 0.000000 0.000000 0.000000 0.000000 0.000000 0.000000 0.000000 0.000000 0.000000 0.000000 0.000000 0.000000 0.000000 0.000000 0.000000 0.000000 0.000000 0.000000 0.000000 0.000000 0.000000 0.000000 0.000000 0.000000 0.000000 0.000000 0.000000 0.000000 0.000000 0.000000 0.000000 0.000000 0.000000 0.000000 0.000000 0.000000 0.000000 0.000000 0.000000 0.000000 0.000000 0.000000 0.000000 0.000000 0.000000 0.000000 0.000000 0.000000 0.000000 0.000000 0.000000 0.000000 0.000000 0.000000 0.000000 0.000000 0.000000 0.000000 0.000000 0.000000 0.000000 0.000000 0.000000 0.000000 0.000000 0.000000 0.000000 0.000000 0.000000 0.000000 0.000000 0.000000 0.000000 0.000000 0.000000 0.000000 0.000000 0.000000 0.000000 0.000000 0.000000 0.000000 0.000000 0.000000 0.000000 0.000000 0.000000 0.000000 0.000000 0.000000 0.000000 2.427624 3.672410 -3.310307 0.283476 4.111206 5.307040 2.470938 -2.015162 5.957427 -12.649641 -7.689565 0.474977 7.452897 6.160274 
0.000000 0.000000 0.000000 0.000000 0.000000 0.000000 0.000000 0.000000 0.000000 0.000000 0.000000 0.000000 0.000000 0.000000 0.000000 0.000000 0.000000 0.000000 0.000000 0.000000 0.000000 0.000000 0.000000 0.000000 0.000000 0.000000 0.000000 0.000000 0.000000 0.000000 0.000000 0.000000 0.000000 0.000000 0.000000 0.000000 0.000000 0.000000 0.000000 0.000000 0.000000 0.000000 0.000000 0.000000 0.000000 0.000000 0.000000 0.000000 0.000000 0.000000 0.000000 0.000000 0.000000 0.000000 0.000000 0.000000 0.000000 0.000000 0.000000 0.000000 0.000000 0.000000 0.000000 0.000000 0.000000 0.000000 0.000000 0.000000 0.000000 0.000000 0.000000 0.000000 0.000000 0.000000 0.000000 0.000000 0.000000 0.000000 0.000000 0.000000 0.000000 0.000000 0.000000 0.000000 0.000000 0.000000 0.000000 0.000000 0.000000 0.000000 0.000000 0.000000 0.000000 0.000000 0.000000 0.000000 0.000000 0.000000 0.000000 0.000000 0.000000 0.000000 0.000000 0.000000 0.000000 0.000000 0.000000 0.000000 0.000000 0.000000 0.000000 0.000000 0.000000 0.000000 0.000000 0.000000 0.000000 0.000000 0.000000 0.000000 0.000000 0.000000 0.000000 0.000000 0.000000 0.000000 0.000000 0.000000 0.000000 0.000000 0.000000 0.000000 0.000000 0.000000 0.000000 0.000000 0.000000 0.000000 0.000000 0.000000 0.000000 0.000000 0.000000 0.000000 0.000000 0.000000 0.000000 0.000000 0.000000 0.000000 0.000000 0.000000 0.000000 0.000000 0.000000 0.000000 0.000000 0.000000 0.000000 0.000000 0.000000 0.000000 0.000000 0.000000 0.000000 0.000000 0.000000 0.000000 0.000000 0.000000 0.000000 0.000000 0.000000 0.000000 0.000000 0.000000 0.000000 0.000000 0.000000 0.000000 0.000000 0.000000 0.000000 0.000000 0.000000 0.000000 0.000000 -33.214847 15.793007 8.596848 -4.865414 -1.661539 17.237177 11.010146 -25.557137 32.592933 14.612307 -6.008765 -4.651643 -42.629942 
0.000000 0.000000 0.000000 0.000000 0.000000 0.000000 0.000000 0.000000 0.000000 0.000000 0.000000 0.000000 0.000000 0.000000 0.000000 0.000000 0.000000 0.000000 0.000000 0.000000 0.000000 0.000000 0.000000 0.000000 0.000000 0.000000 0.000000 0.000000 0.000000 0.000000 0.000000 0.000000 0.000000 0.000000 0.000000 0.000000 0.000000 0.000000 0.000000 0.000000 0.000000 0.000000 0.000000 0.000000 0.000000 0.000000 0.000000 0.000000 0.000000 0.000000 0.000000 0.000000 0.000000 0.000000 0.000000 0.000000 0.000000 0.000000 0.000000 0.000000 0.000000 0.000000 0.000000 0.000000 0.000000 0.000000 0.000000 0.000000 0.000000 0.000000 0.000000 0.000000 0.000000 0.000000 0.000000 0.000000 0.000000 0.000000 0.000000 0.000000 0.000000 0.000000 0.000000 0.000000 0.000000 0.000000 0.000000 0.000000 0.000000 0.000000 0.000000 0.000000 0.000000 0.000000 0.000000 0.000000 0.000000 0.000000 0.000000 0.000000 0.000000 0.000000 0.000000 0.000000 0.000000 0.000000 0.000000 0.000000 0.000000 0.000000 0.000000 0.000000 0.000000 0.000000 0.000000 0.000000 0.000000 0.000000 0.000000 0.000000 0.000000 0.000000 0.000000 0.000000 0.000000 0.000000 0.000000 0.000000 0.000000 0.000000 0.000000 0.000000 0.000000 0.000000 0.000000 0.000000 0.000000 0.000000 0.000000 0.000000 0.000000 0.000000 0.000000 0.000000 0.000000 0.000000 0.000000 0.000000 0.000000 0.000000 0.000000 0.000000 0.000000 0.000000 0.000000 0.000000 0.000000 0.000000 0.000000 0.000000 0.000000 0.000000 0.000000 0.000000 0.000000 0.000000 0.000000 0.000000 0.000000 0.000000 0.000000 0.000000 0.000000 0.000000 0.000000 0.000000 0.000000 0.000000 0.000000 0.000000 0.000000 0.000000 0.000000 0.000000 0.000000 0.000000 0.000000 0.000000 0.119521 -1.348969 -3.516260 -5.773381 1.351877 4.507789 3.771247 3.003041 -4.106779 -3.904613 2.310480 -5.833906 
0.000000 0.000000 0.000000 0.000000 0.000000 0.000000 0.000000 0.000000 0.000000 0.000000 0.000000 0.000000 0.000000 0.000000 0.000000 0.000000 0.000000 0.000000 0.000000 0.000000 0.000000 0.000000 0.000000 0.000000 0.000000 0.000000 0.000000 0.000000 0.000000 0.000000 0.000000 0.000000 0.000000 0.000000 0.000000 0.000000 0.000000 0.000000 0.000000 0.000000 0.000000 0.000000 0.000000 0.000000 0.000000 0.000000 0.000000 0.000000 0.000000 0.000000 0.000000 0.000000 0.000000 0.000000 0.000000 0.000000 0.000000 0.000000 0.000000 0.000000 0.000000 0.000000 0.000000 0.000000 0.000000 0.000000 0.000000 0.000000 0.000000 0.000000 0.000000 0.000000 0.000000 0.000000 0.000000 0.000000 0.000000 0.000000 0.000000 0.000000 0.000000 0.000000 0.000000 0.000000 0.000000 0.000000 0.000000 0.000000 0.000000 0.000000 0.000000 0.000000 0.000000 0.000000 0.000000 0.000000 0.000000 0.000000 0.000000 0.000000 0.000000 0.000000 0.000000 0.000000 0.000000 0.000000 0.000000 0.000000 0.000000 0.000000 0.000000 0.000000 0.000000 0.000000 0.000000 0.000000 0.000000 0.000000 0.000000 0.000000 0.000000 0.000000 0.000000 0.000000 0.000000 0.000000 0.000000 0.000000 0.000000 0.000000 0.000000 0.000000 0.000000 0.000000 0.000000 0.000000 0.000000 0.000000 0.000000 0.000000 0.000000 0.000000 0.000000 0.000000 0.000000 0.000000 0.000000 0.000000 0.000000 0.000000 0.000000 0.000000 0.000000 0.000000 0.000000 0.000000 0.000000 0.000000 0.000000 0.000000 0.000000 0.000000 0.000000 0.000000 0.000000 0.000000 0.000000 0.000000 0.000000 0.000000 0.000000 0.000000 0.000000 0.000000 0.000000 0.000000 0.000000 0.000000 0.000000 0.000000 0.000000 0.000000 0.000000 0.000000 0.000000 0.000000 0.000000 0.000000 0.000000 -8.205935 13.662192 38.425606 -37.353513 -36.321246 -18.476514 -13.873715 50.178021 33.936954 -33.189342 58.708599 
0.000000 0.000000 0.000000 0.000000 0.000000 0.000000 0.000000 0.000000 0.000000 0.000000 0.000000 0.000000 0.000000 0.000000 0.000000 0.000000 0.000000 0.000000 0.000000 0.000000 0.000000 0.000000 0.000000 0.000000 0.000000 0.000000 0.000000 0.000000 0.000000 0.000000 0.000000 0.000000 0.000000 0.000000 0.000000 0.000000 0.000000 0.000000 0.000000 0.000000 0.000000 0.000000 0.000000 0.000000 0.000000 0.000000 0.000000 0.000000 0.000000 0.000000 0.000000 0.000000 0.000000 0.000000 0.000000 0.000000 0.000000 0.000000 0.000000 0.000000 0.000000 0.000000 0.000000 0.000000 0.000000 0.000000 0.000000 0.000000 0.000000 0.000000 0.000000 0.000000 0.000000 0.000000 0.000000 0.000000 0.000000 0.000000 0.000000 0.000000 0.000000 0.000000 0.000000 0.000000 0.000000 0.000000 0.000000 0.000000 0.000000 0.000000 0.000000 0.000000 0.000000 0.000000 0.000000 0.000000 0.000000 0.000000 0.000000 0.000000 0.000000 0.000000 0.000000 0.000000 0.000000 0.000000 0.000000 0.000000 0.000000 0.000000 0.000000 0.000000 0.000000 0.000000 0.000000 0.000000 0.000000 0.000000 0.000000 0.000000 0.000000 0.000000 0.000000 0.000000 0.000000 0.000000 0.000000 0.000000 0.000000 0.000000 0.000000 0.000000 0.000000 0.000000 0.000000 0.000000 0.000000 0.000000 0.000000 0.000000 0.000000 0.000000 0.000000 0.000000 0.000000 0.000000 0.000000 0.000000 0.000000 0.000000 0.000000 0.000000 0.000000 0.000000 0.000000 0.000000 0.000000 0.000000 0.000000 0.000000 0.000000 0.000000 0.000000 0.000000 0.000000 0.000000 0.000000 0.000000 0.000000 0.000000 0.000000 0.000000 0.000000 0.000000 0.000000 0.000000 0.000000 0.000000 0.000000 0.000000 0.000000 0.000000 0.000000 0.000000 0.000000 0.000000 0.000000 0.000000 0.000000 0.000000 68.063401 154.401863 -112.464635 -124.552775 -90.206752 -50.322468 172.588116 116.159147 -112.241314 202.009262 
0.000000 0.000000 0.000000 0.000000 0.000000 0.000000 0.000000 0.000000 0.000000 0.000000 0.000000 0.000000 0.000000 0.000000 0.000000 0.000000 0.000000 0.000000 0.000000 0.000000 0.000000 0.000000 0.000000 0.000000 0.000000 0.000000 0.000000 0.000000 0.000000 0.000000 0.000000 0.000000 0.000000 0.000000 0.000000 0.000000 0.000000 0.000000 0.000000 0.000000 0.000000 0.000000 0.000000 0.000000 0.000000 0.000000 0.000000 0.000000 0.000000 0.000000 0.000000 0.000000 0.000000 0.000000 0.000000 0.000000 0.000000 0.000000 0.000000 0.000000 0.000000 0.000000 0.000000 0.000000 0.000000 0.000000 0.000000 0.000000 0.000000 0.000000 0.000000 0.000000 0.000000 0.000000 0.000000 0.000000 0.000000 0.000000 0.000000 0.000000 0.000000 0.000000 0.000000 0.000000 0.000000 0.000000 0.000000 0.000000 0.000000 0.000000 0.000000 0.000000 0.000000 0.000000 0.000000 0.000000 0.000000 0.000000 0.000000 0.000000 0.000000 0.000000 0.000000 0.000000 0.000000 0.000000 0.000000 0.000000 0.000000 0.000000 0.000000 0.000000 0.000000 0.000000 0.000000 0.000000 0.000000 0.000000 0.000000 0.000000 0.000000 0.000000 0.000000 0.000000 0.000000 0.000000 0.000000 0.000000 0.000000 0.000000 0.000000 0.000000 0.000000 0.000000 0.000000 0.000000 0.000000 0.000000 0.000000 0.000000 0.000000 0.000000 0.000000 0.000000 0.000000 0.000000 0.000000 0.000000 0.000000 0.000000 0.000000 0.000000 0.000000 0.000000 0.000000 0.000000 0.000000 0.000000 0.000000 0.000000 0.000000 0.000000 0.000000 0.000000 0.000000 0.000000 0.000000 0.000000 0.000000 0.000000 0.000000 0.000000 0.000000 0.000000 0.000000 0.000000 0.000000 0.000000 0.000000 0.000000 0.000000 0.000000 0.000000 0.000000 0.000000 0.000000 0.000000 0.000000 0.000000 0.000000 0.000000 -18.255907 8.247550 -25.235481 -25.452776 -6.315120 5.077526 25.516628 -8.676269 -11.647501 
0.000000 0.000000 0.000000 0.000000 0.000000 0.000000 0.000000 0.000000 0.000000 0.000000 0.000000 0.000000 0.000000 0.000000 0.000000 0.000000 0.000000 0.000000 0.000000 0.000000 0.000000 0.000000 0.000000 0.000000 0.000000 0.000000 0.000000 0.000000 0.000000 0.000000 0.000000 0.000000 0.000000 0.000000 0.000000 0.000000 0.000000 0.000000 0.000000 0.000000 0.000000 0.000000 0.000000 0.000000 0.000000 0.000000 0.000000 0.000000 0.000000 0.000000 0.000000 0.000000 0.000000 0.000000 0.000000 0.000000 0.000000 0.000000 0.000000 0.000000 0.000000 0.000000 0.000000 0.000000 0.000000 0.000000 0.000000 0.000000 0.000000 0.000000 0.000000 0.000000 0.000000 0.000000 0.000000 0.000000 0.000000 0.000000 0.000000 0.000000 0.000000 0.000000 0.000000 0.000000 0.000000 0.000000 0.000000 0.000000 0.000000 0.000000 0.000000 0.000000 0.000000 0.000000 0.000000 0.000000 0.000000 0.000000 0.000000 0.000000 0.000000 0.000000 0.000000 0.000000 0.000000 0.000000 0.000000 0.000000 0.000000 0.000000 0.000000 0.000000 0.000000 0.000000 0.000000 0.000000 0.000000 0.000000 0.000000 0.000000 0.000000 0.000000 0.000000 0.000000 0.000000 0.000000 0.000000 0.000000 0.000000 0.000000 0.000000 0.000000 0.000000 0.000000 0.000000 0.000000 0.000000 0.000000 0.000000 0.000000 0.000000 0.000000 0.000000 0.000000 0.000000 0.000000 0.000000 0.000000 0.000000 0.000000 0.000000 0.000000 0.000000 0.000000 0.000000 0.000000 0.000000 0.000000 0.000000 0.000000 0.000000 0.000000 0.000000 0.000000 0.000000 0.000000 0.000000 0.000000 0.000000 0.000000 0.000000 0.000000 0.000000 0.000000 0.000000 0.000000 0.000000 0.000000 0.000000 0.000000 0.000000 0.000000 0.000000 0.000000 0.000000 0.000000 0.000000 0.000000 0.000000 0.000000 0.000000 0.000000 -183.556877 -353.635841 -343.786440 -47.316774 369.511066 368.193001 -275.655015 192.235722 
0.000000 0.000000 0.000000 0.000000 0.000000 0.000000 0.000000 0.000000 0.000000 0.000000 0.000000 0.000000 0.000000 0.000000 0.000000 0.000000 0.000000 0.000000 0.000000 0.000000 0.000000 0.000000 0.000000 0.000000 0.000000 0.000000 0.000000 0.000000 0.000000 0.000000 0.000000 0.000000 0.000000 0.000000 0.000000 0.000000 0.000000 0.000000 0.000000 0.000000 0.000000 0.000000 0.000000 0.000000 0.000000 0.000000 0.000000 0.000000 0.000000 0.000000 0.000000 0.000000 0.000000 0.000000 0.000000 0.000000 0.000000 0.000000 0.000000 0.000000 0.000000 0.000000 0.000000 0.000000 0.000000 0.000000 0.000000 0.000000 0.000000 0.000000 0.000000 0.000000 0.000000 0.000000 0.000000 0.000000 0.000000 0.000000 0.000000 0.000000 0.000000 0.000000 0.000000 0.000000 0.000000 0.000000 0.000000 0.000000 0.000000 0.000000 0.000000 0.000000 0.000000 0.000000 0.000000 0.000000 0.000000 0.000000 0.000000 0.000000 0.000000 0.000000 0.000000 0.000000 0.000000 0.000000 0.000000 0.000000 0.000000 0.000000 0.000000 0.000000 0.000000 0.000000 0.000000 0.000000 0.000000 0.000000 0.000000 0.000000 0.000000 0.000000 0.000000 0.000000 0.000000 0.000000 0.000000 0.000000 0.000000 0.000000 0.000000 0.000000 0.000000 0.000000 0.000000 0.000000 0.000000 0.000000 0.000000 0.000000 0.000000 0.000000 0.000000 0.000000 0.000000 0.000000 0.000000 0.000000 0.000000 0.000000 0.000000 0.000000 0.000000 0.000000 0.000000 0.000000 0.000000 0.000000 0.000000 0.000000 0.000000 0.000000 0.000000 0.000000 0.000000 0.000000 0.000000 0.000000 0.000000 0.000000 0.000000 0.000000 0.000000 0.000000 0.000000 0.000000 0.000000 0.000000 0.000000 0.000000 0.000000 0.000000 0.000000 0.000000 0.000000 0.000000 0.000000 0.000000 0.000000 0.000000 0.000000 0.000000 0.000000 -112.728337 -40.018467 -53.987612 50.118235 81.853690 -11.355441 40.722123 
0.000000 0.000000 0.000000 0.000000 0.000000 0.000000 0.000000 0.000000 0.000000 0.000000 0.000000 0.000000 0.000000 0.000000 0.000000 0.000000 0.000000 0.000000 0.000000 0.000000 0.000000 0.000000 0.000000 0.000000 0.000000 0.000000 0.000000 0.000000 0.000000 0.000000 0.000000 0.000000 0.000000 0.000000 0.000000 0.000000 0.000000 0.000000 0.000000 0.000000 0.000000 0.000000 0.000000 0.000000 0.000000 0.000000 0.000000 0.000000 0.000000 0.000000 0.000000 0.000000 0.000000 0.000000 0.000000 0.000000 0.000000 0.000000 0.000000 0.000000 0.000000 0.000000 0.000000 0.000000 0.000000 0.000000 0.000000 0.000000 0.000000 0.000000 0.000000 0.000000 0.000000 0.000000 0.000000 0.000000 0.000000 0.000000 0.000000 0.000000 0.000000 0.000000 0.000000 0.000000 0.000000 0.000000 0.000000 0.000000 0.000000 0.000000 0.000000 0.000000 0.000000 0.000000 0.000000 0.000000 0.000000 0.000000 0.000000 0.000000 0.000000 0.000000 0.000000 0.000000 0.000000 0.000000 0.000000 0.000000 0.000000 0.000000 0.000000 0.000000 0.000000 0.000000 0.000000 0.000000 0.000000 0.000000 0.000000 0.000000 0.000000 0.000000 0.000000 0.000000 0.000000 0.000000 0.000000 0.000000 0.000000 0.000000 0.000000 0.000000 0.000000 0.000000 0.000000 0.000000 0.000000 0.000000 0.000000 0.000000 0.000000 0.000000 0.000000 0.000000 0.000000 0.000000 0.000000 0.000000 0.000000 0.000000 0.000000 0.000000 0.000000 0.000000 0.000000 0.000000 0.000000 0.000000 0.000000 0.000000 0.000000 0.000000 0.000000 0.000000 0.000000 0.000000 0.000000 0.000000 0.000000 0.000000 0.000000 0.000000 0.000000 0.000000 0.000000 0.000000 0.000000 0.000000 0.000000 0.000000 0.000000 0.000000 0.000000 0.000000 0.000000 0.000000 0.000000 0.000000 0.000000 0.000000 0.000000 0.000000 0.000000 0.000000 -16.426048 -10.774345 -2.008016 15.126233 -12.235248 -4.412400 
0.000000 0.000000 0.000000 0.000000 0.000000 0.000000 0.000000 0.000000 0.000000 0.000000 0.000000 0.000000 0.000000 0.000000 0.000000 0.000000 0.000000 0.000000 0.000000 0.000000 0.000000 0.000000 0.000000 0.000000 0.000000 0.000000 0.000000 0.000000 0.000000 0.000000 0.000000 0.000000 0.000000 0.000000 0.000000 0.000000 0.000000 0.000000 0.000000 0.000000 0.000000 0.000000 0.000000 0.000000 0.000000 0.000000 0.000000 0.000000 0.000000 0.000000 0.000000 0.000000 0.000000 0.000000 0.000000 0.000000 0.000000 0.000000 0.000000 0.000000 0.000000 0.000000 0.000000 0.000000 0.000000 0.000000 0.000000 0.000000 0.000000 0.000000 0.000000 0.000000 0.000000 0.000000 0.000000 0.000000 0.000000 0.000000 0.000000 0.000000 0.000000 0.000000 0.000000 0.000000 0.000000 0.000000 0.000000 0.000000 0.000000 0.000000 0.000000 0.000000 0.000000 0.000000 0.000000 0.000000 0.000000 0.000000 0.000000 0.000000 0.000000 0.000000 0.000000 0.000000 0.000000 0.000000 0.000000 0.000000 0.000000 0.000000 0.000000 0.000000 0.000000 0.000000 0.000000 0.000000 0.000000 0.000000 0.000000 0.000000 0.000000 0.000000 0.000000 0.000000 0.000000 0.000000 0.000000 0.000000 0.000000 0.000000 0.000000 0.000000 0.000000 0.000000 0.000000 0.000000 0.000000 0.000000 0.000000 0.000000 0.000000 0.000000 0.000000 0.000000 0.000000 0.000000 0.000000 0.000000 0.000000 0.000000 0.000000 0.000000 0.000000 0.000000 0.000000 0.000000 0.000000 0.000000 0.000000 0.000000 0.000000 0.000000 0.000000 0.000000 0.000000 0.000000 0.000000 0.000000 0.000000 0.000000 0.000000 0.000000 0.000000 0.000000 0.000000 0.000000 0.000000 0.000000 0.000000 0.000000 0.000000 0.000000 0.000000 0.000000 0.000000 0.000000 0.000000 0.000000 0.000000 0.000000 0.000000 0.000000 0.000000 0.000000 0.000000 -26.583613 -9.446879 19.986850 -17.864502 0.433933 
0.000000 0.000000 0.000000 0.000000 0.000000 0.000000 0.000000 0.000000 0.000000 0.000000 0.000000 0.000000 0.000000 0.000000 0.000000 0.000000 0.000000 0.000000 0.000000 0.000000 0.000000 0.000000 0.000000 0.000000 0.000000 0.000000 0.000000 0.000000 0.000000 0.000000 0.000000 0.000000 0.000000 0.000000 0.000000 0.000000 0.000000 0.000000 0.000000 0.000000 0.000000 0.000000 0.000000 0.000000 0.000000 0.000000 0.000000 0.000000 0.000000 0.000000 0.000000 0.000000 0.000000 0.000000 0.000000 0.000000 0.000000 0.000000 0.000000 0.000000 0.000000 0.000000 0.000000 0.000000 0.000000 0.000000 0.000000 0.000000 0.000000 0.000000 0.000000 0.000000 0.000000 0.000000 0.000000 0.000000 0.000000 0.000000 0.000000 0.000000 0.000000 0.000000 0.000000 0.000000 0.000000 0.000000 0.000000 0.000000 0.000000 0.000000 0.000000 0.000000 0.000000 0.000000 0.000000 0.000000 0.000000 0.000000 0.000000 0.000000 0.000000 0.000000 0.000000 0.000000 0.000000 0.000000 0.000000 0.000000 0.000000 0.000000 0.000000 0.000000 0.000000 0.000000 0.000000 0.000000 0.000000 0.000000 0.000000 0.000000 0.000000 0.000000 0.000000 0.000000 0.000000 0.000000 0.000000 0.000000 0.000000 0.000000 0.000000 0.000000 0.000000 0.000000 0.000000 0.000000 0.000000 0.000000 0.000000 0.000000 0.000000 0.000000 0.000000 0.000000 0.000000 0.000000 0.000000 0.000000 0.000000 0.000000 0.000000 0.000000 0.000000 0.000000 0.000000 0.000000 0.000000 0.000000 0.000000 0.000000 0.000000 0.000000 0.000000 0.000000 0.000000 0.000000 0.000000 0.000000 0.000000 0.000000 0.000000 0.000000 0.000000 0.000000 0.000000 0.000000 0.000000 0.000000 0.000000 0.000000 0.000000 0.000000 0.000000 0.000000 0.000000 0.000000 0.000000 0.000000 0.000000 0.000000 0.000000 0.000000 0.000000 0.000000 0.000000 0.000000 3.824608 13.286739 -2.135581 10.068534 
0.000000 0.000000 0.000000 0.000000 0.000000 0.000000 0.000000 0.000000 0.000000 0.000000 0.000000 0.000000 0.000000 0.000000 0.000000 0.000000 0.000000 0.000000 0.000000 0.000000 0.000000 0.000000 0.000000 0.000000 0.000000 0.000000 0.000000 0.000000 0.000000 0.000000 0.000000 0.000000 0.000000 0.000000 0.000000 0.000000 0.000000 0.000000 0.000000 0.000000 0.000000 0.000000 0.000000 0.000000 0.000000 0.000000 0.000000 0.000000 0.000000 0.000000 0.000000 0.000000 0.000000 0.000000 0.000000 0.000000 0.000000 0.000000 0.000000 0.000000 0.000000 0.000000 0.000000 0.000000 0.000000 0.000000 0.000000 0.000000 0.000000 0.000000 0.000000 0.000000 0.000000 0.000000 0.000000 0.000000 0.000000 0.000000 0.000000 0.000000 0.000000 0.000000 0.000000 0.000000 0.000000 0.000000 0.000000 0.000000 0.000000 0.000000 0.000000 0.000000 0.000000 0.000000 0.000000 0.000000 0.000000 0.000000 0.000000 0.000000 0.000000 0.000000 0.000000 0.000000 0.000000 0.000000 0.000000 0.000000 0.000000 0.000000 0.000000 0.000000 0.000000 0.000000 0.000000 0.000000 0.000000 0.000000 0.000000 0.000000 0.000000 0.000000 0.000000 0.000000 0.000000 0.000000 0.000000 0.000000 0.000000 0.000000 0.000000 0.000000 0.000000 0.000000 0.000000 0.000000 0.000000 0.000000 0.000000 0.000000 0.000000 0.000000 0.000000 0.000000 0.000000 0.000000 0.000000 0.000000 0.000000 0.000000 0.000000 0.000000 0.000000 0.000000 0.000000 0.000000 0.000000 0.000000 0.000000 0.000000 0.000000 0.000000 0.000000 0.000000 0.000000 0.000000 0.000000 0.000000 0.000000 0.000000 0.000000 0.000000 0.000000 0.000000 0.000000 0.000000 0.000000 0.000000 0.000000 0.000000 0.000000 0.000000 0.000000 0.000000 0.000000 0.000000 0.000000 0.000000 0.000000 0.000000 0.000000 0.000000 0.000000 0.000000 0.000000 0.000000 0.000000 9.356200 4.359658 -4.824073 
0.000000 0.000000 0.000000 0.000000 0.000000 0.000000 0.000000 0.000000 0.000000 0.000000 0.000000 0.000000 0.000000 0.000000 0.000000 0.000000 0.000000 0.000000 0.000000 0.000000 0.000000 0.000000 0.000000 0.000000 0.000000 0.000000 0.000000 0.000000 0.000000 0.000000 0.000000 0.000000 0.000000 0.000000 0.000000 0.000000 0.000000 0.000000 0.000000 0.000000 0.000000 0.000000 0.000000 0.000000 0.000000 0.000000 0.000000 0.000000 0.000000 0.000000 0.000000 0.000000 0.000000 0.000000 0.000000 0.000000 0.000000 0.000000 0.000000 0.000000 0.000000 0.000000 0.000000 0.000000 0.000000 0.000000 0.000000 0.000000 0.000000 0.000000 0.000000 0.000000 0.000000 0.000000 0.000000 0.000000 0.000000 0.000000 0.000000 0.000000 0.000000 0.000000 0.000000 0.000000 0.000000 0.000000 0.000000 0.000000 0.000000 0.000000 0.000000 0.000000 0.000000 0.000000 0.000000 0.000000 0.000000 0.000000 0.000000 0.000000 0.000000 0.000000 0.000000 0.000000 0.000000 0.000000 0.000000 0.000000 0.000000 0.000000 0.000000 0.000000 0.000000 0.000000 0.000000 0.000000 0.000000 0.000000 0.000000 0.000000 0.000000 0.000000 0.000000 0.000000 0.000000 0.000000 0.000000 0.000000 0.000000 0.000000 0.000000 0.000000 0.000000 0.000000 0.000000 0.000000 0.000000 0.000000 0.000000 0.000000 0.000000 0.000000 0.000000 0.000000 0.000000 0.000000 0.000000 0.000000 0.000000 0.000000 0.000000 0.000000 0.000000 0.000000 0.000000 0.000000 0.000000 0.000000 0.000000 0.000000 0.000000 0.000000 0.000000 0.000000 0.000000 0.000000 0.000000 0.000000 0.000000 0.000000 0.000000 0.000000 0.000000 0.000000 0.000000 0.000000 0.000000 0.000000 0.000000 0.000000 0.000000 0.000000 0.000000 0.000000 0.000000 0.000000 0.000000 0.000000 0.000000 0.000000 0.000000 0.000000 0.000000 0.000000 0.000000 0.000000 0.000000 0.000000 26.190186 -31.947565 
0.000000 0.000000 0.000000 0.000000 0.000000 0.000000 0.000000 0.000000 0.000000 0.000000 0.000000 0.000000 0.000000 0.000000 0.000000 0.000000 0.000000 0.000000 0.000000 0.000000 0.000000 0.000000 0.000000 0.000000 0.000000 0.000000 0.000000 0.000000 0.000000 0.000000 0.000000 0.000000 0.000000 0.000000 0.000000 0.000000 0.000000 0.000000 0.000000 0.000000 0.000000 0.000000 0.000000 0.000000 0.000000 0.000000 0.000000 0.000000 0.000000 0.000000 0.000000 0.000000 0.000000 0.000000 0.000000 0.000000 0.000000 0.000000 0.000000 0.000000 0.000000 0.000000 0.000000 0.000000 0.000000 0.000000 0.000000 0.000000 0.000000 0.000000 0.000000 0.000000 0.000000 0.000000 0.000000 0.000000 0.000000 0.000000 0.000000 0.000000 0.000000 0.000000 0.000000 0.000000 0.000000 0.000000 0.000000 0.000000 0.000000 0.000000 0.000000 0.000000 0.000000 0.000000 0.000000 0.000000 0.000000 0.000000 0.000000 0.000000 0.000000 0.000000 0.000000 0.000000 0.000000 0.000000 0.000000 0.000000 0.000000 0.000000 0.000000 0.000000 0.000000 0.000000 0.000000 0.000000 0.000000 0.000000 0.000000 0.000000 0.000000 0.000000 0.000000 0.000000 0.000000 0.000000 0.000000 0.000000 0.000000 0.000000 0.000000 0.000000 0.000000 0.000000 0.000000 0.000000 0.000000 0.000000 0.000000 0.000000 0.000000 0.000000 0.000000 0.000000 0.000000 0.000000 0.000000 0.000000 0.000000 0.000000 0.000000 0.000000 0.000000 0.000000 0.000000 0.000000 0.000000 0.000000 0.000000 0.000000 0.000000 0.000000 0.000000 0.000000 0.000000 0.000000 0.000000 0.000000 0.000000 0.000000 0.000000 0.000000 0.000000 0.000000 0.000000 0.000000 0.000000 0.000000 0.000000 0.000000 0.000000 0.000000 0.000000 0.000000 0.000000 0.000000 0.000000 0.000000 0.000000 0.000000 0.000000 0.000000 0.000000 0.000000 0.000000 0.000000 0.000000 0.000000 0.000000 30.143666 
81.852094
-17.337936
0.434417
111.027030
-210.805758
168.221854
22.370276
175.154432
-150.258935
44.894625
-116.326453
-143.818985
131.039627
-92.362667
0.345187
-49.001347
173.062429
-36.102254
38.203840
-11.767241
272.757166
-501.468336
-125.625988
45.335019
-177.675956
328.472137
6.687022
-137.000918
-88.008834
135.327660
-261.605272
134.608693
-236.486524
-54.632260
-84.293478
231.172261
80.730749
52.673704
151.998045
-48.471571
-343.808509
132.060458
-89.187165
173.285057
70.320663
5.673822
32.013325
-112.861064
79.714004
164.673704
9.390338
-5.519034
341.246074
-114.970960
-80.584433
-294.680223
-33.303302
-110.262362
289.427178
21.915886
-115.314023
83.646612
-70.445541
-65.906671
16.718718
85.402334
206.166244
-186.703666
199.077079
-138.668715
-220.135755
-174.990348
114.878089
-1.641720
-409.096544
-19.398722
-123.154506
169.431926
-75.242788
32.732127
26.545660
-24.797215
-103.411669
54.969799
-287.290614
140.347296
-44.309878
-77.286927
-34.160753
-61.811771
-128.877471
-26.659071
-16.583520
305.878973
-19.412826
-131.407220
-74.219701
-256.812577
140.826917
-134.690772
8.958034
-167.668763
-26.737125
-337.751157
20.575237
-135.594599
-84.443439
41.528749
10.622611
-120.131848
-229.979164
226.600373
270.377594
-287.160439
-461.227933
-145.101999
158.892085
9.301731
16.017730
167.916974
185.360066
-306.505813
-282.988536
183.022821
40.158074
38.780663
45.315679
102.733131
0.485274
303.167630
-55.406615
139.695077
192.333572
231.347232
-185.340313
-4.905679
-5.831270
-195.830214
151.925455
-135.641070
-69.429707
-187.810449
123.345329
53.148850
61.153044
175.159566
306.537317
63.783660
-392.505874
-13.528208
-174.084223
-159.664620
139.767656
-174.199226
-259.833266
-171.005360
32.777179
7.938944
-57.373463
-108.165725
-251.804245
125.715913
-264.054796
217.435534
-313.778456
-74.681207
183.905033
-44.428103
-105.025241
-6.727938
25.228130
193.219305
-99.527876
-300.553505
-127.359207
-163.273197
81.597516
58.630328
243.677392
-347.470821
42.047684
169.778481
32.919284
171.508452
-383.979590
84.205244
-74.137540
-99.128852
-228.153034
158.660715
34.086868
89.314109
-253.962990
-85.614069
133.908815
199.388665
-159.930393
118.345865
167.598719
-119.965248
